CUSTOMER_NUMBER,CCAT_CODE,REGION_CODE,REP_CODE,SETTLE_TERMS,NORMAL_PAYTERMS,DISCOUNT,CREDIT_LIMIT,REP_DESC,COMM_METHOD,COMMISSION,REP_DESC_CLEAN,REP_GROUP,PARAMETER,REGION_DESC,PROVINCE,CCAT_DESC,CCAT_GROUP
AACJ01,21,25b,ZZZ5,0,90,0,999999,Unknown,Unknown,,Unknown,Unknown,Unknown,Unknown,Unknown,Unknown,Unknown
AACJC1,21,25b,ZZZ5,0,120,0,999999,Unknown,Unknown,,Unknown,Unknown,Unknown,Unknown,Unknown,Unknown,Unknown
AACJC2,5,20a,CONS4,0,120,0,999999,CONSIGNMENTS BM,Gross Profit,0.5,CONSIGNMENT,Channel: Consignment,Unknown,Unknown,Unknown,Consignment,Channel: Consignment
AADPRG,6,21a,XX,0,120,0,999999,HOUSE CONSIGNMENTS,Gross Profit,0.0,CONSIGNMENT,Channel: Consignment,Unknown,Unknown,Unknown,Advertising Appro,Internal: Advertising
AAMI01,41,10a,02,0,120,0,2000,R,Sales,0.5,R,Sales Rep,Unknown,Durban,KwaZulu-Natal,Unknown,Unknown
AAVN01,21,25b,ZZZ5,0,120,0,500,Unknown,Unknown,,Unknown,Unknown,Unknown,Unknown,Unknown,Unknown,Unknown
ABHG01,49,10a,02,0,120,0,1500,R,Sales,0.5,R,Sales Rep,Unknown,Durban,KwaZulu-Natal,Unknown,Unknown
ABHG02,39,6a,04,0,120,0,2500,BM,Sales,0.5,BM,Sales Rep,Unknown,East Cape,Eastern Cape,Unknown,Unknown
ABHN01,49,10a,02,0,120,0,1500,R,Sales,0.5,R,Sales Rep,Unknown,Durban,KwaZulu-Natal,Unknown,Unknown
ABHN02,41,10a,02,0,30,0,500,R,Sales,0.5,R,Sales Rep,Unknown,Durban,KwaZulu-Natal,Unknown,Unknown
ABLA01,21,25b,ZZZ5,0,120,0,3000,Unknown,Unknown,,Unknown,Unknown,Unknown,Unknown,Unknown,Unknown,Unknown
ABLE01,21,25b,ZZZ,0,120,0,500,Unknown,Unknown,,Unknown,Unknown,Unknown,Unknown,Unknown,Unknown,Unknown
ABRC01,31,8a,06,0,120,0,3000,DA,Sales,0.0,DA,Sales Rep,Unknown,Gauteng E - Alberton/Benoni/Kempton,Gauteng,Unknown,Unknown
ABRD01,39,6a,04,0,120,0,2000,BM,Sales,0.5,BM,Sales Rep,Unknown,East Cape,Eastern Cape,Unknown,Unknown
ACHB01,4,1b,03,0,120,0,1000,BJ,Sales,0.5,BJ,Sales Rep,Unknown,Pretoria North/South/West,Gauteng,Unknown,Unknown
ACHBC1,5,20a,CON3S,0,120,0,999999,CONSIGNMENT BJ/STAND,Gross Profit,0.5,CONSIGNMENT,Channel: Consignment,Unknown,Unknown,Unknown,Consignment,Channel: Consignment
ACHD01,21,25b,ZZZ5,0,120,0,2000,Unknown,Unknown,,Unknown,Unknown,Unknown,Unknown,Unknown,Unknown,Unknown
ACHP01,14,3b,06,0,120,0,12000,DA,Sales,0.0,DA,Sales Rep,Unknown,Johannesburg CBD,Gauteng,Unknown,Unknown
ACHR01,20,25a,CITC,0,120,0,3000,C-  ITC,Sales,0.5,Unknown,Unclassified_Missing_Data,Unknown,Unknown,Unknown,Unknown,Unknown
ACHR02,4,1b,03,0,120,0,999999,BJ,Sales,0.5,BJ,Sales Rep,Unknown,Pretoria North/South/West,Gauteng,Unknown,Unknown
ACHT01,21,25b,ZZZ5,0,120,0,3000,Unknown,Unknown,,Unknown,Unknown,Unknown,Unknown,Unknown,Unknown,Unknown
ACHU01,20,25a,CITC,0,120,0,4000,C-  ITC,Sales,0.5,Unknown,Unclassified_Missing_Data,Unknown,Unknown,Unknown,Unknown,Unknown
ACHV01,43,3a,05,0,120,0,2500,RL,Sales,0.5,RL,Sales Rep,Unknown,Soweto/Lenasia,Gauteng,Unknown,Unknown
ACHVC1,5,20a,CONS5,0,30,0,999999,CONSIGNMENTS HO,Gross Profit,0.5,CONSIGNMENT,Channel: Consignment,Unknown,Unknown,Unknown,Consignment,Channel: Consignment
ACHVOC,21,25b,ZZZ5,0,120,0,999999,Unknown,Unknown,,Unknown,Unknown,Unknown,Unknown,Unknown,Unknown,Unknown
ACLS01,20,25a,ZZZ2,0,120,0,0,Unknown,Unknown,,Unknown,Unknown,Unknown,Unknown,Unknown,Unknown,Unknown
ACLS02,39,6a,02,0,30,0,10000,R,Sales,0.5,R,Sales Rep,Unknown,East Cape,Eastern Cape,Unknown,Unknown
ACLS03,37,11a,03,0,60,0,999999,BJ,Sales,0.5,BJ,Sales Rep,Unknown,Free State / Lesotho,Free State,Unknown,Unknown
ACLSC1,5,20a,ZZZ5,0,30,0,999999,Unknown,Unknown,,Unknown,Unknown,Unknown,Unknown,Unknown,Consignment,Channel: Consignment
ACLSOC,21,25b,ZZZ5,0,120,0,999999,Unknown,Unknown,,Unknown,Unknown,Unknown,Unknown,Unknown,Unknown,Unknown
ADIM01,45,2a,05,0,120,0,2000,RL,Sales,0.5,RL,Sales Rep,Unknown,Vaal Triangle,Gauteng,Unknown,Unknown
ADIMOC,5,20a,STAND,0,120,0,999999,STAND-60PC CONSIGNMENT,Gross Profit,0.0,CONSIGNMENT_STANDS,Channel: Consignment,Unknown,Unknown,Unknown,Consignment,Channel: Consignment
ADJG01,21,25b,ZZZ5,0,120,0,999999,Unknown,Unknown,,Unknown,Unknown,Unknown,Unknown,Unknown,Unknown,Unknown
AEVN01,21,25b,ZZZ5,0,120,0,2000,Unknown,Unknown,,Unknown,Unknown,Unknown,Unknown,Unknown,Unknown,Unknown
AFRM01,30,7a,05,0,120,0,15000,RL,Sales,0.5,RL,Sales Rep,Unknown,Gauteng N - Sandton,Gauteng,Unknown,Unknown
AFRM02,30,7a,05,0,120,0,7500,RL,Sales,0.5,RL,Sales Rep,Unknown,Gauteng N - Sandton,Gauteng,Unknown,Unknown
AFRM03,21,25b,ZZZ5,0,120,0,5000,Unknown,Unknown,,Unknown,Unknown,Unknown,Unknown,Unknown,Unknown,Unknown
AFRM05,2,1a,03,0,120,0,10000,BJ,Sales,0.5,BJ,Sales Rep,Unknown,Pretoria Central,Gauteng,Unknown,Unknown
AFRM06,21,25b,ZZZ5,0,120,0,10000,Unknown,Unknown,,Unknown,Unknown,Unknown,Unknown,Unknown,Unknown,Unknown
AFRM07,36,7c,05,0,120,0,3000,RL,Sales,0.5,RL,Sales Rep,Unknown,Gauteng N - Eastgate/Norwood/Midrand,Gauteng,Unknown,Unknown
AFRM08,43,3a,05,0,120,0,1500,RL,Sales,0.5,RL,Sales Rep,Unknown,Soweto/Lenasia,Gauteng,Unknown,Unknown
AFRM09,21,25b,ZZZ2,0,120,0,0,Unknown,Unknown,,Unknown,Unknown,Unknown,Unknown,Unknown,Unknown,Unknown
AFRM10,30,7a,05,0,120,0,10000,RL,Sales,0.5,RL,Sales Rep,Unknown,Gauteng N - Sandton,Gauteng,Unknown,Unknown
AFRMC1,5,20a,CONS5,0,60,0,999999,CONSIGNMENTS HO,Gross Profit,0.5,CONSIGNMENT,Channel: Consignment,Unknown,Unknown,Unknown,Consignment,Channel: Consignment
AFRMOC,5,20a,ZZZ5,0,30,0,999999,Unknown,Unknown,,Unknown,Unknown,Unknown,Unknown,Unknown,Consignment,Channel: Consignment
AFRN01,5,20a,CONS2,0,120,0,999999,CONSIGNMENTS DE,Gross Profit,0.5,CONSIGNMENT,Channel: Consignment,Unknown,Unknown,Unknown,Consignment,Channel: Consignment
AFRN02,21,25b,ZZZ5,0,120,0,5000,Unknown,Unknown,,Unknown,Unknown,Unknown,Unknown,Unknown,Unknown,Unknown
AFRN03,20,25a,ZZZ4,0,120,0,1000,Unknown,Unknown,,Unknown,Unknown,Unknown,Unknown,Unknown,Unknown,Unknown
AFRN04,20,25a,ZZZ2,0,120,0,3000,Unknown,Unknown,,Unknown,Unknown,Unknown,Unknown,Unknown,Unknown,Unknown
AFRN05,36,7c,05C,0,120,0,10000,RL CONSIGNMENT SALES ACC,Sales,0.5,RL,Sales Rep,Unknown,Gauteng N - Eastgate/Norwood/Midrand,Gauteng,Unknown,Unknown
AFRNOC,5,20a,CONS5,0,30,0,10000,CONSIGNMENTS HO,Gross Profit,0.5,CONSIGNMENT,Channel: Consignment,Unknown,Unknown,Unknown,Consignment,Channel: Consignment
AGQD01,20,25a,ZZZ3,0,120,0,10000,Unknown,Unknown,,Unknown,Unknown,Unknown,Unknown,Unknown,Unknown,Unknown
AGRN01,1,9a,01,0,60,0,999999,HEAD OFFICE,Sales,0.0,HEAD OFFICE,Internal Sales,Unknown,Unknown,Unknown,House accounts,Internal: House Account
AGRNC1,5,20a,CONS5,0,60,0,999999,CONSIGNMENTS HO,Gross Profit,0.5,CONSIGNMENT,Channel: Consignment,Unknown,Unknown,Unknown,Consignment,Channel: Consignment
AGRY01,46,2b,05,0,120,0,5000,RL,Sales,0.5,RL,Sales Rep,Unknown,Krugersdorp / Sun City,North West,Unknown,Unknown
AGRYCO,5,20a,CONS5,0,120,0,999999,CONSIGNMENTS HO,Gross Profit,0.5,CONSIGNMENT,Channel: Consignment,Unknown,Unknown,Unknown,Consignment,Channel: Consignment
AGUR01,21,25b,ZZZ5,0,120,0,1000,Unknown,Unknown,,Unknown,Unknown,Unknown,Unknown,Unknown,Unknown,Unknown
AGUROC,21,25b,ZZZ5,0,30,0,999999,Unknown,Unknown,,Unknown,Unknown,Unknown,Unknown,Unknown,Unknown,Unknown
AGXM01,20,25a,CITC,0,120,0,7500,C-  ITC,Sales,0.5,Unknown,Unclassified_Missing_Data,Unknown,Unknown,Unknown,Unknown,Unknown
AGYN01,49,10a,02,0,120,0,2500,R,Sales,0.5,R,Sales Rep,Unknown,Durban,KwaZulu-Natal,Unknown,Unknown
AHEL01,33,1d,03,0,120,0,4000,BJ,Sales,0.5,BJ,Sales Rep,Unknown,Pretoria,Gauteng,Unknown,Unknown
AHET01,2,1a,03,0,120,0,5000,BJ,Sales,0.5,BJ,Sales Rep,Unknown,Pretoria Central,Gauteng,Unknown,Unknown
AICR01,21,25b,ZZZ5,0,120,0,3000,Unknown,Unknown,,Unknown,Unknown,Unknown,Unknown,Unknown,Unknown,Unknown
AICR02,31,8a,06,0,120,0,1000,DA,Sales,0.0,DA,Sales Rep,Unknown,Gauteng E - Alberton/Benoni/Kempton,Gauteng,Unknown,Unknown
AICR03,21,25b,ZZZ5,0,120,0,500,Unknown,Unknown,,Unknown,Unknown,Unknown,Unknown,Unknown,Unknown,Unknown
AICR04,46,2b,03,0,120,0,500,BJ,Sales,0.5,BJ,Sales Rep,Unknown,Krugersdorp / Sun City,North West,Unknown,Unknown
AICR05,31,8a,06,0,120,0,999999,DA,Sales,0.0,DA,Sales Rep,Unknown,Gauteng E - Alberton/Benoni/Kempton,Gauteng,Unknown,Unknown
AICR06,21,25b,ZZZ5,0,120,0,10000,Unknown,Unknown,,Unknown,Unknown,Unknown,Unknown,Unknown,Unknown,Unknown
AICR07,41,10a,02,0,120,0,3000,R,Sales,0.5,R,Sales Rep,Unknown,Durban,KwaZulu-Natal,Unknown,Unknown
AICR08,46,2b,03,0,30,0,5000,BJ,Sales,0.5,BJ,Sales Rep,Unknown,Krugersdorp / Sun City,North West,Unknown,Unknown
AICR09,31,8a,ZZZ,0,120,0,6000,Unknown,Unknown,,Unknown,Unknown,Unknown,Gauteng E - Alberton/Benoni/Kempton,Gauteng,Unknown,Unknown
AICRC1,21,25b,ZZZ5,0,30,0,999999,Unknown,Unknown,,Unknown,Unknown,Unknown,Unknown,Unknown,Unknown,Unknown
AICROC,21,25b,ZZZ5,0,120,0,999999,Unknown,Unknown,,Unknown,Unknown,Unknown,Unknown,Unknown,Unknown,Unknown
AJEN01,42,10b,02,0,120,0,2000,R,Sales,0.5,R,Sales Rep,Unknown,Midlands,KwaZulu-Natal,Unknown,Unknown
AKER01,36,7c,05,0,120,0,3000,RL,Sales,0.5,RL,Sales Rep,Unknown,Gauteng N - Eastgate/Norwood/Midrand,Gauteng,Unknown,Unknown
AKER02,21,25b,ZZZ5,0,120,0,4000,Unknown,Unknown,,Unknown,Unknown,Unknown,Unknown,Unknown,Unknown,Unknown
AKER03,21,25b,ZZZ5,0,120,0,5000,Unknown,Unknown,,Unknown,Unknown,Unknown,Unknown,Unknown,Unknown,Unknown
AKEY01,21,25b,04,0,120,0,1000,BM,Sales,0.5,BM,Sales Rep,Unknown,Unknown,Unknown,Unknown,Unknown
AKGK01,31,8a,06,0,120,0,3000,DA,Sales,0.0,DA,Sales Rep,Unknown,Gauteng E - Alberton/Benoni/Kempton,Gauteng,Unknown,Unknown
AKGR01,21,25b,ZZZ5,0,120,0,0,Unknown,Unknown,,Unknown,Unknown,Unknown,Unknown,Unknown,Unknown,Unknown
AKHI01,21,25b,ZZZ5,0,120,0,2000,Unknown,Unknown,,Unknown,Unknown,Unknown,Unknown,Unknown,Unknown,Unknown
AKHN01,41,10a,02,0,120,0,20000,R,Sales,0.5,R,Sales Rep,Unknown,Durban,KwaZulu-Natal,Unknown,Unknown
AKHN02,41,10a,02,0,120,0,3000,R,Sales,0.5,R,Sales Rep,Unknown,Durban,KwaZulu-Natal,Unknown,Unknown
AKHN03,43,3a,05,0,120,0,5000,RL,Sales,0.5,RL,Sales Rep,Unknown,Soweto/Lenasia,Gauteng,Unknown,Unknown
AKHN04,40,6b,04,0,120,0,2000,BM,Sales,0.5,BM,Sales Rep,Unknown,West Cape,Western Cape,Unknown,Unknown
AKHN05,49,10a,02,0,120,0,2000,R,Sales,0.5,R,Sales Rep,Unknown,Durban,KwaZulu-Natal,Unknown,Unknown
AKHN06,21,25b,ZZZ5,0,120,0,0,Unknown,Unknown,,Unknown,Unknown,Unknown,Unknown,Unknown,Unknown,Unknown
AKHN07,41,10a,02,0,120,0,999999,R,Sales,0.5,R,Sales Rep,Unknown,Durban,KwaZulu-Natal,Unknown,Unknown
AKHN08,4,1b,03,0,120,0,3000,BJ,Sales,0.5,BJ,Sales Rep,Unknown,Pretoria North/South/West,Gauteng,Unknown,Unknown
AKHNC1,5,20a,CONS2,0,30,0,999999,CONSIGNMENTS DE,Gross Profit,0.5,CONSIGNMENT,Channel: Consignment,Unknown,Unknown,Unknown,Consignment,Channel: Consignment
AKHNOC,21,25b,ZZZ5,0,120,0,999999,Unknown,Unknown,,Unknown,Unknown,Unknown,Unknown,Unknown,Unknown,Unknown
AKWN01,31,8a,06,0,120,0,2500,DA,Sales,0.0,DA,Sales Rep,Unknown,Gauteng E - Alberton/Benoni/Kempton,Gauteng,Unknown,Unknown
AMAK01,43,3a,06,0,60,0,999999,DA,Sales,0.0,DA,Sales Rep,Unknown,Soweto/Lenasia,Gauteng,Unknown,Unknown
AMAR01,40,6b,04,0,120,0,4000,BM,Sales,0.5,BM,Sales Rep,Unknown,West Cape,Western Cape,Unknown,Unknown
AMAR02,40,6b,04,0,120,0,5000,BM,Sales,0.5,BM,Sales Rep,Unknown,West Cape,Western Cape,Unknown,Unknown
AMARC1,21,25b,ZZZ5,0,120,0,999999,Unknown,Unknown,,Unknown,Unknown,Unknown,Unknown,Unknown,Unknown,Unknown
AMIOOC,5,20a,CONS5,0,30,0,999999,CONSIGNMENTS HO,Gross Profit,0.5,CONSIGNMENT,Channel: Consignment,Unknown,Unknown,Unknown,Consignment,Channel: Consignment
AMKN01,20,25a,CITC,0,120,0,16000,C-  ITC,Sales,0.5,Unknown,Unclassified_Missing_Data,Unknown,Unknown,Unknown,Unknown,Unknown
AMKN02,34,1e,03,0,120,0,2000,BJ,Sales,0.5,BJ,Sales Rep,Unknown,Witbank/Middelburg,Mpumalanga,Unknown,Unknown
AMKNOC,5,20a,STAN2,0,120,0,999999,STANDS- 30 PC CONSIGNMENT,Gross Profit,0.0,CONSIGNMENT_STANDS,Channel: Consignment,Unknown,Unknown,Unknown,Consignment,Channel: Consignment
AMMB01,19,4b,06,0,120,0,15000,DA,Sales,0.0,DA,Sales Rep,Unknown,Nelspruit / Tzaneen,Mpumalanga,Unknown,Unknown
AMMB02,21,25b,ZZZ5,0,120,0,0,Unknown,Unknown,,Unknown,Unknown,Unknown,Unknown,Unknown,Unknown,Unknown
AMOG01,47,2c,06,0,120,0,5000,DA,Sales,0.0,DA,Sales Rep,Unknown,Potch / Krugersdorp / Kuruman,North West,Unknown,Unknown
AMOL01,46,2b,03,0,120,0,15000,BJ,Sales,0.5,BJ,Sales Rep,Unknown,Krugersdorp / Sun City,North West,Unknown,Unknown
ANKD01,4,1b,03,0,120,0,5000,BJ,Sales,0.5,BJ,Sales Rep,Unknown,Pretoria North/South/West,Gauteng,Unknown,Unknown
ANKM01,34,1e,03,0,120,0,2000,BJ,Sales,0.5,BJ,Sales Rep,Unknown,Witbank/Middelburg,Mpumalanga,Unknown,Unknown
ANSLES,6,21a,STOCK,0,30,0,999999,Unknown,Unknown,,Unknown,Unknown,Unknown,Unknown,Unknown,Advertising Appro,Internal: Advertising
ANYT01,41,10a,02,0,30,0,4000,R,Sales,0.5,R,Sales Rep,Unknown,Durban,KwaZulu-Natal,Unknown,Unknown
APHR01,21,25b,ZZZ5,0,120,0,2000,Unknown,Unknown,,Unknown,Unknown,Unknown,Unknown,Unknown,Unknown,Unknown
APHT01,19,4b,03,0,60,0,999999,BJ,Sales,0.5,BJ,Sales Rep,Unknown,Nelspruit / Tzaneen,Mpumalanga,Unknown,Unknown
APLZ01,31,8a,06,0,30,0,18000,DA,Sales,0.0,DA,Sales Rep,Unknown,Gauteng E - Alberton/Benoni/Kempton,Gauteng,Unknown,Unknown
AQWQ01,42,10b,02,0,120,0,12000,R,Sales,0.5,R,Sales Rep,Unknown,Midlands,KwaZulu-Natal,Unknown,Unknown
AREL01,32,7b,05C,0,120,0,15000,RL CONSIGNMENT SALES ACC,Sales,0.5,RL,Sales Rep,Unknown,Gauteng N - Randburg/Rivonia,Gauteng,Unknown,Unknown
AREL02,40,6b,04,0,120,0,15000,BM,Sales,0.5,BM,Sales Rep,Unknown,West Cape,Western Cape,Unknown,Unknown
AREL03,21,25b,06,0,120,0,15000,DA,Sales,0.0,DA,Sales Rep,Unknown,Unknown,Unknown,Unknown,Unknown
AREL04,32,7b,05,0,120,0,10000,RL,Sales,0.5,RL,Sales Rep,Unknown,Gauteng N - Randburg/Rivonia,Gauteng,Unknown,Unknown
AREL05,36,7c,05,0,120,0,10000,RL,Sales,0.5,RL,Sales Rep,Unknown,Gauteng N - Eastgate/Norwood/Midrand,Gauteng,Unknown,Unknown
ARELCO,5,20a,CONS5,0,120,0,999999,CONSIGNMENTS HO,Gross Profit,0.5,CONSIGNMENT,Channel: Consignment,Unknown,Unknown,Unknown,Consignment,Channel: Consignment
ARELWM,21,25b,ZZZ5,0,30,0,999999,Unknown,Unknown,,Unknown,Unknown,Unknown,Unknown,Unknown,Unknown,Unknown
ASEP01,40,6b,04,0,120,0,2000,BM,Sales,0.5,BM,Sales Rep,Unknown,West Cape,Western Cape,Unknown,Unknown
ASEP02,21,25b,04C,0,120,0,3000,BM CONSIGNMENT SALES ACC,Sales,0.5,BM,Sales Rep,Unknown,Unknown,Unknown,Unknown,Unknown
ASEPOC,5,20a,ZZZ5,0,120,0,999999,Unknown,Unknown,,Unknown,Unknown,Unknown,Unknown,Unknown,Consignment,Channel: Consignment
ASHB01,20,25a,CITC,0,120,0,0,C-  ITC,Sales,0.5,Unknown,Unclassified_Missing_Data,Unknown,Unknown,Unknown,Unknown,Unknown
ASHD02,40,6b,04,0,30,0,2500,BM,Sales,0.5,BM,Sales Rep,Unknown,West Cape,Western Cape,Unknown,Unknown
ASHE01,29,5a,01EXP,0,120,0,5000,EXPORTS,Gross Profit,0.5,EXPORTS,Channel: Export,Unknown,Botswana and Exports,Export,Exports incl Botswana,Channel: Export
ASHI01,46,2b,03,0,120,0,2000,BJ,Sales,0.5,BJ,Sales Rep,Unknown,Krugersdorp / Sun City,North West,Unknown,Unknown
ASHI02,4,1b,03,0,30,0,2500,BJ,Sales,0.5,BJ,Sales Rep,Unknown,Pretoria North/South/West,Gauteng,Unknown,Unknown
ASHN01,5,20a,02C,0,120,0,3000,R CONSIGNMENT SALES ACC,Sales,0.5,R,Sales Rep,Unknown,Unknown,Unknown,Consignment,Channel: Consignment
ASHNC1,5,20a,CON2S,0,120,0,999999,CONSIGNMENT DE/STAND,Gross Profit,0.5,CONSIGNMENT,Channel: Consignment,Unknown,Unknown,Unknown,Consignment,Channel: Consignment
ASHNOC,21,25b,ZZZ5,0,120,0,999999,Unknown,Unknown,,Unknown,Unknown,Unknown,Unknown,Unknown,Unknown,Unknown
ASHP01,31,8a,06,0,120,0,5000,DA,Sales,0.0,DA,Sales Rep,Unknown,Gauteng E - Alberton/Benoni/Kempton,Gauteng,Unknown,Unknown
ASHR02,49,10a,02,0,120,0,1000,R,Sales,0.5,R,Sales Rep,Unknown,Durban,KwaZulu-Natal,Unknown,Unknown
ASHR03,14,3b,06,0,120,0,2000,DA,Sales,0.0,DA,Sales Rep,Unknown,Johannesburg CBD,Gauteng,Unknown,Unknown
ASIN01,41,10a,02,0,120,0,1500,R,Sales,0.5,R,Sales Rep,Unknown,Durban,KwaZulu-Natal,Unknown,Unknown
ASLB01,39,6a,04,0,120,0,4000,BM,Sales,0.5,BM,Sales Rep,Unknown,East Cape,Eastern Cape,Unknown,Unknown
ASLB02,39,6a,04,0,120,0,2500,BM,Sales,0.5,BM,Sales Rep,Unknown,East Cape,Eastern Cape,Unknown,Unknown
ASLB03,40,6b,04,0,120,0,1500,BM,Sales,0.5,BM,Sales Rep,Unknown,West Cape,Western Cape,Unknown,Unknown
ASLB04,39,6a,04,0,120,0,4000,BM,Sales,0.5,BM,Sales Rep,Unknown,East Cape,Eastern Cape,Unknown,Unknown
ASLB05,39,6a,04,0,120,0,5000,BM,Sales,0.5,BM,Sales Rep,Unknown,East Cape,Eastern Cape,Unknown,Unknown
ASMROC,5,20a,CONS2,0,30,0,999999,CONSIGNMENTS DE,Gross Profit,0.5,CONSIGNMENT,Channel: Consignment,Unknown,Unknown,Unknown,Consignment,Channel: Consignment
ASPRES,5,20a,STOCK,0,120,0,999999,Unknown,Unknown,,Unknown,Unknown,Unknown,Unknown,Unknown,Consignment,Channel: Consignment
ASTC01,21,25b,ZZZ5,0,120,0,2000,Unknown,Unknown,,Unknown,Unknown,Unknown,Unknown,Unknown,Unknown,Unknown
ASTL01,40,6b,04C,0,120,0,2000,BM CONSIGNMENT SALES ACC,Sales,0.5,BM,Sales Rep,Unknown,West Cape,Western Cape,Unknown,Unknown
ASTLC1,5,20a,CONS4,0,30,0,999999,CONSIGNMENTS BM,Gross Profit,0.5,CONSIGNMENT,Channel: Consignment,Unknown,Unknown,Unknown,Consignment,Channel: Consignment
ASTLOC,21,25b,ZZZ5,0,120,0,999999,Unknown,Unknown,,Unknown,Unknown,Unknown,Unknown,Unknown,Unknown,Unknown
ASTN01,30,7a,05,0,120,0,7500,RL,Sales,0.5,RL,Sales Rep,Unknown,Gauteng N - Sandton,Gauteng,Unknown,Unknown
ASTN04,45,2a,06,0,120,0,7500,DA,Sales,0.0,DA,Sales Rep,Unknown,Vaal Triangle,Gauteng,Unknown,Unknown
ASTN07,21,25b,ZZZ5,0,120,0,3000,Unknown,Unknown,,Unknown,Unknown,Unknown,Unknown,Unknown,Unknown,Unknown
ASTNC1,5,20a,STAND,0,30,0,999999,STAND-60PC CONSIGNMENT,Gross Profit,0.0,CONSIGNMENT_STANDS,Channel: Consignment,Unknown,Unknown,Unknown,Consignment,Channel: Consignment
ASTNC2,5,20a,CONS5,0,120,0,999999,CONSIGNMENTS HO,Gross Profit,0.5,CONSIGNMENT,Channel: Consignment,Unknown,Unknown,Unknown,Consignment,Channel: Consignment
ASTNC3,5,20a,CONS5,0,120,0,999999,CONSIGNMENTS HO,Gross Profit,0.5,CONSIGNMENT,Channel: Consignment,Unknown,Unknown,Unknown,Consignment,Channel: Consignment
ASTNOC,21,25b,ZZZ5,0,120,0,999999,Unknown,Unknown,,Unknown,Unknown,Unknown,Unknown,Unknown,Unknown,Unknown
ASWN02,18,4a,06,0,120,0,7500,DA,Sales,0.0,DA,Sales Rep,Unknown,Pietersburg / Potgietersrus,Limpopo,Unknown,Unknown
ASWZ01,25,11b,06,0,120,0,4000,DA,Sales,0.0,DA,Sales Rep,Unknown,Ermelo / Piet Retief,Mpumalanga,Unknown,Unknown
ATEM01,37,11a,03,0,120,0,30000,BJ,Sales,0.5,BJ,Sales Rep,Unknown,Free State / Lesotho,Free State,Unknown,Unknown
ATHM01,49,10a,02,0,120,0,1000,R,Sales,0.5,R,Sales Rep,Unknown,Durban,KwaZulu-Natal,Unknown,Unknown
ATHT01,21,25b,ZZZ5,0,120,0,0,Unknown,Unknown,,Unknown,Unknown,Unknown,Unknown,Unknown,Unknown,Unknown
ATLK01,25,11b,06,0,120,0,3000,DA,Sales,0.0,DA,Sales Rep,Unknown,Ermelo / Piet Retief,Mpumalanga,Unknown,Unknown
ATLL01,4,1b,03,0,120,0,1000,BJ,Sales,0.5,BJ,Sales Rep,Unknown,Pretoria North/South/West,Gauteng,Unknown,Unknown
ATRV01,21,25b,ZZZ5,0,120,0,5000,Unknown,Unknown,,Unknown,Unknown,Unknown,Unknown,Unknown,Unknown,Unknown
ATSG01,33,1d,03,0,120,0,2000,BJ,Sales,0.5,BJ,Sales Rep,Unknown,Pretoria,Gauteng,Unknown,Unknown
ATYL02,21,25b,ZZZ5,0,120,0,5000,Unknown,Unknown,,Unknown,Unknown,Unknown,Unknown,Unknown,Unknown,Unknown
ATYL03,40,6b,04,0,30,0,5000,BM,Sales,0.5,BM,Sales Rep,Unknown,West Cape,Western Cape,Unknown,Unknown
ATYLC1,5,20a,CON4S,0,120,0,999999,CONSIGNMENT BM/STAND,Gross Profit,0.5,CONSIGNMENT,Channel: Consignment,Unknown,Unknown,Unknown,Consignment,Channel: Consignment
AVAL01,45,2a,06,0,120,0,500,DA,Sales,0.0,DA,Sales Rep,Unknown,Vaal Triangle,Gauteng,Unknown,Unknown
AVAL02,45,2a,06,0,120,0,2000,DA,Sales,0.0,DA,Sales Rep,Unknown,Vaal Triangle,Gauteng,Unknown,Unknown
AVAL04,45,2a,06,0,120,0,2000,DA,Sales,0.0,DA,Sales Rep,Unknown,Vaal Triangle,Gauteng,Unknown,Unknown
AZWV01,21,25b,ZZZ5,0,120,0,4000,Unknown,Unknown,,Unknown,Unknown,Unknown,Unknown,Unknown,Unknown,Unknown
BABR01,36,7c,05,0,60,0,6000,RL,Sales,0.5,RL,Sales Rep,Unknown,Gauteng N - Eastgate/Norwood/Midrand,Gauteng,Unknown,Unknown
BABR02,21,25b,ZZZ5,0,60,0,10000,Unknown,Unknown,,Unknown,Unknown,Unknown,Unknown,Unknown,Unknown,Unknown
BBII01,47,2c,06,0,120,0,999999,DA,Sales,0.0,DA,Sales Rep,Unknown,Potch / Krugersdorp / Kuruman,North West,Unknown,Unknown
BCAI01,33,1d,03,0,120,0,999999,BJ,Sales,0.5,BJ,Sales Rep,Unknown,Pretoria,Gauteng,Unknown,Unknown
BDEB01,41,10a,02,0,120,0,3000,R,Sales,0.5,R,Sales Rep,Unknown,Durban,KwaZulu-Natal,Unknown,Unknown
BDEE01,21,25b,ZZZ5,0,120,0,2000,Unknown,Unknown,,Unknown,Unknown,Unknown,Unknown,Unknown,Unknown,Unknown
BDEE02,21,25b,ZZZ1,0,120,0,0,Unknown,Unknown,,Unknown,Unknown,Unknown,Unknown,Unknown,Unknown,Unknown
BDEE03,21,25b,ZZZ5,0,120,0,1000,Unknown,Unknown,,Unknown,Unknown,Unknown,Unknown,Unknown,Unknown,Unknown
BDER01,34,1e,03,0,120,0,20000,BJ,Sales,0.5,BJ,Sales Rep,Unknown,Witbank/Middelburg,Mpumalanga,Unknown,Unknown
BDER02,21,25b,ZZZ2,0,120,0,5000,Unknown,Unknown,,Unknown,Unknown,Unknown,Unknown,Unknown,Unknown,Unknown
BDER03,34,1e,03,0,120,0,999999,BJ,Sales,0.5,BJ,Sales Rep,Unknown,Witbank/Middelburg,Mpumalanga,Unknown,Unknown
BDES01,21,25b,ZZZ5,0,120,0,0,Unknown,Unknown,,Unknown,Unknown,Unknown,Unknown,Unknown,Unknown,Unknown
BDOS01,43,3a,06,0,120,0,4500,DA,Sales,0.0,DA,Sales Rep,Unknown,Soweto/Lenasia,Gauteng,Unknown,Unknown
BEMA01,21,25b,ZZZ5,0,120,0,0,Unknown,Unknown,,Unknown,Unknown,Unknown,Unknown,Unknown,Unknown,Unknown
BEYE02,19,4b,03,0,120,0,7500,BJ,Sales,0.5,BJ,Sales Rep,Unknown,Nelspruit / Tzaneen,Mpumalanga,Unknown,Unknown
BGAO01,21,25b,ZZZ5,0,120,0,20000,Unknown,Unknown,,Unknown,Unknown,Unknown,Unknown,Unknown,Unknown,Unknown
BGIR01,21,25b,ZZZ5,0,120,0,500,Unknown,Unknown,,Unknown,Unknown,Unknown,Unknown,Unknown,Unknown,Unknown
BGIS01,41,10a,02,0,120,0,500,R,Sales,0.5,R,Sales Rep,Unknown,Durban,KwaZulu-Natal,Unknown,Unknown
BHAE01,19,4b,03,0,120,0,10000,BJ,Sales,0.5,BJ,Sales Rep,Unknown,Nelspruit / Tzaneen,Mpumalanga,Unknown,Unknown
BHAEOC,5,20a,STAN2,0,120,0,999999,STANDS- 30 PC CONSIGNMENT,Gross Profit,0.0,CONSIGNMENT_STANDS,Channel: Consignment,Unknown,Unknown,Unknown,Consignment,Channel: Consignment
BJMO01,21,25b,ZZZ5,0,120,0,5000,Unknown,Unknown,,Unknown,Unknown,Unknown,Unknown,Unknown,Unknown,Unknown
BJOI01,21,25b,ZZZ5,0,120,0,1000,Unknown,Unknown,,Unknown,Unknown,Unknown,Unknown,Unknown,Unknown,Unknown
BKOR01,21,25b,ZZZ5,0,120,0,20000,Unknown,Unknown,,Unknown,Unknown,Unknown,Unknown,Unknown,Unknown,Unknown
BKOROC,5,20a,CONS2,0,30,0,999999,CONSIGNMENTS DE,Gross Profit,0.5,CONSIGNMENT,Channel: Consignment,Unknown,Unknown,Unknown,Consignment,Channel: Consignment
BKUJ01,31,8a,06,0,120,0,5000,DA,Sales,0.0,DA,Sales Rep,Unknown,Gauteng E - Alberton/Benoni/Kempton,Gauteng,Unknown,Unknown
BLAU01,47,2c,06,0,120,0,3500,DA,Sales,0.0,DA,Sales Rep,Unknown,Potch / Krugersdorp / Kuruman,North West,Unknown,Unknown
BLAU02,47,2c,06,0,120,0,5000,DA,Sales,0.0,DA,Sales Rep,Unknown,Potch / Krugersdorp / Kuruman,North West,Unknown,Unknown
BLEO01,20,25a,CITC,0,120,0,15000,C-  ITC,Sales,0.5,Unknown,Unclassified_Missing_Data,Unknown,Unknown,Unknown,Unknown,Unknown
BMAI01,18,4a,06,0,120,0,999999,DA,Sales,0.0,DA,Sales Rep,Unknown,Pietersburg / Potgietersrus,Limpopo,Unknown,Unknown
BMAO01,21,25b,03,0,120,0,5000,BJ,Sales,0.5,BJ,Sales Rep,Unknown,Unknown,Unknown,Unknown,Unknown
BMAU01,37,11a,03,0,120,0,5000,BJ,Sales,0.5,BJ,Sales Rep,Unknown,Free State / Lesotho,Free State,Unknown,Unknown
BMOE01,21,25b,ZZZ1,0,120,0,5000,Unknown,Unknown,,Unknown,Unknown,Unknown,Unknown,Unknown,Unknown,Unknown
BMOI01,32,7b,05,0,120,0,1000,RL,Sales,0.5,RL,Sales Rep,Unknown,Gauteng N - Randburg/Rivonia,Gauteng,Unknown,Unknown
BNAO01,21,25b,ZZZ5,0,120,0,2000,Unknown,Unknown,,Unknown,Unknown,Unknown,Unknown,Unknown,Unknown,Unknown
BNSIRG,13,9a,SALE,0,120,0,999999,Unknown,Unknown,,Unknown,Unknown,Unknown,Unknown,Unknown,sale goods,Channel: Retail
BRAA01,42,10b,02,0,120,0,5000,R,Sales,0.5,R,Sales Rep,Unknown,Midlands,KwaZulu-Natal,Unknown,Unknown
BRAO01,18,4a,06,0,120,0,30000,DA,Sales,0.0,DA,Sales Rep,Unknown,Pietersburg / Potgietersrus,Limpopo,Unknown,Unknown
BROA01,40,6b,04C,0,120,0,5000,BM CONSIGNMENT SALES ACC,Sales,0.5,BM,Sales Rep,Unknown,West Cape,Western Cape,Unknown,Unknown
BROA02,21,25b,ZZZ5,0,120,0,5000,Unknown,Unknown,,Unknown,Unknown,Unknown,Unknown,Unknown,Unknown,Unknown
BROAC1,5,20a,CONS4,0,30,0,999999,CONSIGNMENTS BM,Gross Profit,0.5,CONSIGNMENT,Channel: Consignment,Unknown,Unknown,Unknown,Consignment,Channel: Consignment
BROAOC,5,20a,CON4S,0,30,0,999999,CONSIGNMENT BM/STAND,Gross Profit,0.5,CONSIGNMENT,Channel: Consignment,Unknown,Unknown,Unknown,Consignment,Channel: Consignment
BROE01,21,25b,ZZZ5,0,120,0,5000,Unknown,Unknown,,Unknown,Unknown,Unknown,Unknown,Unknown,Unknown,Unknown
BROI01,32,7b,05,0,120,0,4000,RL,Sales,0.5,RL,Sales Rep,Unknown,Gauteng N - Randburg/Rivonia,Gauteng,Unknown,Unknown
BROI02,14,3b,06,0,120,0,7500,DA,Sales,0.0,DA,Sales Rep,Unknown,Johannesburg CBD,Gauteng,Unknown,Unknown
BSAE01,21,25b,ZZZ5,0,120,0,3000,Unknown,Unknown,,Unknown,Unknown,Unknown,Unknown,Unknown,Unknown,Unknown
BSEA01,45,2a,06,0,120,0,2500,DA,Sales,0.0,DA,Sales Rep,Unknown,Vaal Triangle,Gauteng,Unknown,Unknown
BSUR01,41,10a,02,0,120,0,999999,R,Sales,0.5,R,Sales Rep,Unknown,Durban,KwaZulu-Natal,Unknown,Unknown
BURA01,32,7b,05C,0,30,0,1000,RL CONSIGNMENT SALES ACC,Sales,0.5,RL,Sales Rep,Unknown,Gauteng N - Randburg/Rivonia,Gauteng,Unknown,Unknown
BURAOC,5,20a,CONS5,0,120,0,999999,CONSIGNMENTS HO,Gross Profit,0.5,CONSIGNMENT,Channel: Consignment,Unknown,Unknown,Unknown,Consignment,Channel: Consignment
BZUA01,2,1a,03,0,120,0,999999,BJ,Sales,0.5,BJ,Sales Rep,Unknown,Pretoria Central,Gauteng,Unknown,Unknown
CADO01,46,2b,05,0,120,0,10000,RL,Sales,0.5,RL,Sales Rep,Unknown,Krugersdorp / Sun City,North West,Unknown,Unknown
CADO02,32,7b,05,0,120,0,10000,RL,Sales,0.5,RL,Sales Rep,Unknown,Gauteng N - Randburg/Rivonia,Gauteng,Unknown,Unknown
CADOC1,5,20a,CON5S,0,120,0,999999,CONSIGNMENT HO/STAND,Gross Profit,0.5,CONSIGNMENT,Channel: Consignment,Unknown,Unknown,Unknown,Consignment,Channel: Consignment
CADOOC,5,20a,CON5S,0,120,0,999999,CONSIGNMENT HO/STAND,Gross Profit,0.5,CONSIGNMENT,Channel: Consignment,Unknown,Unknown,Unknown,Consignment,Channel: Consignment
CANH01,20,25a,ZZZ2,0,120,0,2000,Unknown,Unknown,,Unknown,Unknown,Unknown,Unknown,Unknown,Unknown,Unknown
CBAH01,21,25b,ZZZ5,0,120,0,1500,Unknown,Unknown,,Unknown,Unknown,Unknown,Unknown,Unknown,Unknown,Unknown
CBAH02,21,25b,ZZZ5,0,120,0,2000,Unknown,Unknown,,Unknown,Unknown,Unknown,Unknown,Unknown,Unknown,Unknown
CBFB01,14,3b,06,0,120,0,10000,DA,Sales,0.0,DA,Sales Rep,Unknown,Johannesburg CBD,Gauteng,Unknown,Unknown
CBUH01,40,6b,04C,0,120,0,4000,BM CONSIGNMENT SALES ACC,Sales,0.5,BM,Sales Rep,Unknown,West Cape,Western Cape,Unknown,Unknown
CBUH02,40,6b,04C,0,120,0,4000,BM CONSIGNMENT SALES ACC,Sales,0.5,BM,Sales Rep,Unknown,West Cape,Western Cape,Unknown,Unknown
CBUH03,21,25b,ZZZ5,0,120,0,15000,Unknown,Unknown,,Unknown,Unknown,Unknown,Unknown,Unknown,Unknown,Unknown
CBUH04,40,6b,04C,0,120,0,999999,BM CONSIGNMENT SALES ACC,Sales,0.5,BM,Sales Rep,Unknown,West Cape,Western Cape,Unknown,Unknown
CBUHC1,5,20a,ZZZ5,0,30,0,999999,Unknown,Unknown,,Unknown,Unknown,Unknown,Unknown,Unknown,Consignment,Channel: Consignment
CBUHC2,5,20a,CONS4,0,30,0,999999,CONSIGNMENTS BM,Gross Profit,0.5,CONSIGNMENT,Channel: Consignment,Unknown,Unknown,Unknown,Consignment,Channel: Consignment
CBUHOC,21,25b,ZZZ5,0,30,0,999999,Unknown,Unknown,,Unknown,Unknown,Unknown,Unknown,Unknown,Unknown,Unknown
CDIH01,43,3a,06,0,120,0,1000,DA,Sales,0.0,DA,Sales Rep,Unknown,Soweto/Lenasia,Gauteng,Unknown,Unknown
CDIHC1,5,20a,CON6S,0,120,0,999999,CONSIGNMENT DA/STAND,Gross Profit,0.5,CONSIGNMENT,Channel: Consignment,Unknown,Unknown,Unknown,Consignment,Channel: Consignment
CEXL01,14,3b,06,0,120,0,999999,DA,Sales,0.0,DA,Sales Rep,Unknown,Johannesburg CBD,Gauteng,Unknown,Unknown
CFIK01,40,6b,04,0,120,0,2000,BM,Sales,0.5,BM,Sales Rep,Unknown,West Cape,Western Cape,Unknown,Unknown
CFMH01,21,25b,ZZZ5,0,120,0,1000,Unknown,Unknown,,Unknown,Unknown,Unknown,Unknown,Unknown,Unknown,Unknown
CFOU01,20,25a,CITC,0,120,0,1000,C-  ITC,Sales,0.5,Unknown,Unclassified_Missing_Data,Unknown,Unknown,Unknown,Unknown,Unknown
CHAK01,20,25a,ZZZ4,0,120,0,0,Unknown,Unknown,,Unknown,Unknown,Unknown,Unknown,Unknown,Unknown,Unknown
CHAK02,20,25a,ZZZ4,0,120,0,2500,Unknown,Unknown,,Unknown,Unknown,Unknown,Unknown,Unknown,Unknown,Unknown
CJAO01,30,7a,05,0,120,0,5000,RL,Sales,0.5,RL,Sales Rep,Unknown,Gauteng N - Sandton,Gauteng,Unknown,Unknown
CKDO01,36,7c,05,0,120,0,10000,RL,Sales,0.5,RL,Sales Rep,Unknown,Gauteng N - Eastgate/Norwood/Midrand,Gauteng,Unknown,Unknown
CKOH01,21,25b,ZZZ5,0,120,0,1500,Unknown,Unknown,,Unknown,Unknown,Unknown,Unknown,Unknown,Unknown,Unknown
CKOK02,18,4a,07C,0,120,0,7500,LA Consignments SalesAcc,Sales,0.5,LA,Sales Rep,Unknown,Pietersburg / Potgietersrus,Limpopo,Unknown,Unknown
CKOKOC,5,20a,CONS7,0,30,0,999999,Consignments LA,Sales,0.5,CONSIGNMENT,Channel: Consignment,Unknown,Unknown,Unknown,Consignment,Channel: Consignment
CLOH01,16,1c,03,0,120,0,3000,BJ,Sales,0.5,BJ,Sales Rep,Unknown,Pretoria East,Gauteng,Unknown,Unknown
CLOK01,21,25b,ZZZ5,0,120,0,2000,Unknown,Unknown,,Unknown,Unknown,Unknown,Unknown,Unknown,Unknown,Unknown
CMAK01,21,25b,ZZZ5,0,120,0,3000,Unknown,Unknown,,Unknown,Unknown,Unknown,Unknown,Unknown,Unknown,Unknown
CMCU01,16,1c,03,0,120,0,4000,BJ,Sales,0.5,BJ,Sales Rep,Unknown,Pretoria East,Gauteng,Unknown,Unknown
CNIBCO,5,20a,CONS5,0,120,0,999999,CONSIGNMENTS HO,Gross Profit,0.5,CONSIGNMENT,Channel: Consignment,Unknown,Unknown,Unknown,Consignment,Channel: Consignment
CNIC01,21,25b,ZZZ5,0,120,0,0,Unknown,Unknown,,Unknown,Unknown,Unknown,Unknown,Unknown,Unknown,Unknown
CNIH01,21,25b,ZZZ5,0,120,0,25000,Unknown,Unknown,,Unknown,Unknown,Unknown,Unknown,Unknown,Unknown,Unknown
CNIH02,5,20a,XX,0,120,0,25000,HOUSE CONSIGNMENTS,Gross Profit,0.0,CONSIGNMENT,Channel: Consignment,Unknown,Unknown,Unknown,Consignment,Channel: Consignment
CNIHC1,5,20a,XX,0,30,0,999999,HOUSE CONSIGNMENTS,Gross Profit,0.0,CONSIGNMENT,Channel: Consignment,Unknown,Unknown,Unknown,Consignment,Channel: Consignment
CNIHCO,5,20a,CONS,0,120,0,999999,CONSIGNMENTS HEAD OFFICE,Gross Profit,0.5,CONSIGNMENT,Channel: Consignment,Unknown,Unknown,Unknown,Consignment,Channel: Consignment
CNIHOC,5,20a,CONS,0,30,0,999999,CONSIGNMENTS HEAD OFFICE,Gross Profit,0.5,CONSIGNMENT,Channel: Consignment,Unknown,Unknown,Unknown,Consignment,Channel: Consignment
COCH01,21,25b,ZZZ5,0,120,0,10000,Unknown,Unknown,,Unknown,Unknown,Unknown,Unknown,Unknown,Unknown,Unknown
COCH02,21,25b,ZZZ5,0,120,0,10000,Unknown,Unknown,,Unknown,Unknown,Unknown,Unknown,Unknown,Unknown,Unknown
COCH03,21,25b,ZZZ5,0,120,0,10000,Unknown,Unknown,,Unknown,Unknown,Unknown,Unknown,Unknown,Unknown,Unknown
COCH04,21,25b,ZZZ5,0,120,0,10000,Unknown,Unknown,,Unknown,Unknown,Unknown,Unknown,Unknown,Unknown,Unknown
COCH05,21,25b,ZZZ5,0,120,0,2500,Unknown,Unknown,,Unknown,Unknown,Unknown,Unknown,Unknown,Unknown,Unknown
COCH06,40,6b,04,0,120,0,50000,BM,Sales,0.5,BM,Sales Rep,Unknown,West Cape,Western Cape,Unknown,Unknown
COCHC2,21,25b,ZZZ5,0,30,0,999999,Unknown,Unknown,,Unknown,Unknown,Unknown,Unknown,Unknown,Unknown,Unknown
COCHC3,21,25b,ZZZ5,0,30,0,999999,Unknown,Unknown,,Unknown,Unknown,Unknown,Unknown,Unknown,Unknown,Unknown
COCHC4,5,20a,CONS2,0,120,0,999999,CONSIGNMENTS DE,Gross Profit,0.5,CONSIGNMENT,Channel: Consignment,Unknown,Unknown,Unknown,Consignment,Channel: Consignment
COCHC5,5,20a,CONS2,0,120,0,999999,CONSIGNMENTS DE,Gross Profit,0.5,CONSIGNMENT,Channel: Consignment,Unknown,Unknown,Unknown,Consignment,Channel: Consignment
COCHCO,21,25b,ZZZ5,0,30,0,999999,Unknown,Unknown,,Unknown,Unknown,Unknown,Unknown,Unknown,Unknown,Unknown
COCHOC,5,20a,CONS2,0,30,0,999999,CONSIGNMENTS DE,Gross Profit,0.5,CONSIGNMENT,Channel: Consignment,Unknown,Unknown,Unknown,Consignment,Channel: Consignment
COCU01,32,7b,05,0,30,0,5000,RL,Sales,0.5,RL,Sales Rep,Unknown,Gauteng N - Randburg/Rivonia,Gauteng,Unknown,Unknown
CPAEOC,5,20a,CONS5,0,30,0,999999,CONSIGNMENTS HO,Gross Profit,0.5,CONSIGNMENT,Channel: Consignment,Unknown,Unknown,Unknown,Consignment,Channel: Consignment
CRIH01,47,2c,03,0,120,0,4000,BJ,Sales,0.5,BJ,Sales Rep,Unknown,Potch / Krugersdorp / Kuruman,North West,Unknown,Unknown
CROO01,29,5a,01EXP,0,120,0,500,EXPORTS,Gross Profit,0.5,EXPORTS,Channel: Export,Unknown,Botswana and Exports,Export,Exports incl Botswana,Channel: Export
CSAK01,32,7b,05,0,120,0,3000,RL,Sales,0.5,RL,Sales Rep,Unknown,Gauteng N - Randburg/Rivonia,Gauteng,Unknown,Unknown
CSOEX1,5,20a,01,0,120,0,999999,HEAD OFFICE,Sales,0.0,HEAD OFFICE,Internal Sales,Unknown,Unknown,Unknown,Consignment,Channel: Consignment
CSOI01,21,25b,ZZZ,0,120,0,999999,Unknown,Unknown,,Unknown,Unknown,Unknown,Unknown,Unknown,Unknown,Unknown
CSPEN1,5,20a,CON3S,0,60,0,999999,CONSIGNMENT BJ/STAND,Gross Profit,0.5,CONSIGNMENT,Channel: Consignment,Unknown,Unknown,Unknown,Consignment,Channel: Consignment
CSPENT,5,20a,CONS3,0,60,0,999999,CONSIGNMENTS BJ,Gross Profit,0.5,CONSIGNMENT,Channel: Consignment,Unknown,Unknown,Unknown,Consignment,Channel: Consignment
CTEH01,14,3b,06,0,120,0,3000,DA,Sales,0.0,DA,Sales Rep,Unknown,Johannesburg CBD,Gauteng,Unknown,Unknown
CTIK01,45,2a,06,0,30,0,2000,DA,Sales,0.0,DA,Sales Rep,Unknown,Vaal Triangle,Gauteng,Unknown,Unknown
CVIT01,49,10a,02,0,120,0,2500,R,Sales,0.5,R,Sales Rep,Unknown,Durban,KwaZulu-Natal,Unknown,Unknown
CWEK01,40,6b,04,0,120,0,5000,BM,Sales,0.5,BM,Sales Rep,Unknown,West Cape,Western Cape,Unknown,Unknown
CZOC01,21,25b,ZZZ5,0,120,0,999999,Unknown,Unknown,,Unknown,Unknown,Unknown,Unknown,Unknown,Unknown,Unknown
DANE02,49,10a,02,0,120,0,3000,R,Sales,0.5,R,Sales Rep,Unknown,Durban,KwaZulu-Natal,Unknown,Unknown
DBEW01,21,25b,ZZZ,0,120,0,4000,Unknown,Unknown,,Unknown,Unknown,Unknown,Unknown,Unknown,Unknown,Unknown
DBID01,39,6a,04,0,120,0,2500,BM,Sales,0.5,BM,Sales Rep,Unknown,East Cape,Eastern Cape,Unknown,Unknown
DBOE01,43,3a,05,0,120,0,20000,RL,Sales,0.5,RL,Sales Rep,Unknown,Soweto/Lenasia,Gauteng,Unknown,Unknown
DBOEC1,5,20a,CON5S,0,30,0,999999,CONSIGNMENT HO/STAND,Gross Profit,0.5,CONSIGNMENT,Channel: Consignment,Unknown,Unknown,Unknown,Consignment,Channel: Consignment
DBUG01,39,6a,04,0,120,5,2500,BM,Sales,0.5,BM,Sales Rep,Unknown,East Cape,Eastern Cape,Unknown,Unknown
DBUG02,21,25b,ZZZ5,0,120,5,3000,Unknown,Unknown,,Unknown,Unknown,Unknown,Unknown,Unknown,Unknown,Unknown
DBUG03,37,11a,03,0,30,0,999999,BJ,Sales,0.5,BJ,Sales Rep,Unknown,Free State / Lesotho,Free State,Unknown,Unknown
DDAAC1,6,21a,01,0,120,0,999999,HEAD OFFICE,Sales,0.0,HEAD OFFICE,Internal Sales,Unknown,Unknown,Unknown,Advertising Appro,Internal: Advertising
DDAAOC,6,21a,01,0,30,0,20000,HEAD OFFICE,Sales,0.0,HEAD OFFICE,Internal Sales,Unknown,Unknown,Unknown,Advertising Appro,Internal: Advertising
DDIA01,21,25b,ZZZ5,0,120,0,500,Unknown,Unknown,,Unknown,Unknown,Unknown,Unknown,Unknown,Unknown,Unknown
DELO01,4,1b,03,0,120,0,2500,BJ,Sales,0.5,BJ,Sales Rep,Unknown,Pretoria North/South/West,Gauteng,Unknown,Unknown
DHAD01,21,25b,ZZZ5,0,120,0,2000,Unknown,Unknown,,Unknown,Unknown,Unknown,Unknown,Unknown,Unknown,Unknown
DHYR01,30,7a,05C,0,120,0,999999,RL CONSIGNMENT SALES ACC,Sales,0.5,RL,Sales Rep,Unknown,Gauteng N - Sandton,Gauteng,Unknown,Unknown
DHYRC1,5,20a,CON5S,0,120,0,999999,CONSIGNMENT HO/STAND,Gross Profit,0.5,CONSIGNMENT,Channel: Consignment,Unknown,Unknown,Unknown,Consignment,Channel: Consignment
DHYRC2,5,20a,CONS5,0,120,0,999999,CONSIGNMENTS HO,Gross Profit,0.5,CONSIGNMENT,Channel: Consignment,Unknown,Unknown,Unknown,Consignment,Channel: Consignment
DHYRC3,5,20a,CONS6,0,120,0,999999,CONSIGNMENTS DA,Gross Profit,0.5,CONSIGNMENT,Channel: Consignment,Unknown,Unknown,Unknown,Consignment,Channel: Consignment
DHYRC4,5,20a,CON5S,0,120,0,999999,CONSIGNMENT HO/STAND,Gross Profit,0.5,CONSIGNMENT,Channel: Consignment,Unknown,Unknown,Unknown,Consignment,Channel: Consignment
DHYRC5,21,25b,ZZZ5,0,120,0,999999,Unknown,Unknown,,Unknown,Unknown,Unknown,Unknown,Unknown,Unknown,Unknown
DHYRC6,5,20a,CONS5,0,120,0,999999,CONSIGNMENTS HO,Gross Profit,0.5,CONSIGNMENT,Channel: Consignment,Unknown,Unknown,Unknown,Consignment,Channel: Consignment
DINE01,39,6a,02,0,120,0,3000,R,Sales,0.5,R,Sales Rep,Unknown,East Cape,Eastern Cape,Unknown,Unknown
DINE02,32,7b,05,0,120,0,1500,RL,Sales,0.5,RL,Sales Rep,Unknown,Gauteng N - Randburg/Rivonia,Gauteng,Unknown,Unknown
DINU01,21,25b,ZZZ5,0,120,0,5000,Unknown,Unknown,,Unknown,Unknown,Unknown,Unknown,Unknown,Unknown,Unknown
DINU02,14,3b,06,0,120,0,999999,DA,Sales,0.0,DA,Sales Rep,Unknown,Johannesburg CBD,Gauteng,Unknown,Unknown
DJAA01,21,25b,ZZZ5,0,120,0,2000,Unknown,Unknown,,Unknown,Unknown,Unknown,Unknown,Unknown,Unknown,Unknown
DJAA02,43,3a,07,0,30,0,2500,LA,Sales,0.0,LA,Sales Rep,Unknown,Soweto/Lenasia,Gauteng,Unknown,Unknown
DJAE01,21,25b,ZZZ5,0,120,0,0,Unknown,Unknown,,Unknown,Unknown,Unknown,Unknown,Unknown,Unknown,Unknown
DJAE02,41,10a,02,0,30,0,1000,R,Sales,0.5,R,Sales Rep,Unknown,Durban,KwaZulu-Natal,Unknown,Unknown
DJAEOC,21,25b,ZZZ5,0,30,0,999999,Unknown,Unknown,,Unknown,Unknown,Unknown,Unknown,Unknown,Unknown,Unknown
DJUE01,31,8a,06,0,120,0,20000,DA,Sales,0.0,DA,Sales Rep,Unknown,Gauteng E - Alberton/Benoni/Kempton,Gauteng,Unknown,Unknown
DKOA01,30,7a,05,0,120,0,10000,RL,Sales,0.5,RL,Sales Rep,Unknown,Gauteng N - Sandton,Gauteng,Unknown,Unknown
DLEW01,37,11a,03,0,120,0,3000,BJ,Sales,0.5,BJ,Sales Rep,Unknown,Free State / Lesotho,Free State,Unknown,Unknown
DLEW02,2,1a,03,0,120,0,8000,BJ,Sales,0.5,BJ,Sales Rep,Unknown,Pretoria Central,Gauteng,Unknown,Unknown
DLEW03,34,1e,03,0,60,0,999999,BJ,Sales,0.5,BJ,Sales Rep,Unknown,Witbank/Middelburg,Mpumalanga,Unknown,Unknown
DLEWC1,5,20a,CON3S,0,30,0,999999,CONSIGNMENT BJ/STAND,Gross Profit,0.5,CONSIGNMENT,Channel: Consignment,Unknown,Unknown,Unknown,Consignment,Channel: Consignment
DMAA01,20,25a,CITC,0,120,0,5000,C-  ITC,Sales,0.5,Unknown,Unclassified_Missing_Data,Unknown,Unknown,Unknown,Unknown,Unknown
DMAH01,43,3a,06,9,120,0,5000,DA,Sales,0.0,DA,Sales Rep,Unknown,Soweto/Lenasia,Gauteng,Unknown,Unknown
DMAI01,43,3a,06,0,120,0,1500,DA,Sales,0.0,DA,Sales Rep,Unknown,Soweto/Lenasia,Gauteng,Unknown,Unknown
DMAI02,2,1a,03,0,60,0,999999,BJ,Sales,0.5,BJ,Sales Rep,Unknown,Pretoria Central,Gauteng,Unknown,Unknown
DMAZ01,18,4a,06,0,120,0,1000,DA,Sales,0.0,DA,Sales Rep,Unknown,Pietersburg / Potgietersrus,Limpopo,Unknown,Unknown
DMCO01,47,2c,06,0,120,0,10000,DA,Sales,0.0,DA,Sales Rep,Unknown,Potch / Krugersdorp / Kuruman,North West,Unknown,Unknown
DMCOC1,5,20a,PROMO,0,30,0,999999,Unknown,Unknown,,Unknown,Unknown,Unknown,Unknown,Unknown,Consignment,Channel: Consignment
DMCOC2,5,20a,CONS6,0,120,0,999999,CONSIGNMENTS DA,Gross Profit,0.5,CONSIGNMENT,Channel: Consignment,Unknown,Unknown,Unknown,Consignment,Channel: Consignment
DMEF01,2,1a,03,0,120,0,5000,BJ,Sales,0.5,BJ,Sales Rep,Unknown,Pretoria Central,Gauteng,Unknown,Unknown
DMEI01,36,7c,05C,0,120,0,5000,RL CONSIGNMENT SALES ACC,Sales,0.5,RL,Sales Rep,Unknown,Gauteng N - Eastgate/Norwood/Midrand,Gauteng,Unknown,Unknown
DMEI02,21,25b,ZZZ5,0,120,0,2500,Unknown,Unknown,,Unknown,Unknown,Unknown,Unknown,Unknown,Unknown,Unknown
DMEI03,2,1a,03,0,120,0,1500,BJ,Sales,0.5,BJ,Sales Rep,Unknown,Pretoria Central,Gauteng,Unknown,Unknown
DMEI04,21,25b,ZZZ5,0,120,0,2000,Unknown,Unknown,,Unknown,Unknown,Unknown,Unknown,Unknown,Unknown,Unknown
DMEI05,21,25b,ZZZ5,0,120,0,1000,Unknown,Unknown,,Unknown,Unknown,Unknown,Unknown,Unknown,Unknown,Unknown
DMEI06,21,25b,ZZZ5,0,120,0,2000,Unknown,Unknown,,Unknown,Unknown,Unknown,Unknown,Unknown,Unknown,Unknown
DMEI07,2,1a,03,0,120,0,2000,BJ,Sales,0.5,BJ,Sales Rep,Unknown,Pretoria Central,Gauteng,Unknown,Unknown
DMEI08,21,25b,ZZZ5,0,120,0,500,Unknown,Unknown,,Unknown,Unknown,Unknown,Unknown,Unknown,Unknown,Unknown
DMEI09,21,25b,ZZZ5,0,120,0,1000,Unknown,Unknown,,Unknown,Unknown,Unknown,Unknown,Unknown,Unknown,Unknown
DMEI11,37,11a,03,0,120,0,5000,BJ,Sales,0.5,BJ,Sales Rep,Unknown,Free State / Lesotho,Free State,Unknown,Unknown
DMEI12,21,25b,ZZZ5,0,120,0,999999,Unknown,Unknown,,Unknown,Unknown,Unknown,Unknown,Unknown,Unknown,Unknown
DMEI13,29,5a,06,0,120,0,999999,DA,Sales,0.0,DA,Sales Rep,Unknown,Botswana and Exports,Export,Exports incl Botswana,Channel: Export
DMEIC1,5,20a,CONS5,0,30,0,999999,CONSIGNMENTS HO,Gross Profit,0.5,CONSIGNMENT,Channel: Consignment,Unknown,Unknown,Unknown,Consignment,Channel: Consignment
DMEIC2,5,20a,CON3S,0,120,0,999999,CONSIGNMENT BJ/STAND,Gross Profit,0.5,CONSIGNMENT,Channel: Consignment,Unknown,Unknown,Unknown,Consignment,Channel: Consignment
DMEIOC,21,25b,ZZZ5,0,120,0,999999,Unknown,Unknown,,Unknown,Unknown,Unknown,Unknown,Unknown,Unknown,Unknown
DMIR01,36,7c,05,0,120,0,0,RL,Sales,0.5,RL,Sales Rep,Unknown,Gauteng N - Eastgate/Norwood/Midrand,Gauteng,Unknown,Unknown
DMIRC1,21,25b,ZZZ5,0,30,0,999999,Unknown,Unknown,,Unknown,Unknown,Unknown,Unknown,Unknown,Unknown,Unknown
DMIROC,21,25b,ZZZ5,0,120,0,999999,Unknown,Unknown,,Unknown,Unknown,Unknown,Unknown,Unknown,Unknown,Unknown
DMOE02,21,25b,ZZZ5,0,120,0,3000,Unknown,Unknown,,Unknown,Unknown,Unknown,Unknown,Unknown,Unknown,Unknown
DMOI01,43,3a,06,0,120,0,0,DA,Sales,0.0,DA,Sales Rep,Unknown,Soweto/Lenasia,Gauteng,Unknown,Unknown
DMOI02,19,4b,03,0,120,0,3000,BJ,Sales,0.5,BJ,Sales Rep,Unknown,Nelspruit / Tzaneen,Mpumalanga,Unknown,Unknown
DMOI03,46,2b,03,0,120,0,2500,BJ,Sales,0.5,BJ,Sales Rep,Unknown,Krugersdorp / Sun City,North West,Unknown,Unknown
DMOI04,30,7a,05,0,60,0,999999,RL,Sales,0.5,RL,Sales Rep,Unknown,Gauteng N - Sandton,Gauteng,Unknown,Unknown
DMUA01,19,4b,03,0,120,0,1500,BJ,Sales,0.5,BJ,Sales Rep,Unknown,Nelspruit / Tzaneen,Mpumalanga,Unknown,Unknown
DNAE01,21,25b,04,0,120,0,500,BM,Sales,0.5,BM,Sales Rep,Unknown,Unknown,Unknown,Unknown,Unknown
DOUS01,39,6a,04,0,120,0,1000,BM,Sales,0.5,BM,Sales Rep,Unknown,East Cape,Eastern Cape,Unknown,Unknown
DPAA01,21,25b,ZZZ5,0,120,0,1500,Unknown,Unknown,,Unknown,Unknown,Unknown,Unknown,Unknown,Unknown,Unknown
DPAA02,49,10a,02,0,120,0,1500,R,Sales,0.5,R,Sales Rep,Unknown,Durban,KwaZulu-Natal,Unknown,Unknown
DRAU01,39,6a,02,0,120,0,20000,R,Sales,0.5,R,Sales Rep,Unknown,East Cape,Eastern Cape,Unknown,Unknown
DRAU02,21,25b,ZZZ5,0,120,0,10000,Unknown,Unknown,,Unknown,Unknown,Unknown,Unknown,Unknown,Unknown,Unknown
DRAUOC,5,20a,STAND,0,120,0,999999,STAND-60PC CONSIGNMENT,Gross Profit,0.0,CONSIGNMENT_STANDS,Channel: Consignment,Unknown,Unknown,Unknown,Consignment,Channel: Consignment
DRED01,40,6b,04,0,120,0,3000,BM,Sales,0.5,BM,Sales Rep,Unknown,West Cape,Western Cape,Unknown,Unknown
DRED02,41,10a,02,0,120,0,3000,R,Sales,0.5,R,Sales Rep,Unknown,Durban,KwaZulu-Natal,Unknown,Unknown
DREDOC,5,20a,CONS2,0,120,0,999999,CONSIGNMENTS DE,Gross Profit,0.5,CONSIGNMENT,Channel: Consignment,Unknown,Unknown,Unknown,Consignment,Channel: Consignment
DREE01,40,6b,04,0,120,0,1500,BM,Sales,0.5,BM,Sales Rep,Unknown,West Cape,Western Cape,Unknown,Unknown
DSAI01,16,1c,03,0,120,0,2000,BJ,Sales,0.5,BJ,Sales Rep,Unknown,Pretoria East,Gauteng,Unknown,Unknown
DSEGOC,5,20a,STAND,0,120,0,999999,STAND-60PC CONSIGNMENT,Gross Profit,0.0,CONSIGNMENT_STANDS,Channel: Consignment,Unknown,Unknown,Unknown,Consignment,Channel: Consignment
DSEI01,43,3a,06,0,30,0,3000,DA,Sales,0.0,DA,Sales Rep,Unknown,Soweto/Lenasia,Gauteng,Unknown,Unknown
DSIN01,36,7c,05,0,120,0,1000,RL,Sales,0.5,RL,Sales Rep,Unknown,Gauteng N - Eastgate/Norwood/Midrand,Gauteng,Unknown,Unknown
DSWE01,30,7a,05,0,120,0,10000,RL,Sales,0.5,RL,Sales Rep,Unknown,Gauteng N - Sandton,Gauteng,Unknown,Unknown
DVIA01,47,2c,06C,0,120,0,1000,DA CONSIGNMENT,Sales,0.5,DA,Sales Rep,Unknown,Potch / Krugersdorp / Kuruman,North West,Unknown,Unknown
DVIAC1,5,20a,CON6S,0,30,0,999999,CONSIGNMENT DA/STAND,Gross Profit,0.5,CONSIGNMENT,Channel: Consignment,Unknown,Unknown,Unknown,Consignment,Channel: Consignment
DVIAOC,5,20a,CONS6,0,30,0,999999,CONSIGNMENTS DA,Gross Profit,0.5,CONSIGNMENT,Channel: Consignment,Unknown,Unknown,Unknown,Consignment,Channel: Consignment
DVIE01,21,25b,CAT03,0,120,0,1000,CATALOGUE CUSTOMER ONLY - BJ,Sales,0.5,CATALOGUE,Channel: Catalogue,Unknown,Unknown,Unknown,Unknown,Unknown
DVOA01,21,25b,ZZZ5,0,120,0,10000,Unknown,Unknown,,Unknown,Unknown,Unknown,Unknown,Unknown,Unknown,Unknown
DVOAC1,21,25b,ZZZ5,0,30,0,999999,Unknown,Unknown,,Unknown,Unknown,Unknown,Unknown,Unknown,Unknown,Unknown
DVOAOC,21,25b,ZZZ5,0,30,0,999999,Unknown,Unknown,,Unknown,Unknown,Unknown,Unknown,Unknown,Unknown,Unknown
DWAE02,21,25b,ZZZ5,0,120,0,1000,Unknown,Unknown,,Unknown,Unknown,Unknown,Unknown,Unknown,Unknown,Unknown
DWAE03,25,11b,06,0,120,0,2000,DA,Sales,0.0,DA,Sales Rep,Unknown,Ermelo / Piet Retief,Mpumalanga,Unknown,Unknown
DWAE04,14,3b,06,0,120,0,6000,DA,Sales,0.0,DA,Sales Rep,Unknown,Johannesburg CBD,Gauteng,Unknown,Unknown
EACO01,29,5a,06,0,30,0,999999,DA,Sales,0.0,DA,Sales Rep,Unknown,Botswana and Exports,Export,Exports incl Botswana,Channel: Export
EALX01,39,6a,02,0,120,0,20000,R,Sales,0.5,R,Sales Rep,Unknown,East Cape,Eastern Cape,Unknown,Unknown
EALX03,36,7c,05C,0,120,0,0,RL CONSIGNMENT SALES ACC,Sales,0.5,RL,Sales Rep,Unknown,Gauteng N - Eastgate/Norwood/Midrand,Gauteng,Unknown,Unknown
EALXC1,21,25b,ZZZ5,0,30,0,999999,Unknown,Unknown,,Unknown,Unknown,Unknown,Unknown,Unknown,Unknown,Unknown
EALXC2,5,20a,CON2S,0,120,0,999999,CONSIGNMENT DE/STAND,Gross Profit,0.5,CONSIGNMENT,Channel: Consignment,Unknown,Unknown,Unknown,Consignment,Channel: Consignment
EALXOC,21,25b,ZZZ5,0,30,0,999999,Unknown,Unknown,,Unknown,Unknown,Unknown,Unknown,Unknown,Unknown,Unknown
EAME01,42,10b,02,0,120,0,1000,R,Sales,0.5,R,Sales Rep,Unknown,Midlands,KwaZulu-Natal,Unknown,Unknown
EAMR01,1,9a,01N,0,120,0,999999,Unknown,Unknown,,Unknown,Unknown,Unknown,Unknown,Unknown,House accounts,Internal: House Account
EBHK01,2,1a,03,0,120,0,999999,BJ,Sales,0.5,BJ,Sales Rep,Unknown,Pretoria Central,Gauteng,Unknown,Unknown
EBHK02,4,1b,03,0,120,0,5000,BJ,Sales,0.5,BJ,Sales Rep,Unknown,Pretoria North/South/West,Gauteng,Unknown,Unknown
EBLC01,21,25b,ZZZ5,0,120,0,6000,Unknown,Unknown,,Unknown,Unknown,Unknown,Unknown,Unknown,Unknown,Unknown
EBLW01,21,25b,ZZZ5,0,120,0,1000,Unknown,Unknown,,Unknown,Unknown,Unknown,Unknown,Unknown,Unknown,Unknown
EBLW02,21,25b,ZZZ5,0,120,0,1000,Unknown,Unknown,,Unknown,Unknown,Unknown,Unknown,Unknown,Unknown,Unknown
EBRE01,21,25b,ZZZ5,0,120,5,999999,Unknown,Unknown,,Unknown,Unknown,Unknown,Unknown,Unknown,Unknown,Unknown
EBRE02,2,1a,03,0,120,0,2000,BJ,Sales,0.5,BJ,Sales Rep,Unknown,Pretoria Central,Gauteng,Unknown,Unknown
EBRNDS,12,21b,SAMPL,0,120,0,999999,Unknown,Unknown,,Unknown,Unknown,Unknown,Unknown,Unknown,samples,Internal: Sample
EBRW01,21,25b,ZZZ5,0,120,0,3000,Unknown,Unknown,,Unknown,Unknown,Unknown,Unknown,Unknown,Unknown,Unknown
ECHC01,21,25b,ZZZ5,0,120,0,2000,Unknown,Unknown,,Unknown,Unknown,Unknown,Unknown,Unknown,Unknown,Unknown
ECHS01,21,25b,ZZZ5,0,120,0,999999,Unknown,Unknown,,Unknown,Unknown,Unknown,Unknown,Unknown,Unknown,Unknown
ECHT01,21,25b,ZZZ5,0,120,0,1000,Unknown,Unknown,,Unknown,Unknown,Unknown,Unknown,Unknown,Unknown,Unknown
ECHT02,49,10a,02,0,120,0,500,R,Sales,0.5,R,Sales Rep,Unknown,Durban,KwaZulu-Natal,Unknown,Unknown
ECHT03,41,10a,02,0,120,0,1000,R,Sales,0.5,R,Sales Rep,Unknown,Durban,KwaZulu-Natal,Unknown,Unknown
ECHT04,49,10a,02,0,120,0,2000,R,Sales,0.5,R,Sales Rep,Unknown,Durban,KwaZulu-Natal,Unknown,Unknown
ECHT05,39,6a,02,0,120,0,4000,R,Sales,0.5,R,Sales Rep,Unknown,East Cape,Eastern Cape,Unknown,Unknown
ECHT06,40,6b,04,0,120,0,3000,BM,Sales,0.5,BM,Sales Rep,Unknown,West Cape,Western Cape,Unknown,Unknown
ECHTCO,5,20a,CONS2,0,120,0,999999,CONSIGNMENTS DE,Gross Profit,0.5,CONSIGNMENT,Channel: Consignment,Unknown,Unknown,Unknown,Consignment,Channel: Consignment
ECLA01,41,10a,02,0,120,0,10000,R,Sales,0.5,R,Sales Rep,Unknown,Durban,KwaZulu-Natal,Unknown,Unknown
ECLA02,40,6b,04,0,120,0,1000,BM,Sales,0.5,BM,Sales Rep,Unknown,West Cape,Western Cape,Unknown,Unknown
ECLA03,21,25b,ZZZ5,0,120,0,999999,Unknown,Unknown,,Unknown,Unknown,Unknown,Unknown,Unknown,Unknown,Unknown
ECLA04,40,6b,04,0,120,0,5000,BM,Sales,0.5,BM,Sales Rep,Unknown,West Cape,Western Cape,Unknown,Unknown
ECLA05,41,10a,02,0,120,0,2000,R,Sales,0.5,R,Sales Rep,Unknown,Durban,KwaZulu-Natal,Unknown,Unknown
ECOT01,21,25b,ZZZ5,0,120,0,1000,Unknown,Unknown,,Unknown,Unknown,Unknown,Unknown,Unknown,Unknown,Unknown
ECOT02,19,4b,03,0,120,0,1500,BJ,Sales,0.5,BJ,Sales Rep,Unknown,Nelspruit / Tzaneen,Mpumalanga,Unknown,Unknown
ECOT03,21,25b,ZZZ5,0,120,0,1000,Unknown,Unknown,,Unknown,Unknown,Unknown,Unknown,Unknown,Unknown,Unknown
ECOT04,47,2c,06C,0,120,0,5000,DA CONSIGNMENT,Sales,0.5,DA,Sales Rep,Unknown,Potch / Krugersdorp / Kuruman,North West,Unknown,Unknown
ECOTOC,5,20a,CONS6,0,120,0,999999,CONSIGNMENTS DA,Gross Profit,0.5,CONSIGNMENT,Channel: Consignment,Unknown,Unknown,Unknown,Consignment,Channel: Consignment
ECRS01,32,7b,05,0,120,0,1500,RL,Sales,0.5,RL,Sales Rep,Unknown,Gauteng N - Randburg/Rivonia,Gauteng,Unknown,Unknown
ECRW01,21,25b,ZZZ5,0,120,0,5000,Unknown,Unknown,,Unknown,Unknown,Unknown,Unknown,Unknown,Unknown,Unknown
ECRWC1,21,25b,ZZZ5,0,30,0,999999,Unknown,Unknown,,Unknown,Unknown,Unknown,Unknown,Unknown,Unknown,Unknown
ECRWOC,21,25b,ZZZ5,0,120,0,999999,Unknown,Unknown,,Unknown,Unknown,Unknown,Unknown,Unknown,Unknown,Unknown
EDIPOC,5,20a,STAN2,0,120,0,999999,STANDS- 30 PC CONSIGNMENT,Gross Profit,0.0,CONSIGNMENT_STANDS,Channel: Consignment,Unknown,Unknown,Unknown,Consignment,Channel: Consignment
EDIRRE,5,20a,CONS,0,30,0,999999,CONSIGNMENTS HEAD OFFICE,Gross Profit,0.5,CONSIGNMENT,Channel: Consignment,Unknown,Unknown,Unknown,Consignment,Channel: Consignment
EEDN01,21,25b,ZZZ5,0,120,0,2000,Unknown,Unknown,,Unknown,Unknown,Unknown,Unknown,Unknown,Unknown,Unknown
EEVR01,21,25b,ZZZ5,0,120,0,50000,Unknown,Unknown,,Unknown,Unknown,Unknown,Unknown,Unknown,Unknown,Unknown
EEVR02,45,2a,06,0,120,0,3500,DA,Sales,0.0,DA,Sales Rep,Unknown,Vaal Triangle,Gauteng,Unknown,Unknown
EEYB01,46,2b,07C,0,120,0,7500,LA Consignments SalesAcc,Sales,0.5,LA,Sales Rep,Unknown,Krugersdorp / Sun City,North West,Unknown,Unknown
EEYB02,33,1d,03,0,60,0,999999,BJ,Sales,0.5,BJ,Sales Rep,Unknown,Pretoria,Gauteng,Unknown,Unknown
EEYBC1,5,20a,CONS5,0,30,0,999999,CONSIGNMENTS HO,Gross Profit,0.5,CONSIGNMENT,Channel: Consignment,Unknown,Unknown,Unknown,Consignment,Channel: Consignment
EEYBOC,21,25b,ZZZ5,0,30,0,999999,Unknown,Unknown,,Unknown,Unknown,Unknown,Unknown,Unknown,Unknown,Unknown
EEYC01,21,25b,ZZZ5,0,120,0,999999,Unknown,Unknown,,Unknown,Unknown,Unknown,Unknown,Unknown,Unknown,Unknown
EEYC02,29,5a,06,0,120,0,5000,DA,Sales,0.0,DA,Sales Rep,Unknown,Botswana and Exports,Export,Exports incl Botswana,Channel: Export
EEYC03,21,25b,ZZZ5,0,120,0,2000,Unknown,Unknown,,Unknown,Unknown,Unknown,Unknown,Unknown,Unknown,Unknown
EEYC04,41,10a,02,0,120,0,5000,R,Sales,0.5,R,Sales Rep,Unknown,Durban,KwaZulu-Natal,Unknown,Unknown
EEYCC2,21,25b,ZZZ5,0,30,0,999999,Unknown,Unknown,,Unknown,Unknown,Unknown,Unknown,Unknown,Unknown,Unknown
EEYCC3,5,20a,CONS2,0,120,0,999999,CONSIGNMENTS DE,Gross Profit,0.5,CONSIGNMENT,Channel: Consignment,Unknown,Unknown,Unknown,Consignment,Channel: Consignment
EEYCC4,5,20a,CON10,0,120,0,999999,CONSIGNMENT BA,Sales,0.5,BA_CONSIGNMENT,Channel: Consignment,Unknown,Unknown,Unknown,Consignment,Channel: Consignment
EEYCC5,21,25b,ZZZ5,0,120,0,999999,Unknown,Unknown,,Unknown,Unknown,Unknown,Unknown,Unknown,Unknown,Unknown
EEYCC6,21,25b,ZZZ5,0,120,0,999999,Unknown,Unknown,,Unknown,Unknown,Unknown,Unknown,Unknown,Unknown,Unknown
EEYCOC,21,25b,ZZZ5,0,30,0,999999,Unknown,Unknown,,Unknown,Unknown,Unknown,Unknown,Unknown,Unknown,Unknown
EEYD01,21,25b,ZZZ5,0,120,0,500,Unknown,Unknown,,Unknown,Unknown,Unknown,Unknown,Unknown,Unknown,Unknown
EEYD02,40,6b,04,0,120,0,1500,BM,Sales,0.5,BM,Sales Rep,Unknown,West Cape,Western Cape,Unknown,Unknown
EEYD03,21,25b,ZZZ5,0,120,0,1000,Unknown,Unknown,,Unknown,Unknown,Unknown,Unknown,Unknown,Unknown,Unknown
EEYD04,32,7b,05,0,120,0,7500,RL,Sales,0.5,RL,Sales Rep,Unknown,Gauteng N - Randburg/Rivonia,Gauteng,Unknown,Unknown
EEYE01,31,8a,06,0,120,0,500,DA,Sales,0.0,DA,Sales Rep,Unknown,Gauteng E - Alberton/Benoni/Kempton,Gauteng,Unknown,Unknown
EEYE02,29,5a,06,0,120,0,24500,DA,Sales,0.0,DA,Sales Rep,Unknown,Botswana and Exports,Export,Exports incl Botswana,Channel: Export
EEYEXC,5,20a,CONS6,0,120,0,999999,CONSIGNMENTS DA,Gross Profit,0.5,CONSIGNMENT,Channel: Consignment,Unknown,Unknown,Unknown,Consignment,Channel: Consignment
EEYL01,42,10b,02,0,120,0,5000,R,Sales,0.5,R,Sales Rep,Unknown,Midlands,KwaZulu-Natal,Unknown,Unknown
EEYL02,21,25b,ZZZ5,0,120,0,75000,Unknown,Unknown,,Unknown,Unknown,Unknown,Unknown,Unknown,Unknown,Unknown
EEYL03,14,3b,06,0,120,0,3000,DA,Sales,0.0,DA,Sales Rep,Unknown,Johannesburg CBD,Gauteng,Unknown,Unknown
EEYL04,21,25b,ZZZ5,0,120,0,2500,Unknown,Unknown,,Unknown,Unknown,Unknown,Unknown,Unknown,Unknown,Unknown
EEYL05,21,25b,ZZZ5,0,120,0,5000,Unknown,Unknown,,Unknown,Unknown,Unknown,Unknown,Unknown,Unknown,Unknown
EEYL06,31,8a,06,0,60,0,999999,DA,Sales,0.0,DA,Sales Rep,Unknown,Gauteng E - Alberton/Benoni/Kempton,Gauteng,Unknown,Unknown
EEYLOC,21,25b,ZZZ5,0,120,0,999999,Unknown,Unknown,,Unknown,Unknown,Unknown,Unknown,Unknown,Unknown,Unknown
EEYO01,21,25b,ZZZ5,0,120,0,2000,Unknown,Unknown,,Unknown,Unknown,Unknown,Unknown,Unknown,Unknown,Unknown
EEYP02,4,1b,03,0,120,0,200000,BJ,Sales,0.5,BJ,Sales Rep,Unknown,Pretoria North/South/West,Gauteng,Unknown,Unknown
EEYPC1,5,20a,CONS,0,120,0,999999,CONSIGNMENTS HEAD OFFICE,Gross Profit,0.5,CONSIGNMENT,Channel: Consignment,Unknown,Unknown,Unknown,Consignment,Channel: Consignment
EEYPC2,5,20a,STAND,0,120,0,999999,STAND-60PC CONSIGNMENT,Gross Profit,0.0,CONSIGNMENT_STANDS,Channel: Consignment,Unknown,Unknown,Unknown,Consignment,Channel: Consignment
EEYPOC,5,20a,STAND,0,120,0,999999,STAND-60PC CONSIGNMENT,Gross Profit,0.0,CONSIGNMENT_STANDS,Channel: Consignment,Unknown,Unknown,Unknown,Consignment,Channel: Consignment
EEYPRF,5,20a,CON2S,0,120,0,999999,CONSIGNMENT DE/STAND,Gross Profit,0.5,CONSIGNMENT,Channel: Consignment,Unknown,Unknown,Unknown,Consignment,Channel: Consignment
EEYQ01,21,25b,ZZZ1,0,120,0,1000,Unknown,Unknown,,Unknown,Unknown,Unknown,Unknown,Unknown,Unknown,Unknown
EEYS01,49,10a,02,0,120,0,500,R,Sales,0.5,R,Sales Rep,Unknown,Durban,KwaZulu-Natal,Unknown,Unknown
EEYS02,40,6b,04,0,120,0,2000,BM,Sales,0.5,BM,Sales Rep,Unknown,West Cape,Western Cape,Unknown,Unknown
EEYS03,32,7b,05,0,120,0,3000,RL,Sales,0.5,RL,Sales Rep,Unknown,Gauteng N - Randburg/Rivonia,Gauteng,Unknown,Unknown
EEYS04,21,25b,ZZZ5,0,120,0,2000,Unknown,Unknown,,Unknown,Unknown,Unknown,Unknown,Unknown,Unknown,Unknown
EEYS05,32,7b,05,0,120,0,2000,RL,Sales,0.5,RL,Sales Rep,Unknown,Gauteng N - Randburg/Rivonia,Gauteng,Unknown,Unknown
EEYS06,21,25b,ZZZ5,0,120,0,2000,Unknown,Unknown,,Unknown,Unknown,Unknown,Unknown,Unknown,Unknown,Unknown
EEYS07,21,25b,04,0,120,0,3000,BM,Sales,0.5,BM,Sales Rep,Unknown,Unknown,Unknown,Unknown,Unknown
EEYS08,20,25a,ZZZ3,0,120,0,3000,Unknown,Unknown,,Unknown,Unknown,Unknown,Unknown,Unknown,Unknown,Unknown
EEYS09,21,25b,ZZZ,0,120,0,500,Unknown,Unknown,,Unknown,Unknown,Unknown,Unknown,Unknown,Unknown,Unknown
EEYS10,42,10b,02,0,120,0,4000,R,Sales,0.5,R,Sales Rep,Unknown,Midlands,KwaZulu-Natal,Unknown,Unknown
EEYS12,21,25b,ZZZ1,0,120,0,0,Unknown,Unknown,,Unknown,Unknown,Unknown,Unknown,Unknown,Unknown,Unknown
EEYS13,21,25b,ZZZ5,0,120,0,7500,Unknown,Unknown,,Unknown,Unknown,Unknown,Unknown,Unknown,Unknown,Unknown
EEYS14,36,7c,05C,0,120,0,5000,RL CONSIGNMENT SALES ACC,Sales,0.5,RL,Sales Rep,Unknown,Gauteng N - Eastgate/Norwood/Midrand,Gauteng,Unknown,Unknown
EEYS15,25,11b,06,0,120,0,999999,DA,Sales,0.0,DA,Sales Rep,Unknown,Ermelo / Piet Retief,Mpumalanga,Unknown,Unknown
EEYT01,21,25b,ZZZ1,0,120,0,0,Unknown,Unknown,,Unknown,Unknown,Unknown,Unknown,Unknown,Unknown,Unknown
EEYT02,32,7b,05,0,120,0,1000,RL,Sales,0.5,RL,Sales Rep,Unknown,Gauteng N - Randburg/Rivonia,Gauteng,Unknown,Unknown
EEYT03,21,25b,ZZZ5,0,120,0,2000,Unknown,Unknown,,Unknown,Unknown,Unknown,Unknown,Unknown,Unknown,Unknown
EEYT04,39,6a,ZZZ5,0,120,0,3000,Unknown,Unknown,,Unknown,Unknown,Unknown,East Cape,Eastern Cape,Unknown,Unknown
EEYT05,39,6a,ZZZ5,0,120,0,3000,Unknown,Unknown,,Unknown,Unknown,Unknown,East Cape,Eastern Cape,Unknown,Unknown
EEYT06,30,7a,05,0,60,0,999999,RL,Sales,0.5,RL,Sales Rep,Unknown,Gauteng N - Sandton,Gauteng,Unknown,Unknown
EEYTC1,5,20a,CONS4,0,120,0,999999,CONSIGNMENTS BM,Gross Profit,0.5,CONSIGNMENT,Channel: Consignment,Unknown,Unknown,Unknown,Consignment,Channel: Consignment
EEYTC2,5,20a,CONS4,0,120,0,999999,CONSIGNMENTS BM,Gross Profit,0.5,CONSIGNMENT,Channel: Consignment,Unknown,Unknown,Unknown,Consignment,Channel: Consignment
EEYTC3,5,20a,CONS5,0,60,0,999999,CONSIGNMENTS HO,Gross Profit,0.5,CONSIGNMENT,Channel: Consignment,Unknown,Unknown,Unknown,Consignment,Channel: Consignment
EEYW01,21,25b,ZZZ5,0,120,0,500,Unknown,Unknown,,Unknown,Unknown,Unknown,Unknown,Unknown,Unknown,Unknown
EEYW02,19,4b,03,0,120,0,5000,BJ,Sales,0.5,BJ,Sales Rep,Unknown,Nelspruit / Tzaneen,Mpumalanga,Unknown,Unknown
EEYW03,21,25b,ZZZ5,0,120,0,1000,Unknown,Unknown,,Unknown,Unknown,Unknown,Unknown,Unknown,Unknown,Unknown
EEYW04,20,25a,ZZZ3,0,120,0,500,Unknown,Unknown,,Unknown,Unknown,Unknown,Unknown,Unknown,Unknown,Unknown
EEYW05,21,25b,ZZZ5,0,120,0,3000,Unknown,Unknown,,Unknown,Unknown,Unknown,Unknown,Unknown,Unknown,Unknown
EEYW06,21,25b,ZZZ5,0,120,0,2500,Unknown,Unknown,,Unknown,Unknown,Unknown,Unknown,Unknown,Unknown,Unknown
EEYZ01,21,25b,ZZZ,0,120,0,4000,Unknown,Unknown,,Unknown,Unknown,Unknown,Unknown,Unknown,Unknown,Unknown
EFRE01,39,6a,04,0,120,0,2000,BM,Sales,0.5,BM,Sales Rep,Unknown,East Cape,Eastern Cape,Unknown,Unknown
EFRE02,21,25b,ZZZ5,0,120,0,500,Unknown,Unknown,,Unknown,Unknown,Unknown,Unknown,Unknown,Unknown,Unknown
EGRE02,25,11b,06,0,120,0,750,DA,Sales,0.0,DA,Sales Rep,Unknown,Ermelo / Piet Retief,Mpumalanga,Unknown,Unknown
EGRW01,40,6b,04,0,120,0,2000,BM,Sales,0.5,BM,Sales Rep,Unknown,West Cape,Western Cape,Unknown,Unknown
EGRWC1,5,20a,CON4S,0,30,0,999999,CONSIGNMENT BM/STAND,Gross Profit,0.5,CONSIGNMENT,Channel: Consignment,Unknown,Unknown,Unknown,Consignment,Channel: Consignment
EGRWCO,5,20a,STAND,0,120,0,999999,STAND-60PC CONSIGNMENT,Gross Profit,0.0,CONSIGNMENT_STANDS,Channel: Consignment,Unknown,Unknown,Unknown,Consignment,Channel: Consignment
EIDA01,21,25b,ZZZ5,0,120,0,2000,Unknown,Unknown,,Unknown,Unknown,Unknown,Unknown,Unknown,Unknown,Unknown
EIDA02,41,10a,02,0,120,0,1000,R,Sales,0.5,R,Sales Rep,Unknown,Durban,KwaZulu-Natal,Unknown,Unknown
EIDA03,30,7a,05,0,60,0,999999,RL,Sales,0.5,RL,Sales Rep,Unknown,Gauteng N - Sandton,Gauteng,Unknown,Unknown
EKET01,36,7c,05,0,120,0,1000,RL,Sales,0.5,RL,Sales Rep,Unknown,Gauteng N - Eastgate/Norwood/Midrand,Gauteng,Unknown,Unknown
EKLR01,21,25b,ZZZ5,0,120,0,4000,Unknown,Unknown,,Unknown,Unknown,Unknown,Unknown,Unknown,Unknown,Unknown
EMBD01,20,25a,ZZZ2,0,120,0,0,Unknown,Unknown,,Unknown,Unknown,Unknown,Unknown,Unknown,Unknown,Unknown
EMER01,41,10a,02,0,120,0,1500,R,Sales,0.5,R,Sales Rep,Unknown,Durban,KwaZulu-Natal,Unknown,Unknown
EMNT01,6,21a,CONS,0,30,0,999999,CONSIGNMENTS HEAD OFFICE,Gross Profit,0.5,CONSIGNMENT,Channel: Consignment,Unknown,Unknown,Unknown,Advertising Appro,Internal: Advertising
EMYR01,21,25b,ZZZ5,0,120,0,1000,Unknown,Unknown,,Unknown,Unknown,Unknown,Unknown,Unknown,Unknown,Unknown
EMYY01,30,7a,05,0,120,0,999999,RL,Sales,0.5,RL,Sales Rep,Unknown,Gauteng N - Sandton,Gauteng,Unknown,Unknown
ENIH01,21,25b,ZZZ5,0,120,0,1000,Unknown,Unknown,,Unknown,Unknown,Unknown,Unknown,Unknown,Unknown,Unknown
ENIM01,18,4a,06,0,120,0,15000,DA,Sales,0.0,DA,Sales Rep,Unknown,Pietersburg / Potgietersrus,Limpopo,Unknown,Unknown
ENIMC1,5,20a,CONS6,0,30,0,999999,CONSIGNMENTS DA,Gross Profit,0.5,CONSIGNMENT,Channel: Consignment,Unknown,Unknown,Unknown,Consignment,Channel: Consignment
ENIMOC,20,25a,ZZZ5,0,30,0,999999,Unknown,Unknown,,Unknown,Unknown,Unknown,Unknown,Unknown,Unknown,Unknown
EOBM01,39,6a,04,0,120,0,2500,BM,Sales,0.5,BM,Sales Rep,Unknown,East Cape,Eastern Cape,Unknown,Unknown
EOBR01,20,25a,ZZZ2,0,120,0,2000,Unknown,Unknown,,Unknown,Unknown,Unknown,Unknown,Unknown,Unknown,Unknown
EOBRC0,5,20a,ZZZ3,0,120,0,999999,Unknown,Unknown,,Unknown,Unknown,Unknown,Unknown,Unknown,Consignment,Channel: Consignment
EPER01,39,6a,02,0,120,0,20000,R,Sales,0.5,R,Sales Rep,Unknown,East Cape,Eastern Cape,Unknown,Unknown
EPER03,21,25b,ZZZ5,0,120,0,3000,Unknown,Unknown,,Unknown,Unknown,Unknown,Unknown,Unknown,Unknown,Unknown
EPER04,30,7a,05C,0,120,0,15000,RL CONSIGNMENT SALES ACC,Sales,0.5,RL,Sales Rep,Unknown,Gauteng N - Sandton,Gauteng,Unknown,Unknown
EPERC1,5,20a,CONS5,0,30,0,999999,CONSIGNMENTS HO,Gross Profit,0.5,CONSIGNMENT,Channel: Consignment,Unknown,Unknown,Unknown,Consignment,Channel: Consignment
EPERC2,5,20a,CON4S,0,120,0,999999,CONSIGNMENT BM/STAND,Gross Profit,0.5,CONSIGNMENT,Channel: Consignment,Unknown,Unknown,Unknown,Consignment,Channel: Consignment
EPERC3,5,20a,CONS5,0,120,0,999999,CONSIGNMENTS HO,Gross Profit,0.5,CONSIGNMENT,Channel: Consignment,Unknown,Unknown,Unknown,Consignment,Channel: Consignment
EPEROC,21,25b,ZZZ5,0,30,0,999999,Unknown,Unknown,,Unknown,Unknown,Unknown,Unknown,Unknown,Unknown,Unknown
EPHE01,4,1b,03,0,120,0,2500,BJ,Sales,0.5,BJ,Sales Rep,Unknown,Pretoria North/South/West,Gauteng,Unknown,Unknown
EPHL01,20,25a,ZZZ2,0,120,0,0,Unknown,Unknown,,Unknown,Unknown,Unknown,Unknown,Unknown,Unknown,Unknown
EPIK01,33,1d,03,0,120,0,1000,BJ,Sales,0.5,BJ,Sales Rep,Unknown,Pretoria,Gauteng,Unknown,Unknown
EPIP01,49,10a,02,0,120,0,500,R,Sales,0.5,R,Sales Rep,Unknown,Durban,KwaZulu-Natal,Unknown,Unknown
EPIT02,18,4a,06,3,120,0,12500,DA,Sales,0.0,DA,Sales Rep,Unknown,Pietersburg / Potgietersrus,Limpopo,Unknown,Unknown
EPRC01,41,10a,02,0,120,0,4000,R,Sales,0.5,R,Sales Rep,Unknown,Durban,KwaZulu-Natal,Unknown,Unknown
EPRS01,20,25a,ZZZ2,0,120,0,4000,Unknown,Unknown,,Unknown,Unknown,Unknown,Unknown,Unknown,Unknown,Unknown
EPRT01,4,1b,03,0,120,0,5000,BJ,Sales,0.5,BJ,Sales Rep,Unknown,Pretoria North/South/West,Gauteng,Unknown,Unknown
EPRT02,42,10b,02,0,120,0,5000,R,Sales,0.5,R,Sales Rep,Unknown,Midlands,KwaZulu-Natal,Unknown,Unknown
EPRT03,21,25b,ZZZ5,0,120,0,1000,Unknown,Unknown,,Unknown,Unknown,Unknown,Unknown,Unknown,Unknown,Unknown
EPRT04,45,2a,06,0,120,0,3000,DA,Sales,0.0,DA,Sales Rep,Unknown,Vaal Triangle,Gauteng,Unknown,Unknown
EPRT05,31,8a,06C,0,120,0,2500,DA CONSIGNMENT,Sales,0.5,DA,Sales Rep,Unknown,Gauteng E - Alberton/Benoni/Kempton,Gauteng,Unknown,Unknown
EPRTC1,5,20a,CONS6,0,30,0,999999,CONSIGNMENTS DA,Gross Profit,0.5,CONSIGNMENT,Channel: Consignment,Unknown,Unknown,Unknown,Consignment,Channel: Consignment
EPRTOC,21,25b,ZZZ5,0,120,0,999999,Unknown,Unknown,,Unknown,Unknown,Unknown,Unknown,Unknown,Unknown,Unknown
EQUE01,36,7c,05,0,120,0,3000,RL,Sales,0.5,RL,Sales Rep,Unknown,Gauteng N - Eastgate/Norwood/Midrand,Gauteng,Unknown,Unknown
ERED01,4,1b,03,0,120,0,1000,BJ,Sales,0.5,BJ,Sales Rep,Unknown,Pretoria North/South/West,Gauteng,Unknown,Unknown
ERED02,41,10a,02,0,120,0,1000,R,Sales,0.5,R,Sales Rep,Unknown,Durban,KwaZulu-Natal,Unknown,Unknown
ERED03,41,10a,02,0,120,0,5000,R,Sales,0.5,R,Sales Rep,Unknown,Durban,KwaZulu-Natal,Unknown,Unknown
EREDC1,5,20a,CONS3,0,120,0,999999,CONSIGNMENTS BJ,Gross Profit,0.5,CONSIGNMENT,Channel: Consignment,Unknown,Unknown,Unknown,Consignment,Channel: Consignment
EROT01,34,1e,03,0,120,0,20000,BJ,Sales,0.5,BJ,Sales Rep,Unknown,Witbank/Middelburg,Mpumalanga,Unknown,Unknown
EROTC1,5,20a,CON3S,0,30,0,999999,CONSIGNMENT BJ/STAND,Gross Profit,0.5,CONSIGNMENT,Channel: Consignment,Unknown,Unknown,Unknown,Consignment,Channel: Consignment
EROTOC,5,20a,CON3S,0,120,0,999999,CONSIGNMENT BJ/STAND,Gross Profit,0.5,CONSIGNMENT,Channel: Consignment,Unknown,Unknown,Unknown,Consignment,Channel: Consignment
ESEB01,21,25b,ZZZ5,0,120,0,0,Unknown,Unknown,,Unknown,Unknown,Unknown,Unknown,Unknown,Unknown,Unknown
ESEB02,40,6b,04,0,120,0,3000,BM,Sales,0.5,BM,Sales Rep,Unknown,West Cape,Western Cape,Unknown,Unknown
ESED01,41,10a,02,0,120,0,10000,R,Sales,0.5,R,Sales Rep,Unknown,Durban,KwaZulu-Natal,Unknown,Unknown
ESED02,42,10b,02,0,120,0,4000,R,Sales,0.5,R,Sales Rep,Unknown,Midlands,KwaZulu-Natal,Unknown,Unknown
ESED03,21,25b,ZZZ5,0,120,0,2000,Unknown,Unknown,,Unknown,Unknown,Unknown,Unknown,Unknown,Unknown,Unknown
ESED04,42,10b,02,0,120,0,10000,R,Sales,0.5,R,Sales Rep,Unknown,Midlands,KwaZulu-Natal,Unknown,Unknown
ESEDC1,5,20a,CON2S,0,120,0,999999,CONSIGNMENT DE/STAND,Gross Profit,0.5,CONSIGNMENT,Channel: Consignment,Unknown,Unknown,Unknown,Consignment,Channel: Consignment
ESES01,20,25a,CITC,0,120,0,2500,C-  ITC,Sales,0.5,Unknown,Unclassified_Missing_Data,Unknown,Unknown,Unknown,Unknown,Unknown
ESET01,41,10a,02,0,120,0,2000,R,Sales,0.5,R,Sales Rep,Unknown,Durban,KwaZulu-Natal,Unknown,Unknown
ESHL01,49,10a,02,0,120,0,2000,R,Sales,0.5,R,Sales Rep,Unknown,Durban,KwaZulu-Natal,Unknown,Unknown
ESHP01,25,11b,06,0,120,0,15000,DA,Sales,0.0,DA,Sales Rep,Unknown,Ermelo / Piet Retief,Mpumalanga,Unknown,Unknown
ESHP02,16,1c,03,0,120,0,5000,BJ,Sales,0.5,BJ,Sales Rep,Unknown,Pretoria East,Gauteng,Unknown,Unknown
ESHR01,31,8a,06,0,120,0,30000,DA,Sales,0.0,DA,Sales Rep,Unknown,Gauteng E - Alberton/Benoni/Kempton,Gauteng,Unknown,Unknown
ESHR02,33,1d,03,0,120,0,1000,BJ,Sales,0.5,BJ,Sales Rep,Unknown,Pretoria,Gauteng,Unknown,Unknown
ESHR03,14,3b,06,0,120,0,3000,DA,Sales,0.0,DA,Sales Rep,Unknown,Johannesburg CBD,Gauteng,Unknown,Unknown
ESHR05,14,3b,06C,0,120,0,15000,DA CONSIGNMENT,Sales,0.5,DA,Sales Rep,Unknown,Johannesburg CBD,Gauteng,Unknown,Unknown
ESHR07,30,7a,05C,0,120,0,5000,RL CONSIGNMENT SALES ACC,Sales,0.5,RL,Sales Rep,Unknown,Gauteng N - Sandton,Gauteng,Unknown,Unknown
ESHRC1,21,25b,ZZZ5,0,120,0,999999,Unknown,Unknown,,Unknown,Unknown,Unknown,Unknown,Unknown,Unknown,Unknown
ESHRC2,5,20a,CONS5,0,30,0,999999,CONSIGNMENTS HO,Gross Profit,0.5,CONSIGNMENT,Channel: Consignment,Unknown,Unknown,Unknown,Consignment,Channel: Consignment
ESHROC,5,20a,CONS6,0,30,0,999999,CONSIGNMENTS DA,Gross Profit,0.5,CONSIGNMENT,Channel: Consignment,Unknown,Unknown,Unknown,Consignment,Channel: Consignment
ESIF01,5,20a,05,0,120,0,10000,RL,Sales,0.5,RL,Sales Rep,Unknown,Unknown,Unknown,Consignment,Channel: Consignment
ESIFC1,5,20a,CONS5,0,30,0,999999,CONSIGNMENTS HO,Gross Profit,0.5,CONSIGNMENT,Channel: Consignment,Unknown,Unknown,Unknown,Consignment,Channel: Consignment
ESIFOC,21,25b,ZZZ5,0,120,0,999999,Unknown,Unknown,,Unknown,Unknown,Unknown,Unknown,Unknown,Unknown,Unknown
ESPBEN,21,25b,ZZZ5,0,120,0,999999,Unknown,Unknown,,Unknown,Unknown,Unknown,Unknown,Unknown,Unknown,Unknown
ESPBRI,5,20a,ZZZ5,0,30,0,999999,Unknown,Unknown,,Unknown,Unknown,Unknown,Unknown,Unknown,Consignment,Channel: Consignment
ESPBRM,5,20a,CONS4,0,60,0,999999,CONSIGNMENTS BM,Gross Profit,0.5,CONSIGNMENT,Channel: Consignment,Unknown,Unknown,Unknown,Consignment,Channel: Consignment
ESPC02,37,11a,03,0,120,0,7500,BJ,Sales,0.5,BJ,Sales Rep,Unknown,Free State / Lesotho,Free State,Unknown,Unknown
ESPC03,40,6b,04,0,120,0,15000,BM,Sales,0.5,BM,Sales Rep,Unknown,West Cape,Western Cape,Unknown,Unknown
ESPC04,21,25b,ZZZ,0,120,0,4000,Unknown,Unknown,,Unknown,Unknown,Unknown,Unknown,Unknown,Unknown,Unknown
ESPC06,33,1d,03,0,120,0,4000,BJ,Sales,0.5,BJ,Sales Rep,Unknown,Pretoria,Gauteng,Unknown,Unknown
ESPC07,21,25b,ZZZ5,0,120,0,5000,Unknown,Unknown,,Unknown,Unknown,Unknown,Unknown,Unknown,Unknown,Unknown
ESPC08,21,25b,ZZZ5,0,120,0,4000,Unknown,Unknown,,Unknown,Unknown,Unknown,Unknown,Unknown,Unknown,Unknown
ESPC09,40,6b,04,0,120,0,4000,BM,Sales,0.5,BM,Sales Rep,Unknown,West Cape,Western Cape,Unknown,Unknown
ESPC10,41,10a,02,0,120,0,1000,R,Sales,0.5,R,Sales Rep,Unknown,Durban,KwaZulu-Natal,Unknown,Unknown
ESPC11,21,25b,ZZZ5,0,120,0,3000,Unknown,Unknown,,Unknown,Unknown,Unknown,Unknown,Unknown,Unknown,Unknown
ESPC12,21,25b,04,0,120,0,3000,BM,Sales,0.5,BM,Sales Rep,Unknown,Unknown,Unknown,Unknown,Unknown
ESPC21,33,1d,03,0,120,0,7500,BJ,Sales,0.5,BJ,Sales Rep,Unknown,Pretoria,Gauteng,Unknown,Unknown
ESPC24,21,25b,ZZZ5,0,120,0,7500,Unknown,Unknown,,Unknown,Unknown,Unknown,Unknown,Unknown,Unknown,Unknown
ESPC27,21,25b,ZZZ1,0,120,0,7500,Unknown,Unknown,,Unknown,Unknown,Unknown,Unknown,Unknown,Unknown,Unknown
ESPC29,39,6a,02,0,120,0,7500,R,Sales,0.5,R,Sales Rep,Unknown,East Cape,Eastern Cape,Unknown,Unknown
ESPC31,46,2b,05,0,120,0,7500,RL,Sales,0.5,RL,Sales Rep,Unknown,Krugersdorp / Sun City,North West,Unknown,Unknown
ESPC32,21,25b,ZZZ2,0,120,0,7500,Unknown,Unknown,,Unknown,Unknown,Unknown,Unknown,Unknown,Unknown,Unknown
ESPC33,37,11a,03,0,120,0,7500,BJ,Sales,0.5,BJ,Sales Rep,Unknown,Free State / Lesotho,Free State,Unknown,Unknown
ESPC36,18,4a,06,0,120,0,7500,DA,Sales,0.0,DA,Sales Rep,Unknown,Pietersburg / Potgietersrus,Limpopo,Unknown,Unknown
ESPC37,21,25b,ZZZ5,0,120,0,7500,Unknown,Unknown,,Unknown,Unknown,Unknown,Unknown,Unknown,Unknown,Unknown
ESPC39,37,11a,03,0,120,0,7500,BJ,Sales,0.5,BJ,Sales Rep,Unknown,Free State / Lesotho,Free State,Unknown,Unknown
ESPC40,46,2b,03,0,120,0,7500,BJ,Sales,0.5,BJ,Sales Rep,Unknown,Krugersdorp / Sun City,North West,Unknown,Unknown
ESPC43,19,4b,03,0,120,0,999999,BJ,Sales,0.5,BJ,Sales Rep,Unknown,Nelspruit / Tzaneen,Mpumalanga,Unknown,Unknown
ESPC50,4,1b,03,0,120,0,7500,BJ,Sales,0.5,BJ,Sales Rep,Unknown,Pretoria North/South/West,Gauteng,Unknown,Unknown
ESPC51,30,7a,05,0,120,0,4000,RL,Sales,0.5,RL,Sales Rep,Unknown,Gauteng N - Sandton,Gauteng,Unknown,Unknown
ESPC53,46,2b,05,0,120,0,7500,RL,Sales,0.5,RL,Sales Rep,Unknown,Krugersdorp / Sun City,North West,Unknown,Unknown
ESPC54,18,4a,06,0,120,0,7500,DA,Sales,0.0,DA,Sales Rep,Unknown,Pietersburg / Potgietersrus,Limpopo,Unknown,Unknown
ESPC55,21,25b,ZZZ5,0,120,0,5000,Unknown,Unknown,,Unknown,Unknown,Unknown,Unknown,Unknown,Unknown,Unknown
ESPC56,21,25b,ZZZ5,0,120,0,5000,Unknown,Unknown,,Unknown,Unknown,Unknown,Unknown,Unknown,Unknown,Unknown
ESPC57,21,25b,ZZZ5,0,120,0,15000,Unknown,Unknown,,Unknown,Unknown,Unknown,Unknown,Unknown,Unknown,Unknown
ESPC58,40,6b,04,0,120,0,5000,BM,Sales,0.5,BM,Sales Rep,Unknown,West Cape,Western Cape,Unknown,Unknown
ESPC59,40,6b,04,0,120,0,15000,BM,Sales,0.5,BM,Sales Rep,Unknown,West Cape,Western Cape,Unknown,Unknown
ESPC60,21,25b,ZZZ5,0,120,0,0,Unknown,Unknown,,Unknown,Unknown,Unknown,Unknown,Unknown,Unknown,Unknown
ESPC61,32,7b,05,0,120,0,15000,RL,Sales,0.5,RL,Sales Rep,Unknown,Gauteng N - Randburg/Rivonia,Gauteng,Unknown,Unknown
ESPC62,33,1d,03,0,120,0,15000,BJ,Sales,0.5,BJ,Sales Rep,Unknown,Pretoria,Gauteng,Unknown,Unknown
ESPC63,32,7b,03,0,120,0,20000,BJ,Sales,0.5,BJ,Sales Rep,Unknown,Gauteng N - Randburg/Rivonia,Gauteng,Unknown,Unknown
ESPC64,39,6a,02,0,120,0,5000,R,Sales,0.5,R,Sales Rep,Unknown,East Cape,Eastern Cape,Unknown,Unknown
ESPC65,39,6a,02,0,120,0,5000,R,Sales,0.5,R,Sales Rep,Unknown,East Cape,Eastern Cape,Unknown,Unknown
ESPC66,39,6a,04,0,120,0,5000,BM,Sales,0.5,BM,Sales Rep,Unknown,East Cape,Eastern Cape,Unknown,Unknown
ESPC67,40,6b,04,0,120,0,0,BM,Sales,0.5,BM,Sales Rep,Unknown,West Cape,Western Cape,Unknown,Unknown
ESPC68,40,6b,04C,0,120,0,15000,BM CONSIGNMENT SALES ACC,Sales,0.5,BM,Sales Rep,Unknown,West Cape,Western Cape,Unknown,Unknown
ESPC69,45,2a,06,0,120,0,100000,DA,Sales,0.0,DA,Sales Rep,Unknown,Vaal Triangle,Gauteng,Unknown,Unknown
ESPC70,47,2c,06,0,120,0,5000,DA,Sales,0.0,DA,Sales Rep,Unknown,Potch / Krugersdorp / Kuruman,North West,Unknown,Unknown
ESPC71,40,6b,04C,0,120,0,3000,BM CONSIGNMENT SALES ACC,Sales,0.5,BM,Sales Rep,Unknown,West Cape,Western Cape,Unknown,Unknown
ESPC72,21,25b,ZZZ5,0,120,0,7500,Unknown,Unknown,,Unknown,Unknown,Unknown,Unknown,Unknown,Unknown,Unknown
ESPC73,21,25b,ZZZ1,0,120,0,4000,Unknown,Unknown,,Unknown,Unknown,Unknown,Unknown,Unknown,Unknown,Unknown
ESPC75,21,25b,ZZZ1,0,120,0,4000,Unknown,Unknown,,Unknown,Unknown,Unknown,Unknown,Unknown,Unknown,Unknown
ESPC76,36,7c,05,0,120,0,15000,RL,Sales,0.5,RL,Sales Rep,Unknown,Gauteng N - Eastgate/Norwood/Midrand,Gauteng,Unknown,Unknown
ESPC78,33,1d,03,0,120,0,3000,BJ,Sales,0.5,BJ,Sales Rep,Unknown,Pretoria,Gauteng,Unknown,Unknown
ESPC79,21,25b,ZZZ5,0,120,0,7500,Unknown,Unknown,,Unknown,Unknown,Unknown,Unknown,Unknown,Unknown,Unknown
ESPC83,37,11a,03,0,120,0,7500,BJ,Sales,0.5,BJ,Sales Rep,Unknown,Free State / Lesotho,Free State,Unknown,Unknown
ESPC85,21,25b,ZZZ1,0,120,0,0,Unknown,Unknown,,Unknown,Unknown,Unknown,Unknown,Unknown,Unknown,Unknown
ESPC87,21,25b,ZZZ5,0,120,0,10000,Unknown,Unknown,,Unknown,Unknown,Unknown,Unknown,Unknown,Unknown,Unknown
ESPC88,25,11b,05,0,120,0,7500,RL,Sales,0.5,RL,Sales Rep,Unknown,Ermelo / Piet Retief,Mpumalanga,Unknown,Unknown
ESPC89,18,4a,06,0,120,0,999999,DA,Sales,0.0,DA,Sales Rep,Unknown,Pietersburg / Potgietersrus,Limpopo,Unknown,Unknown
ESPC90,39,6a,02,0,120,0,999999,R,Sales,0.5,R,Sales Rep,Unknown,East Cape,Eastern Cape,Unknown,Unknown
ESPC91,40,6b,04,0,30,0,999999,BM,Sales,0.5,BM,Sales Rep,Unknown,West Cape,Western Cape,Unknown,Unknown
ESPC92,21,25b,ZZZ5,0,120,0,999999,Unknown,Unknown,,Unknown,Unknown,Unknown,Unknown,Unknown,Unknown,Unknown
ESPC93,36,7c,05,0,120,0,999999,RL,Sales,0.5,RL,Sales Rep,Unknown,Gauteng N - Eastgate/Norwood/Midrand,Gauteng,Unknown,Unknown
ESPC95,43,3a,06,0,120,0,10000,DA,Sales,0.0,DA,Sales Rep,Unknown,Soweto/Lenasia,Gauteng,Unknown,Unknown
ESPC97,21,25b,ZZZ5,0,120,0,7500,Unknown,Unknown,,Unknown,Unknown,Unknown,Unknown,Unknown,Unknown,Unknown
ESPC98,46,2b,05,0,120,0,7500,RL,Sales,0.5,RL,Sales Rep,Unknown,Krugersdorp / Sun City,North West,Unknown,Unknown
ESPC99,19,4b,03,0,120,0,15000,BJ,Sales,0.5,BJ,Sales Rep,Unknown,Nelspruit / Tzaneen,Mpumalanga,Unknown,Unknown
ESPCAV,5,20a,CONS4,0,60,0,999999,CONSIGNMENTS BM,Gross Profit,0.5,CONSIGNMENT,Channel: Consignment,Unknown,Unknown,Unknown,Consignment,Channel: Consignment
ESPCBO,5,20a,CONS3,0,120,0,999999,CONSIGNMENTS BJ,Gross Profit,0.5,CONSIGNMENT,Channel: Consignment,Unknown,Unknown,Unknown,Consignment,Channel: Consignment
ESPCBR,5,20a,STAN2,0,120,0,999999,STANDS- 30 PC CONSIGNMENT,Gross Profit,0.0,CONSIGNMENT_STANDS,Channel: Consignment,Unknown,Unknown,Unknown,Consignment,Channel: Consignment
ESPCBS,5,20a,CONS4,0,30,0,999999,CONSIGNMENTS BM,Gross Profit,0.5,CONSIGNMENT,Channel: Consignment,Unknown,Unknown,Unknown,Consignment,Channel: Consignment
ESPCC0,21,25b,ZZZ5,0,120,0,999999,Unknown,Unknown,,Unknown,Unknown,Unknown,Unknown,Unknown,Unknown,Unknown
ESPCC1,21,25b,ZZZ5,0,30,0,999999,Unknown,Unknown,,Unknown,Unknown,Unknown,Unknown,Unknown,Unknown,Unknown
ESPCC2,5,20a,CONS3,0,30,0,999999,CONSIGNMENTS BJ,Gross Profit,0.5,CONSIGNMENT,Channel: Consignment,Unknown,Unknown,Unknown,Consignment,Channel: Consignment
ESPCC3,21,25b,ZZZ5,0,30,0,999999,Unknown,Unknown,,Unknown,Unknown,Unknown,Unknown,Unknown,Unknown,Unknown
ESPCC4,5,20a,CONS4,0,60,0,999999,CONSIGNMENTS BM,Gross Profit,0.5,CONSIGNMENT,Channel: Consignment,Unknown,Unknown,Unknown,Consignment,Channel: Consignment
ESPCC5,21,25b,ZZZ5,0,120,0,999999,Unknown,Unknown,,Unknown,Unknown,Unknown,Unknown,Unknown,Unknown,Unknown
ESPCC6,21,25b,ZZZ5,0,120,0,999999,Unknown,Unknown,,Unknown,Unknown,Unknown,Unknown,Unknown,Unknown,Unknown
ESPCC7,21,25b,ZZZ5,0,120,0,999999,Unknown,Unknown,,Unknown,Unknown,Unknown,Unknown,Unknown,Unknown,Unknown
ESPCC8,21,25b,ZZZ5,0,120,0,999999,Unknown,Unknown,,Unknown,Unknown,Unknown,Unknown,Unknown,Unknown,Unknown
ESPCC9,21,25b,ZZZ5,0,120,0,999999,Unknown,Unknown,,Unknown,Unknown,Unknown,Unknown,Unknown,Unknown,Unknown
ESPCCA,21,25b,ZZZ5,0,120,0,999999,Unknown,Unknown,,Unknown,Unknown,Unknown,Unknown,Unknown,Unknown,Unknown
ESPCCB,5,20a,STAN2,0,120,0,999999,STANDS- 30 PC CONSIGNMENT,Gross Profit,0.0,CONSIGNMENT_STANDS,Channel: Consignment,Unknown,Unknown,Unknown,Consignment,Channel: Consignment
ESPCCC,5,20a,STAND,0,120,0,999999,STAND-60PC CONSIGNMENT,Gross Profit,0.0,CONSIGNMENT_STANDS,Channel: Consignment,Unknown,Unknown,Unknown,Consignment,Channel: Consignment
ESPCCE,5,20a,STAN2,0,120,0,999999,STANDS- 30 PC CONSIGNMENT,Gross Profit,0.0,CONSIGNMENT_STANDS,Channel: Consignment,Unknown,Unknown,Unknown,Consignment,Channel: Consignment
ESPCCF,21,25b,ZZZ5,0,120,0,999999,Unknown,Unknown,,Unknown,Unknown,Unknown,Unknown,Unknown,Unknown,Unknown
ESPCCG,21,25b,ZZZ5,0,120,0,999999,Unknown,Unknown,,Unknown,Unknown,Unknown,Unknown,Unknown,Unknown,Unknown
ESPCCI,5,20a,CONS4,0,120,0,999999,CONSIGNMENTS BM,Gross Profit,0.5,CONSIGNMENT,Channel: Consignment,Unknown,Unknown,Unknown,Consignment,Channel: Consignment
ESPCCK,5,20a,CONS5,0,120,0,999999,CONSIGNMENTS HO,Gross Profit,0.5,CONSIGNMENT,Channel: Consignment,Unknown,Unknown,Unknown,Consignment,Channel: Consignment
ESPCCL,5,20a,STAN2,0,120,0,999999,STANDS- 30 PC CONSIGNMENT,Gross Profit,0.0,CONSIGNMENT_STANDS,Channel: Consignment,Unknown,Unknown,Unknown,Consignment,Channel: Consignment
ESPCCO,21,25b,ZZZ5,0,30,0,999999,Unknown,Unknown,,Unknown,Unknown,Unknown,Unknown,Unknown,Unknown,Unknown
ESPCCR,5,20a,STAN2,0,120,0,999999,STANDS- 30 PC CONSIGNMENT,Gross Profit,0.0,CONSIGNMENT_STANDS,Channel: Consignment,Unknown,Unknown,Unknown,Consignment,Channel: Consignment
ESPCCS,5,20a,STAN2,0,120,0,999999,STANDS- 30 PC CONSIGNMENT,Gross Profit,0.0,CONSIGNMENT_STANDS,Channel: Consignment,Unknown,Unknown,Unknown,Consignment,Channel: Consignment
ESPCCT,5,20a,STAN2,0,120,0,999999,STANDS- 30 PC CONSIGNMENT,Gross Profit,0.0,CONSIGNMENT_STANDS,Channel: Consignment,Unknown,Unknown,Unknown,Consignment,Channel: Consignment
ESPCCV,5,20a,STAN2,0,120,0,999999,STANDS- 30 PC CONSIGNMENT,Gross Profit,0.0,CONSIGNMENT_STANDS,Channel: Consignment,Unknown,Unknown,Unknown,Consignment,Channel: Consignment
ESPCCW,5,20a,STAN2,0,120,0,999999,STANDS- 30 PC CONSIGNMENT,Gross Profit,0.0,CONSIGNMENT_STANDS,Channel: Consignment,Unknown,Unknown,Unknown,Consignment,Channel: Consignment
ESPCEG,5,20a,STAN2,0,120,0,999999,STANDS- 30 PC CONSIGNMENT,Gross Profit,0.0,CONSIGNMENT_STANDS,Channel: Consignment,Unknown,Unknown,Unknown,Consignment,Channel: Consignment
ESPCEN,5,20a,CON4S,0,120,0,999999,CONSIGNMENT BM/STAND,Gross Profit,0.5,CONSIGNMENT,Channel: Consignment,Unknown,Unknown,Unknown,Consignment,Channel: Consignment
ESPCFC,5,20a,CONS2,0,120,0,999999,CONSIGNMENTS DE,Gross Profit,0.5,CONSIGNMENT,Channel: Consignment,Unknown,Unknown,Unknown,Consignment,Channel: Consignment
ESPCFR,5,20a,CONS5,0,30,0,999999,CONSIGNMENTS HO,Gross Profit,0.5,CONSIGNMENT,Channel: Consignment,Unknown,Unknown,Unknown,Consignment,Channel: Consignment
ESPCGA,21,25b,ZZZ5,0,30,0,999999,Unknown,Unknown,,Unknown,Unknown,Unknown,Unknown,Unknown,Unknown,Unknown
ESPCGE,5,20a,CONS4,0,120,0,999999,CONSIGNMENTS BM,Gross Profit,0.5,CONSIGNMENT,Channel: Consignment,Unknown,Unknown,Unknown,Consignment,Channel: Consignment
ESPCGR,5,20a,CONS4,0,60,0,999999,CONSIGNMENTS BM,Gross Profit,0.5,CONSIGNMENT,Channel: Consignment,Unknown,Unknown,Unknown,Consignment,Channel: Consignment
ESPCHM,5,20a,CONS4,0,30,0,999999,CONSIGNMENTS BM,Gross Profit,0.5,CONSIGNMENT,Channel: Consignment,Unknown,Unknown,Unknown,Consignment,Channel: Consignment
ESPCHS,5,20a,CON4S,0,120,0,999999,CONSIGNMENT BM/STAND,Gross Profit,0.5,CONSIGNMENT,Channel: Consignment,Unknown,Unknown,Unknown,Consignment,Channel: Consignment
ESPCKE,21,25b,ZZZ5,0,120,0,999999,Unknown,Unknown,,Unknown,Unknown,Unknown,Unknown,Unknown,Unknown,Unknown
ESPCKI,21,25b,ZZZ5,0,120,0,999999,Unknown,Unknown,,Unknown,Unknown,Unknown,Unknown,Unknown,Unknown,Unknown
ESPCKN,5,20a,CONS4,0,60,0,999999,CONSIGNMENTS BM,Gross Profit,0.5,CONSIGNMENT,Channel: Consignment,Unknown,Unknown,Unknown,Consignment,Channel: Consignment
ESPCKW,5,20a,CONS4,0,30,0,999999,CONSIGNMENTS BM,Gross Profit,0.5,CONSIGNMENT,Channel: Consignment,Unknown,Unknown,Unknown,Consignment,Channel: Consignment
ESPCKY,5,20a,CONS4,0,30,0,999999,CONSIGNMENTS BM,Gross Profit,0.5,CONSIGNMENT,Channel: Consignment,Unknown,Unknown,Unknown,Consignment,Channel: Consignment
ESPCLB,5,20a,ZZZ5,0,30,0,999999,Unknown,Unknown,,Unknown,Unknown,Unknown,Unknown,Unknown,Consignment,Channel: Consignment
ESPCM1,21,25b,ZZZ5,0,120,0,999999,Unknown,Unknown,,Unknown,Unknown,Unknown,Unknown,Unknown,Unknown,Unknown
ESPCMK,5,20a,CONS2,0,30,0,999999,CONSIGNMENTS DE,Gross Profit,0.5,CONSIGNMENT,Channel: Consignment,Unknown,Unknown,Unknown,Consignment,Channel: Consignment
ESPCMM,5,20a,CON2S,0,30,0,999999,CONSIGNMENT DE/STAND,Gross Profit,0.5,CONSIGNMENT,Channel: Consignment,Unknown,Unknown,Unknown,Consignment,Channel: Consignment
ESPCMO,5,20a,CONS4,0,30,0,999999,CONSIGNMENTS BM,Gross Profit,0.5,CONSIGNMENT,Channel: Consignment,Unknown,Unknown,Unknown,Consignment,Channel: Consignment
ESPCMS,5,20a,CON2S,0,120,0,999999,CONSIGNMENT DE/STAND,Gross Profit,0.5,CONSIGNMENT,Channel: Consignment,Unknown,Unknown,Unknown,Consignment,Channel: Consignment
ESPCN1,5,20a,CONS4,0,30,0,999999,CONSIGNMENTS BM,Gross Profit,0.5,CONSIGNMENT,Channel: Consignment,Unknown,Unknown,Unknown,Consignment,Channel: Consignment
ESPCNL,5,20a,CON3S,0,60,0,999999,CONSIGNMENT BJ/STAND,Gross Profit,0.5,CONSIGNMENT,Channel: Consignment,Unknown,Unknown,Unknown,Consignment,Channel: Consignment
ESPCOC,21,25b,ZZZ5,0,30,0,999999,Unknown,Unknown,,Unknown,Unknown,Unknown,Unknown,Unknown,Unknown,Unknown
ESPCPA,5,20a,CONS4,0,120,0,999999,CONSIGNMENTS BM,Gross Profit,0.5,CONSIGNMENT,Channel: Consignment,Unknown,Unknown,Unknown,Consignment,Channel: Consignment
ESPCPB,5,20a,CONS4,0,60,0,999999,CONSIGNMENTS BM,Gross Profit,0.5,CONSIGNMENT,Channel: Consignment,Unknown,Unknown,Unknown,Consignment,Channel: Consignment
ESPCPS,5,20a,CONS4,0,30,0,999999,CONSIGNMENTS BM,Gross Profit,0.5,CONSIGNMENT,Channel: Consignment,Unknown,Unknown,Unknown,Consignment,Channel: Consignment
ESPCRA,5,20a,STAN2,0,120,0,999999,STANDS- 30 PC CONSIGNMENT,Gross Profit,0.0,CONSIGNMENT_STANDS,Channel: Consignment,Unknown,Unknown,Unknown,Consignment,Channel: Consignment
ESPCS1,5,20a,CONS4,0,120,0,999999,CONSIGNMENTS BM,Gross Profit,0.5,CONSIGNMENT,Channel: Consignment,Unknown,Unknown,Unknown,Consignment,Channel: Consignment
ESPCSC,5,20a,CON5S,0,120,0,999999,CONSIGNMENT HO/STAND,Gross Profit,0.5,CONSIGNMENT,Channel: Consignment,Unknown,Unknown,Unknown,Consignment,Channel: Consignment
ESPCSG,5,20a,ZZZ5,0,30,0,999999,Unknown,Unknown,,Unknown,Unknown,Unknown,Unknown,Unknown,Consignment,Channel: Consignment
ESPCSO,21,25b,ZZZ5,0,120,0,999999,Unknown,Unknown,,Unknown,Unknown,Unknown,Unknown,Unknown,Unknown,Unknown
ESPCSP,5,20a,CON4S,0,120,0,999999,CONSIGNMENT BM/STAND,Gross Profit,0.5,CONSIGNMENT,Channel: Consignment,Unknown,Unknown,Unknown,Consignment,Channel: Consignment
ESPCST,5,20a,STAN2,0,120,0,999999,STANDS- 30 PC CONSIGNMENT,Gross Profit,0.0,CONSIGNMENT_STANDS,Channel: Consignment,Unknown,Unknown,Unknown,Consignment,Channel: Consignment
ESPCSW,21,25b,ZZZ5,0,120,0,999999,Unknown,Unknown,,Unknown,Unknown,Unknown,Unknown,Unknown,Unknown,Unknown
ESPCTB,21,25b,ZZZ5,0,120,0,999999,Unknown,Unknown,,Unknown,Unknown,Unknown,Unknown,Unknown,Unknown,Unknown
ESPCTC,5,20a,CONS4,0,30,0,999999,CONSIGNMENTS BM,Gross Profit,0.5,CONSIGNMENT,Channel: Consignment,Unknown,Unknown,Unknown,Consignment,Channel: Consignment
ESPCTG,5,20a,STAN2,0,120,0,999999,STANDS- 30 PC CONSIGNMENT,Gross Profit,0.0,CONSIGNMENT_STANDS,Channel: Consignment,Unknown,Unknown,Unknown,Consignment,Channel: Consignment
ESPCTL,21,25b,ZZZ5,0,120,0,999999,Unknown,Unknown,,Unknown,Unknown,Unknown,Unknown,Unknown,Unknown,Unknown
ESPCTS,5,20a,CONS4,0,120,0,999999,CONSIGNMENTS BM,Gross Profit,0.5,CONSIGNMENT,Channel: Consignment,Unknown,Unknown,Unknown,Consignment,Channel: Consignment
ESPCTV,5,20a,CONS4,0,30,0,999999,CONSIGNMENTS BM,Gross Profit,0.5,CONSIGNMENT,Channel: Consignment,Unknown,Unknown,Unknown,Consignment,Channel: Consignment
ESPCVE,5,20a,STAND,0,120,0,999999,STAND-60PC CONSIGNMENT,Gross Profit,0.0,CONSIGNMENT_STANDS,Channel: Consignment,Unknown,Unknown,Unknown,Consignment,Channel: Consignment
ESPCVH,5,20a,STAND,0,120,0,999999,STAND-60PC CONSIGNMENT,Gross Profit,0.0,CONSIGNMENT_STANDS,Channel: Consignment,Unknown,Unknown,Unknown,Consignment,Channel: Consignment
ESPCWB,5,20a,ZZZ5,0,30,0,999999,Unknown,Unknown,,Unknown,Unknown,Unknown,Unknown,Unknown,Consignment,Channel: Consignment
ESPCWE,21,25b,ZZZ5,0,120,0,999999,Unknown,Unknown,,Unknown,Unknown,Unknown,Unknown,Unknown,Unknown,Unknown
ESPCWK,5,20a,CONS6,0,30,0,999999,CONSIGNMENTS DA,Gross Profit,0.5,CONSIGNMENT,Channel: Consignment,Unknown,Unknown,Unknown,Consignment,Channel: Consignment
ESPCWM,5,20a,CONS4,0,30,0,999999,CONSIGNMENTS BM,Gross Profit,0.5,CONSIGNMENT,Channel: Consignment,Unknown,Unknown,Unknown,Consignment,Channel: Consignment
ESPGRA,5,20a,CON4S,0,60,0,999999,CONSIGNMENT BM/STAND,Gross Profit,0.5,CONSIGNMENT,Channel: Consignment,Unknown,Unknown,Unknown,Consignment,Channel: Consignment
ESPHMS,5,20a,CONS4,0,60,0,999999,CONSIGNMENTS BM,Gross Profit,0.5,CONSIGNMENT,Channel: Consignment,Unknown,Unknown,Unknown,Consignment,Channel: Consignment
ESPKNY,5,20a,CON4S,0,60,0,999999,CONSIGNMENT BM/STAND,Gross Profit,0.5,CONSIGNMENT,Channel: Consignment,Unknown,Unknown,Unknown,Consignment,Channel: Consignment
ESPLIN,5,20a,CONS4,0,30,0,999999,CONSIGNMENTS BM,Gross Profit,0.5,CONSIGNMENT,Channel: Consignment,Unknown,Unknown,Unknown,Consignment,Channel: Consignment
ESPNEL,5,20a,CONS3,0,60,0,999999,CONSIGNMENTS BJ,Gross Profit,0.5,CONSIGNMENT,Channel: Consignment,Unknown,Unknown,Unknown,Consignment,Channel: Consignment
ESPP14,5,20a,ZZZ5,0,120,0,999999,Unknown,Unknown,,Unknown,Unknown,Unknown,Unknown,Unknown,Consignment,Channel: Consignment
ESPPBB,5,20a,CON4S,0,60,0,999999,CONSIGNMENT BM/STAND,Gross Profit,0.5,CONSIGNMENT,Channel: Consignment,Unknown,Unknown,Unknown,Consignment,Channel: Consignment
ESPSG1,5,20a,CONS4,0,60,0,999999,CONSIGNMENTS BM,Gross Profit,0.5,CONSIGNMENT,Channel: Consignment,Unknown,Unknown,Unknown,Consignment,Channel: Consignment
ESPSOM,5,20a,CONS4,0,30,0,999999,CONSIGNMENTS BM,Gross Profit,0.5,CONSIGNMENT,Channel: Consignment,Unknown,Unknown,Unknown,Consignment,Channel: Consignment
ESPSP1,5,20a,CONS4,0,120,0,999999,CONSIGNMENTS BM,Gross Profit,0.5,CONSIGNMENT,Channel: Consignment,Unknown,Unknown,Unknown,Consignment,Channel: Consignment
ESPSP2,5,20a,CONS4,0,60,0,999999,CONSIGNMENTS BM,Gross Profit,0.5,CONSIGNMENT,Channel: Consignment,Unknown,Unknown,Unknown,Consignment,Channel: Consignment
ESPSTL,5,20a,ZZZ5,0,30,0,999999,Unknown,Unknown,,Unknown,Unknown,Unknown,Unknown,Unknown,Consignment,Channel: Consignment
ESPSWT,5,20a,CONS4,0,30,0,999999,CONSIGNMENTS BM,Gross Profit,0.5,CONSIGNMENT,Channel: Consignment,Unknown,Unknown,Unknown,Consignment,Channel: Consignment
ESPTGV,5,20a,CONS4,0,60,0,999999,CONSIGNMENTS BM,Gross Profit,0.5,CONSIGNMENT,Channel: Consignment,Unknown,Unknown,Unknown,Consignment,Channel: Consignment
ESPUTG,5,20a,CON4S,0,120,0,999999,CONSIGNMENT BM/STAND,Gross Profit,0.5,CONSIGNMENT,Channel: Consignment,Unknown,Unknown,Unknown,Consignment,Channel: Consignment
ESPVIS,5,20a,CON5S,0,30,0,999999,CONSIGNMENT HO/STAND,Gross Profit,0.5,CONSIGNMENT,Channel: Consignment,Unknown,Unknown,Unknown,Consignment,Channel: Consignment
ESTD01,40,6b,04,0,120,0,5000,BM,Sales,0.5,BM,Sales Rep,Unknown,West Cape,Western Cape,Unknown,Unknown
ESTE01,31,8a,06C,0,120,0,2000,DA CONSIGNMENT,Sales,0.5,DA,Sales Rep,Unknown,Gauteng E - Alberton/Benoni/Kempton,Gauteng,Unknown,Unknown
ESTEC1,5,20a,CON6S,0,120,0,999999,CONSIGNMENT DA/STAND,Gross Profit,0.5,CONSIGNMENT,Channel: Consignment,Unknown,Unknown,Unknown,Consignment,Channel: Consignment
ESTECO,5,20a,CONS6,0,120,0,999999,CONSIGNMENTS DA,Gross Profit,0.5,CONSIGNMENT,Channel: Consignment,Unknown,Unknown,Unknown,Consignment,Channel: Consignment
ESTH01,40,6b,04,0,120,0,500,BM,Sales,0.5,BM,Sales Rep,Unknown,West Cape,Western Cape,Unknown,Unknown
ESTI01,21,25b,ZZZ5,0,120,0,2000,Unknown,Unknown,,Unknown,Unknown,Unknown,Unknown,Unknown,Unknown,Unknown
ESTI02,14,3b,06,0,120,0,0,DA,Sales,0.0,DA,Sales Rep,Unknown,Johannesburg CBD,Gauteng,Unknown,Unknown
ESTIOC,5,20a,STAN2,0,120,0,999999,STANDS- 30 PC CONSIGNMENT,Gross Profit,0.0,CONSIGNMENT_STANDS,Channel: Consignment,Unknown,Unknown,Unknown,Consignment,Channel: Consignment
ESTL01,21,25b,ZZZ5,0,120,0,500,Unknown,Unknown,,Unknown,Unknown,Unknown,Unknown,Unknown,Unknown,Unknown
ESTL02,40,6b,04,0,120,0,10000,BM,Sales,0.5,BM,Sales Rep,Unknown,West Cape,Western Cape,Unknown,Unknown
ESTP01,40,6b,04C,0,120,0,7500,BM CONSIGNMENT SALES ACC,Sales,0.5,BM,Sales Rep,Unknown,West Cape,Western Cape,Unknown,Unknown
ESTPC0,5,20a,CONS4,0,120,0,999999,CONSIGNMENTS BM,Gross Profit,0.5,CONSIGNMENT,Channel: Consignment,Unknown,Unknown,Unknown,Consignment,Channel: Consignment
ESTPC1,5,20a,CON4S,0,30,0,999999,CONSIGNMENT BM/STAND,Gross Profit,0.5,CONSIGNMENT,Channel: Consignment,Unknown,Unknown,Unknown,Consignment,Channel: Consignment
ESTPOC,21,25b,ZZZ5,0,30,0,999999,Unknown,Unknown,,Unknown,Unknown,Unknown,Unknown,Unknown,Unknown,Unknown
ESTV01,21,25b,ZZZ1,0,120,0,0,Unknown,Unknown,,Unknown,Unknown,Unknown,Unknown,Unknown,Unknown,Unknown
ETHB01,14,3b,06,0,120,0,2500,DA,Sales,0.0,DA,Sales Rep,Unknown,Johannesburg CBD,Gauteng,Unknown,Unknown
ETHE01,21,25b,ZZZ5,0,120,0,15000,Unknown,Unknown,,Unknown,Unknown,Unknown,Unknown,Unknown,Unknown,Unknown
ETHE02,21,25b,ZZZ5,0,120,0,4000,Unknown,Unknown,,Unknown,Unknown,Unknown,Unknown,Unknown,Unknown,Unknown
ETHE03,41,10a,02,0,120,0,4000,R,Sales,0.5,R,Sales Rep,Unknown,Durban,KwaZulu-Natal,Unknown,Unknown
ETHE04,5,20a,CONS5,0,120,0,999999,CONSIGNMENTS HO,Gross Profit,0.5,CONSIGNMENT,Channel: Consignment,Unknown,Unknown,Unknown,Consignment,Channel: Consignment
ETHL01,21,25b,ZZZ5,0,120,0,999999,Unknown,Unknown,,Unknown,Unknown,Unknown,Unknown,Unknown,Unknown,Unknown
ETHL02,40,6b,04,0,30,0,999999,BM,Sales,0.5,BM,Sales Rep,Unknown,West Cape,Western Cape,Unknown,Unknown
ETHM02,32,7b,05JAS,0,120,0,5000,Unknown,Unknown,,Unknown,Unknown,Unknown,Gauteng N - Randburg/Rivonia,Gauteng,Unknown,Unknown
ETRA01,41,10a,02,0,120,0,2000,R,Sales,0.5,R,Sales Rep,Unknown,Durban,KwaZulu-Natal,Unknown,Unknown
ETRN01,14,3b,06,0,120,0,999999,DA,Sales,0.0,DA,Sales Rep,Unknown,Johannesburg CBD,Gauteng,Unknown,Unknown
EVES01,41,10a,02,0,120,0,2000,R,Sales,0.5,R,Sales Rep,Unknown,Durban,KwaZulu-Natal,Unknown,Unknown
EVIW01,5,20a,03C,0,120,0,5000,BJ CONSIGNMENTS,Sales,0.5,BJ,Sales Rep,Unknown,Unknown,Unknown,Consignment,Channel: Consignment
EVIWC1,5,20a,CONS3,0,30,0,999999,CONSIGNMENTS BJ,Gross Profit,0.5,CONSIGNMENT,Channel: Consignment,Unknown,Unknown,Unknown,Consignment,Channel: Consignment
EVIWC2,5,20a,CON3S,0,120,0,999999,CONSIGNMENT BJ/STAND,Gross Profit,0.5,CONSIGNMENT,Channel: Consignment,Unknown,Unknown,Unknown,Consignment,Channel: Consignment
EVIWOC,21,25b,ZZZ5,0,120,0,999999,Unknown,Unknown,,Unknown,Unknown,Unknown,Unknown,Unknown,Unknown,Unknown
EVRY01,32,7b,05,0,120,0,999999,RL,Sales,0.5,RL,Sales Rep,Unknown,Gauteng N - Randburg/Rivonia,Gauteng,Unknown,Unknown
EZEN01,43,3a,06,0,120,0,3000,DA,Sales,0.0,DA,Sales Rep,Unknown,Soweto/Lenasia,Gauteng,Unknown,Unknown
FGEF01,32,7b,07,0,120,0,2000,LA,Sales,0.0,LA,Sales Rep,Unknown,Gauteng N - Randburg/Rivonia,Gauteng,Unknown,Unknown
FJOF01,21,25b,ZZZ5,0,120,0,3000,Unknown,Unknown,,Unknown,Unknown,Unknown,Unknown,Unknown,Unknown,Unknown
FMAO01,34,1e,03,0,60,0,999999,BJ,Sales,0.5,BJ,Sales Rep,Unknown,Witbank/Middelburg,Mpumalanga,Unknown,Unknown
FMOF01,41,10a,02C,0,120,0,999999,R CONSIGNMENT SALES ACC,Sales,0.5,R,Sales Rep,Unknown,Durban,KwaZulu-Natal,Unknown,Unknown
FMOF02,41,10a,02,0,120,0,5000,R,Sales,0.5,R,Sales Rep,Unknown,Durban,KwaZulu-Natal,Unknown,Unknown
FMOF03,41,10a,02,0,120,0,20000,R,Sales,0.5,R,Sales Rep,Unknown,Durban,KwaZulu-Natal,Unknown,Unknown
FMOF04,21,25b,ZZZ5,0,120,0,5000,Unknown,Unknown,,Unknown,Unknown,Unknown,Unknown,Unknown,Unknown,Unknown
FMOF05,41,10a,02,0,120,0,3000,R,Sales,0.5,R,Sales Rep,Unknown,Durban,KwaZulu-Natal,Unknown,Unknown
FMOF06,21,25b,ZZZ5,0,120,0,999999,Unknown,Unknown,,Unknown,Unknown,Unknown,Unknown,Unknown,Unknown,Unknown
FMOF07,41,10a,02,0,120,0,999999,R,Sales,0.5,R,Sales Rep,Unknown,Durban,KwaZulu-Natal,Unknown,Unknown
FMOF08,41,10a,02,0,120,0,999999,R,Sales,0.5,R,Sales Rep,Unknown,Durban,KwaZulu-Natal,Unknown,Unknown
FMOF09,49,10a,02,0,60,0,999999,R,Sales,0.5,R,Sales Rep,Unknown,Durban,KwaZulu-Natal,Unknown,Unknown
FMOF10,41,10a,02,0,60,0,999999,R,Sales,0.5,R,Sales Rep,Unknown,Durban,KwaZulu-Natal,Unknown,Unknown
FMOFC1,5,20a,CON2S,0,30,0,999999,CONSIGNMENT DE/STAND,Gross Profit,0.5,CONSIGNMENT,Channel: Consignment,Unknown,Unknown,Unknown,Consignment,Channel: Consignment
FMOFC2,5,20a,CON2S,0,120,0,999999,CONSIGNMENT DE/STAND,Gross Profit,0.5,CONSIGNMENT,Channel: Consignment,Unknown,Unknown,Unknown,Consignment,Channel: Consignment
FMOFC3,5,20a,CON2S,0,120,0,999999,CONSIGNMENT DE/STAND,Gross Profit,0.5,CONSIGNMENT,Channel: Consignment,Unknown,Unknown,Unknown,Consignment,Channel: Consignment
FMOFC4,5,20a,CON2S,0,120,0,999999,CONSIGNMENT DE/STAND,Gross Profit,0.5,CONSIGNMENT,Channel: Consignment,Unknown,Unknown,Unknown,Consignment,Channel: Consignment
FMOFC5,5,20a,CONS2,0,120,0,999999,CONSIGNMENTS DE,Gross Profit,0.5,CONSIGNMENT,Channel: Consignment,Unknown,Unknown,Unknown,Consignment,Channel: Consignment
FMOFC6,5,20a,CONS,0,30,0,999999,CONSIGNMENTS HEAD OFFICE,Gross Profit,0.5,CONSIGNMENT,Channel: Consignment,Unknown,Unknown,Unknown,Consignment,Channel: Consignment
FMOFOC,21,25b,ZZZ5,0,120,0,999999,Unknown,Unknown,,Unknown,Unknown,Unknown,Unknown,Unknown,Unknown,Unknown
FMOFPM,5,20a,CON2S,0,90,0,999999,CONSIGNMENT DE/STAND,Gross Profit,0.5,CONSIGNMENT,Channel: Consignment,Unknown,Unknown,Unknown,Consignment,Channel: Consignment
FOXO01,21,25b,ZZZ5,0,120,0,2000,Unknown,Unknown,,Unknown,Unknown,Unknown,Unknown,Unknown,Unknown,Unknown
FROF01,30,7a,01,0,120,0,5000,HEAD OFFICE,Sales,0.0,HEAD OFFICE,Internal Sales,Unknown,Gauteng N - Sandton,Gauteng,Unknown,Unknown
GANL01,21,25b,ZZZ5,0,120,0,15000,Unknown,Unknown,,Unknown,Unknown,Unknown,Unknown,Unknown,Unknown,Unknown
GANL02,21,25b,ZZZ5,0,120,0,15000,Unknown,Unknown,,Unknown,Unknown,Unknown,Unknown,Unknown,Unknown,Unknown
GAUU01,49,10a,02,0,120,0,3000,R,Sales,0.5,R,Sales Rep,Unknown,Durban,KwaZulu-Natal,Unknown,Unknown
GBEG01,21,25b,ZZZ5,0,120,0,4000,Unknown,Unknown,,Unknown,Unknown,Unknown,Unknown,Unknown,Unknown,Unknown
GBEG04,41,10a,02,0,120,0,999999,R,Sales,0.5,R,Sales Rep,Unknown,Durban,KwaZulu-Natal,Unknown,Unknown
GBIF01,31,8a,06,8,30,18,100000,DA,Sales,0.0,DA,Sales Rep,Unknown,Gauteng E - Alberton/Benoni/Kempton,Gauteng,Unknown,Unknown
GDEO01,40,6b,04,0,120,0,1000,BM,Sales,0.5,BM,Sales Rep,Unknown,West Cape,Western Cape,Unknown,Unknown
GEAL01,21,25b,ZZZ5,0,120,0,0,Unknown,Unknown,,Unknown,Unknown,Unknown,Unknown,Unknown,Unknown,Unknown
GECL01,17,2c,07,0,120,0,1000,LA,Sales,0.0,LA,Sales Rep,Unknown,Potch / Krugersdorp / Kuruman,North West,Unknown,Unknown
GEDA01,7,12a,01EXP,0,120,0,2000000,EXPORTS,Gross Profit,0.5,EXPORTS,Channel: Export,Unknown,Unknown,Unknown,Departmentstore,Channel: Retail (Dept Store)
GEDA02,7,12a,01,0,120,0,999999,HEAD OFFICE,Sales,0.0,HEAD OFFICE,Internal Sales,Unknown,Unknown,Unknown,Departmentstore,Channel: Retail (Dept Store)
GEDA03,1,9a,01,0,120,10,999999,HEAD OFFICE,Sales,0.0,HEAD OFFICE,Internal Sales,Unknown,Unknown,Unknown,House accounts,Internal: House Account
GEDA04,7,12a,01,0,120,0,2000000,HEAD OFFICE,Sales,0.0,HEAD OFFICE,Internal Sales,Unknown,Unknown,Unknown,Departmentstore,Channel: Retail (Dept Store)
GEDACO,5,20a,CONS,0,120,0,999999,CONSIGNMENTS HEAD OFFICE,Gross Profit,0.5,CONSIGNMENT,Channel: Consignment,Unknown,Unknown,Unknown,Consignment,Channel: Consignment
GEDAOC,5,20a,CONS,0,120,0,999999,CONSIGNMENTS HEAD OFFICE,Gross Profit,0.5,CONSIGNMENT,Channel: Consignment,Unknown,Unknown,Unknown,Consignment,Channel: Consignment
GEDE01,40,6b,04C,0,120,0,4000,BM CONSIGNMENT SALES ACC,Sales,0.5,BM,Sales Rep,Unknown,West Cape,Western Cape,Unknown,Unknown
GEDEC1,5,20a,CONS4,0,30,0,999999,CONSIGNMENTS BM,Gross Profit,0.5,CONSIGNMENT,Channel: Consignment,Unknown,Unknown,Unknown,Consignment,Channel: Consignment
GEDEOC,21,25b,ZZZ5,0,120,0,999999,Unknown,Unknown,,Unknown,Unknown,Unknown,Unknown,Unknown,Unknown,Unknown
GEGM01,37,11a,03,0,120,0,5000,BJ,Sales,0.5,BJ,Sales Rep,Unknown,Free State / Lesotho,Free State,Unknown,Unknown
GELI01,49,10a,02,0,120,0,2000,R,Sales,0.5,R,Sales Rep,Unknown,Durban,KwaZulu-Natal,Unknown,Unknown
GENC01,39,6a,02,0,120,0,999999,R,Sales,0.5,R,Sales Rep,Unknown,East Cape,Eastern Cape,Unknown,Unknown
GENE01,21,25b,ZZZ5,0,120,0,2000,Unknown,Unknown,,Unknown,Unknown,Unknown,Unknown,Unknown,Unknown,Unknown
GENE02,37,11a,03,0,120,0,4000,BJ,Sales,0.5,BJ,Sales Rep,Unknown,Free State / Lesotho,Free State,Unknown,Unknown
GGIA01,41,10a,02,0,120,0,5000,R,Sales,0.5,R,Sales Rep,Unknown,Durban,KwaZulu-Natal,Unknown,Unknown
GGOA01,41,10a,02,0,120,0,1000,R,Sales,0.5,R,Sales Rep,Unknown,Durban,KwaZulu-Natal,Unknown,Unknown
GHIH01,31,8a,06,0,120,0,1000,DA,Sales,0.0,DA,Sales Rep,Unknown,Gauteng E - Alberton/Benoni/Kempton,Gauteng,Unknown,Unknown
GHIH02,21,25b,ZZZ5,0,30,0,10000,Unknown,Unknown,,Unknown,Unknown,Unknown,Unknown,Unknown,Unknown,Unknown
GHIHOC,5,20a,04,0,120,0,999999,BM,Sales,0.5,BM,Sales Rep,Unknown,Unknown,Unknown,Consignment,Channel: Consignment
GLEO01,41,10a,02,0,120,0,999999,R,Sales,0.5,R,Sales Rep,Unknown,Durban,KwaZulu-Natal,Unknown,Unknown
GLIH01,34,1e,03,0,120,0,4000,BJ,Sales,0.5,BJ,Sales Rep,Unknown,Witbank/Middelburg,Mpumalanga,Unknown,Unknown
GMAA01,21,25b,ZZZ5,0,120,0,0,Unknown,Unknown,,Unknown,Unknown,Unknown,Unknown,Unknown,Unknown,Unknown
GMAA02,25,11b,02,0,120,0,999999,R,Sales,0.5,R,Sales Rep,Unknown,Ermelo / Piet Retief,Mpumalanga,Unknown,Unknown
GMCA01,21,25b,ZZZ1,0,120,0,3000,Unknown,Unknown,,Unknown,Unknown,Unknown,Unknown,Unknown,Unknown,Unknown
GMEA01,21,25b,ZZZ5,0,120,0,3000,Unknown,Unknown,,Unknown,Unknown,Unknown,Unknown,Unknown,Unknown,Unknown
GMEA02,32,7b,05C,0,120,0,5000,RL CONSIGNMENT SALES ACC,Sales,0.5,RL,Sales Rep,Unknown,Gauteng N - Randburg/Rivonia,Gauteng,Unknown,Unknown
GMEAC1,5,20a,CONS5,0,120,0,999999,CONSIGNMENTS HO,Gross Profit,0.5,CONSIGNMENT,Channel: Consignment,Unknown,Unknown,Unknown,Consignment,Channel: Consignment
GMEACO,5,20a,CONS5,0,30,0,999999,CONSIGNMENTS HO,Gross Profit,0.5,CONSIGNMENT,Channel: Consignment,Unknown,Unknown,Unknown,Consignment,Channel: Consignment
GMEAOC,21,25b,ZZZ5,0,120,0,999999,Unknown,Unknown,,Unknown,Unknown,Unknown,Unknown,Unknown,Unknown,Unknown
GMOA01,4,1b,03,0,120,0,4000,BJ,Sales,0.5,BJ,Sales Rep,Unknown,Pretoria North/South/West,Gauteng,Unknown,Unknown
GNUE01,37,11a,03,0,120,0,2000,BJ,Sales,0.5,BJ,Sales Rep,Unknown,Free State / Lesotho,Free State,Unknown,Unknown
GSAA01,31,8a,06,0,120,0,100000,DA,Sales,0.0,DA,Sales Rep,Unknown,Gauteng E - Alberton/Benoni/Kempton,Gauteng,Unknown,Unknown
GSAAOC,5,20a,STAN3,0,120,0,999999,STANDS-CONSIGNMENT,Gross Profit,0.0,CONSIGNMENT_STANDS,Channel: Consignment,Unknown,Unknown,Unknown,Consignment,Channel: Consignment
GSEA01,36,7c,05,0,120,0,30000,RL,Sales,0.5,RL,Sales Rep,Unknown,Gauteng N - Eastgate/Norwood/Midrand,Gauteng,Unknown,Unknown
GSEA02,20,25a,ZZZ2,0,120,0,3000,Unknown,Unknown,,Unknown,Unknown,Unknown,Unknown,Unknown,Unknown,Unknown
GSEW01,18,4a,07,0,120,0,1500,LA,Sales,0.0,LA,Sales Rep,Unknown,Pietersburg / Potgietersrus,Limpopo,Unknown,Unknown
GSIH01,21,25b,ZZZ5,0,120,0,2000,Unknown,Unknown,,Unknown,Unknown,Unknown,Unknown,Unknown,Unknown,Unknown
GSIH02,29,5a,06,0,120,0,999999,DA,Sales,0.0,DA,Sales Rep,Unknown,Botswana and Exports,Export,Exports incl Botswana,Channel: Export
GSIN01,41,10a,02,0,120,0,3000,R,Sales,0.5,R,Sales Rep,Unknown,Durban,KwaZulu-Natal,Unknown,Unknown
GWAN01,40,6b,04,0,120,0,5000,BM,Sales,0.5,BM,Sales Rep,Unknown,West Cape,Western Cape,Unknown,Unknown
HACA01,49,10a,02,0,120,0,500,R,Sales,0.5,R,Sales Rep,Unknown,Durban,KwaZulu-Natal,Unknown,Unknown
HASL01,29,5a,01EXP,7,120,0,100000,EXPORTS,Gross Profit,0.5,EXPORTS,Channel: Export,Unknown,Botswana and Exports,Export,Exports incl Botswana,Channel: Export
HASLOC,5,20a,CONS,0,30,0,999999,CONSIGNMENTS HEAD OFFICE,Gross Profit,0.5,CONSIGNMENT,Channel: Consignment,Unknown,Unknown,Unknown,Consignment,Channel: Consignment
HATL01,40,6b,04,0,120,0,3000,BM,Sales,0.5,BM,Sales Rep,Unknown,West Cape,Western Cape,Unknown,Unknown
HATL02,41,10a,02,0,120,0,2000,R,Sales,0.5,R,Sales Rep,Unknown,Durban,KwaZulu-Natal,Unknown,Unknown
HCOE01,21,25b,ZZZ,0,120,0,2000,Unknown,Unknown,,Unknown,Unknown,Unknown,Unknown,Unknown,Unknown,Unknown
HISO01,41,10a,02,0,120,0,15000,R,Sales,0.5,R,Sales Rep,Unknown,Durban,KwaZulu-Natal,Unknown,Unknown
HISOC1,5,20a,CON2S,0,120,0,999999,CONSIGNMENT DE/STAND,Gross Profit,0.5,CONSIGNMENT,Channel: Consignment,Unknown,Unknown,Unknown,Consignment,Channel: Consignment
HKAM01,21,25b,ZZZ5,0,120,0,5000,Unknown,Unknown,,Unknown,Unknown,Unknown,Unknown,Unknown,Unknown,Unknown
HKAM02,40,6b,04,0,120,0,7500,BM,Sales,0.5,BM,Sales Rep,Unknown,West Cape,Western Cape,Unknown,Unknown
HKUN01,21,25b,ZZZ5,0,120,0,3000,Unknown,Unknown,,Unknown,Unknown,Unknown,Unknown,Unknown,Unknown,Unknown
HLYN01,40,6b,04,0,120,0,3000,BM,Sales,0.5,BM,Sales Rep,Unknown,West Cape,Western Cape,Unknown,Unknown
HLYN02,40,6b,04,0,120,0,3000,BM,Sales,0.5,BM,Sales Rep,Unknown,West Cape,Western Cape,Unknown,Unknown
HMAA01,41,10a,02,0,120,0,1000,R,Sales,0.5,R,Sales Rep,Unknown,Durban,KwaZulu-Natal,Unknown,Unknown
HMAA02,20,25a,ZZZ2,0,120,0,0,Unknown,Unknown,,Unknown,Unknown,Unknown,Unknown,Unknown,Unknown,Unknown
HMAA03,41,10a,02,0,120,0,999999,R,Sales,0.5,R,Sales Rep,Unknown,Durban,KwaZulu-Natal,Unknown,Unknown
HMAA04,21,25b,ZZZ5,0,120,0,6000,Unknown,Unknown,,Unknown,Unknown,Unknown,Unknown,Unknown,Unknown,Unknown
HMAL01,21,25b,ZZZ5,0,120,0,0,Unknown,Unknown,,Unknown,Unknown,Unknown,Unknown,Unknown,Unknown,Unknown
HMAL02,18,4a,06,0,120,0,2000,DA,Sales,0.0,DA,Sales Rep,Unknown,Pietersburg / Potgietersrus,Limpopo,Unknown,Unknown
HMAO01,41,10a,02,0,120,0,10000,R,Sales,0.5,R,Sales Rep,Unknown,Durban,KwaZulu-Natal,Unknown,Unknown
HMAO02,49,10a,02,0,120,0,3000,R,Sales,0.5,R,Sales Rep,Unknown,Durban,KwaZulu-Natal,Unknown,Unknown
HMAO03,21,25b,ZZZ5,0,120,0,1000,Unknown,Unknown,,Unknown,Unknown,Unknown,Unknown,Unknown,Unknown,Unknown
HMAO04,41,10a,02,0,120,0,5000,R,Sales,0.5,R,Sales Rep,Unknown,Durban,KwaZulu-Natal,Unknown,Unknown
HMAO05,46,2b,05,0,120,0,2000,RL,Sales,0.5,RL,Sales Rep,Unknown,Krugersdorp / Sun City,North West,Unknown,Unknown
HMAOOC,5,20a,STAND,0,120,0,999999,STAND-60PC CONSIGNMENT,Gross Profit,0.0,CONSIGNMENT_STANDS,Channel: Consignment,Unknown,Unknown,Unknown,Consignment,Channel: Consignment
HMEA01,21,25b,ZZZ5,0,120,0,3000,Unknown,Unknown,,Unknown,Unknown,Unknown,Unknown,Unknown,Unknown,Unknown
HMOA01,21,25b,ZZZ5,0,120,0,2500,Unknown,Unknown,,Unknown,Unknown,Unknown,Unknown,Unknown,Unknown,Unknown
HMOA02,49,10a,02,0,120,0,3000,R,Sales,0.5,R,Sales Rep,Unknown,Durban,KwaZulu-Natal,Unknown,Unknown
HMOA03,42,10b,02,0,120,0,4000,R,Sales,0.5,R,Sales Rep,Unknown,Midlands,KwaZulu-Natal,Unknown,Unknown
HMOA04,42,10b,02,0,120,0,6000,R,Sales,0.5,R,Sales Rep,Unknown,Midlands,KwaZulu-Natal,Unknown,Unknown
HMOL01,25,11b,06,0,120,0,3000,DA,Sales,0.0,DA,Sales Rep,Unknown,Ermelo / Piet Retief,Mpumalanga,Unknown,Unknown
HMOL02,45,2a,06,0,120,0,5000,DA,Sales,0.0,DA,Sales Rep,Unknown,Vaal Triangle,Gauteng,Unknown,Unknown
HMOL03,25,11b,06,0,120,0,1500,DA,Sales,0.0,DA,Sales Rep,Unknown,Ermelo / Piet Retief,Mpumalanga,Unknown,Unknown
HMOL04,4,1b,03,0,120,0,15500,BJ,Sales,0.5,BJ,Sales Rep,Unknown,Pretoria North/South/West,Gauteng,Unknown,Unknown
HMOL05,18,4a,06,0,120,0,1500,DA,Sales,0.0,DA,Sales Rep,Unknown,Pietersburg / Potgietersrus,Limpopo,Unknown,Unknown
HMOL06,21,25b,ZZZ5,0,120,0,5000,Unknown,Unknown,,Unknown,Unknown,Unknown,Unknown,Unknown,Unknown,Unknown
HMOL07,34,1e,03,0,60,0,999999,BJ,Sales,0.5,BJ,Sales Rep,Unknown,Witbank/Middelburg,Mpumalanga,Unknown,Unknown
HMPA01,18,4a,06,0,120,0,1500,DA,Sales,0.0,DA,Sales Rep,Unknown,Pietersburg / Potgietersrus,Limpopo,Unknown,Unknown
HMPU01,43,3a,06,0,120,0,2000,DA,Sales,0.0,DA,Sales Rep,Unknown,Soweto/Lenasia,Gauteng,Unknown,Unknown
HOCT01,21,25b,ZZZ5,0,120,0,2000,Unknown,Unknown,,Unknown,Unknown,Unknown,Unknown,Unknown,Unknown,Unknown
HRAM01,41,10a,02,0,120,0,7500,R,Sales,0.5,R,Sales Rep,Unknown,Durban,KwaZulu-Natal,Unknown,Unknown
HRAMFR,21,25b,ZZZ5,0,30,0,999999,Unknown,Unknown,,Unknown,Unknown,Unknown,Unknown,Unknown,Unknown,Unknown
HROL01,29,5a,01EXP,0,120,0,1000,EXPORTS,Gross Profit,0.5,EXPORTS,Channel: Export,Unknown,Botswana and Exports,Export,Exports incl Botswana,Channel: Export
HSCA01,40,6b,04,0,120,0,3000,BM,Sales,0.5,BM,Sales Rep,Unknown,West Cape,Western Cape,Unknown,Unknown
HSCI01,21,25b,ZZZ5,0,120,0,1500,Unknown,Unknown,,Unknown,Unknown,Unknown,Unknown,Unknown,Unknown,Unknown
HSCI02,14,3b,06,0,120,0,7500,DA,Sales,0.0,DA,Sales Rep,Unknown,Johannesburg CBD,Gauteng,Unknown,Unknown
HSCL01,30,7a,05,0,120,0,5000,RL,Sales,0.5,RL,Sales Rep,Unknown,Gauteng N - Sandton,Gauteng,Unknown,Unknown
HSCLOC,5,20a,CONS5,0,30,0,999999,CONSIGNMENTS HO,Gross Profit,0.5,CONSIGNMENT,Channel: Consignment,Unknown,Unknown,Unknown,Consignment,Channel: Consignment
HSCM01,40,6b,04,0,120,0,500,BM,Sales,0.5,BM,Sales Rep,Unknown,West Cape,Western Cape,Unknown,Unknown
HSCN01,30,7a,05,0,120,0,20000,RL,Sales,0.5,RL,Sales Rep,Unknown,Gauteng N - Sandton,Gauteng,Unknown,Unknown
HSCN02,40,6b,04C,0,120,0,10000,BM CONSIGNMENT SALES ACC,Sales,0.5,BM,Sales Rep,Unknown,West Cape,Western Cape,Unknown,Unknown
HSCNC1,5,20a,CONS5,0,120,0,999999,CONSIGNMENTS HO,Gross Profit,0.5,CONSIGNMENT,Channel: Consignment,Unknown,Unknown,Unknown,Consignment,Channel: Consignment
HSCNCO,5,20a,ZZZ5,0,30,0,999999,Unknown,Unknown,,Unknown,Unknown,Unknown,Unknown,Unknown,Consignment,Channel: Consignment
HSCNOC,21,25b,ZZZ5,0,30,0,999999,Unknown,Unknown,,Unknown,Unknown,Unknown,Unknown,Unknown,Unknown,Unknown
HSCO01,45,2a,06,0,120,0,5000,DA,Sales,0.0,DA,Sales Rep,Unknown,Vaal Triangle,Gauteng,Unknown,Unknown
HSCO02,45,2a,06C,0,120,0,5000,DA CONSIGNMENT,Sales,0.5,DA,Sales Rep,Unknown,Vaal Triangle,Gauteng,Unknown,Unknown
HSCO05,46,2b,07,0,120,0,5000,LA,Sales,0.0,LA,Sales Rep,Unknown,Krugersdorp / Sun City,North West,Unknown,Unknown
HSCO06,25,11b,06,0,120,0,2500,DA,Sales,0.0,DA,Sales Rep,Unknown,Ermelo / Piet Retief,Mpumalanga,Unknown,Unknown
HSCOC1,5,20a,CON7S,0,120,0,999999,Consignment LA / Stand,Sales,0.5,CONSIGNMENT,Channel: Consignment,Unknown,Unknown,Unknown,Consignment,Channel: Consignment
HSCOC2,5,20a,PROMO,0,120,0,999999,Unknown,Unknown,,Unknown,Unknown,Unknown,Unknown,Unknown,Consignment,Channel: Consignment
HSCOC3,5,20a,CONS6,0,120,0,999999,CONSIGNMENTS DA,Gross Profit,0.5,CONSIGNMENT,Channel: Consignment,Unknown,Unknown,Unknown,Consignment,Channel: Consignment
HSCOOC,5,20a,CONS6,0,120,0,999999,CONSIGNMENTS DA,Gross Profit,0.5,CONSIGNMENT,Channel: Consignment,Unknown,Unknown,Unknown,Consignment,Channel: Consignment
HTSA01,20,25a,CITC,0,120,0,20000,C-  ITC,Sales,0.5,Unknown,Unclassified_Missing_Data,Unknown,Unknown,Unknown,Unknown,Unknown
HTSAOC,5,20a,STAND,0,120,0,999999,STAND-60PC CONSIGNMENT,Gross Profit,0.0,CONSIGNMENT_STANDS,Channel: Consignment,Unknown,Unknown,Unknown,Consignment,Channel: Consignment
HTSE01,33,1d,03C,0,120,0,3000,BJ CONSIGNMENTS,Sales,0.5,BJ,Sales Rep,Unknown,Pretoria,Gauteng,Unknown,Unknown
HTSEC1,5,20a,CON3S,0,120,0,999999,CONSIGNMENT BJ/STAND,Gross Profit,0.5,CONSIGNMENT,Channel: Consignment,Unknown,Unknown,Unknown,Consignment,Channel: Consignment
HTSECO,5,20a,CONS3,0,120,0,999999,CONSIGNMENTS BJ,Gross Profit,0.5,CONSIGNMENT,Channel: Consignment,Unknown,Unknown,Unknown,Consignment,Channel: Consignment
HTSEOC,5,20a,ZZZ5,0,120,0,999999,Unknown,Unknown,,Unknown,Unknown,Unknown,Unknown,Unknown,Consignment,Channel: Consignment
HTSI01,34,1e,03,0,120,0,3500,BJ,Sales,0.5,BJ,Sales Rep,Unknown,Witbank/Middelburg,Mpumalanga,Unknown,Unknown
HUML01,41,10a,02C,0,120,0,7500,R CONSIGNMENT SALES ACC,Sales,0.5,R,Sales Rep,Unknown,Durban,KwaZulu-Natal,Unknown,Unknown
HUMLOC,5,20a,CONS2,0,120,0,999999,CONSIGNMENTS DE,Gross Profit,0.5,CONSIGNMENT,Channel: Consignment,Unknown,Unknown,Unknown,Consignment,Channel: Consignment
HUMLST,5,20a,CON2S,0,120,0,999999,CONSIGNMENT DE/STAND,Gross Profit,0.5,CONSIGNMENT,Channel: Consignment,Unknown,Unknown,Unknown,Consignment,Channel: Consignment
HVAE01,41,10a,02,0,120,0,2000,R,Sales,0.5,R,Sales Rep,Unknown,Durban,KwaZulu-Natal,Unknown,Unknown
HWAL01,33,1d,03C,0,120,0,7500,BJ CONSIGNMENTS,Sales,0.5,BJ,Sales Rep,Unknown,Pretoria,Gauteng,Unknown,Unknown
HWAL02,37,11a,03,0,120,0,30000,BJ,Sales,0.5,BJ,Sales Rep,Unknown,Free State / Lesotho,Free State,Unknown,Unknown
HWAL03,21,25b,ZZZ5,0,120,0,1500,Unknown,Unknown,,Unknown,Unknown,Unknown,Unknown,Unknown,Unknown,Unknown
HWALC1,5,20a,CONS3,0,60,0,999999,CONSIGNMENTS BJ,Gross Profit,0.5,CONSIGNMENT,Channel: Consignment,Unknown,Unknown,Unknown,Consignment,Channel: Consignment
HWALC2,5,20a,CON3S,0,60,0,999999,CONSIGNMENT BJ/STAND,Gross Profit,0.5,CONSIGNMENT,Channel: Consignment,Unknown,Unknown,Unknown,Consignment,Channel: Consignment
HZAE01,31,8a,06,0,120,0,1000,DA,Sales,0.0,DA,Sales Rep,Unknown,Gauteng E - Alberton/Benoni/Kempton,Gauteng,Unknown,Unknown
HZAEC1,5,20a,CON6S,0,60,0,999999,CONSIGNMENT DA/STAND,Gross Profit,0.5,CONSIGNMENT,Channel: Consignment,Unknown,Unknown,Unknown,Consignment,Channel: Consignment
IALW01,39,6a,02,0,120,0,2000,R,Sales,0.5,R,Sales Rep,Unknown,East Cape,Eastern Cape,Unknown,Unknown
IBEN01,21,25b,ZZZ5,0,120,0,3000,Unknown,Unknown,,Unknown,Unknown,Unknown,Unknown,Unknown,Unknown,Unknown
IBHK01,25,11b,02,0,120,0,5000,R,Sales,0.5,R,Sales Rep,Unknown,Ermelo / Piet Retief,Mpumalanga,Unknown,Unknown
IBRD01,21,25b,ZZZ5,0,120,0,3000,Unknown,Unknown,,Unknown,Unknown,Unknown,Unknown,Unknown,Unknown,Unknown
IBRN01,21,25b,ZZZ5,0,120,0,2000,Unknown,Unknown,,Unknown,Unknown,Unknown,Unknown,Unknown,Unknown,Unknown
IBRN02,34,1e,03,0,120,0,2000,BJ,Sales,0.5,BJ,Sales Rep,Unknown,Witbank/Middelburg,Mpumalanga,Unknown,Unknown
IDEG01,21,25b,ZZZ5,0,120,0,3000,Unknown,Unknown,,Unknown,Unknown,Unknown,Unknown,Unknown,Unknown,Unknown
IDZN01,41,10a,02,0,30,0,5000,R,Sales,0.5,R,Sales Rep,Unknown,Durban,KwaZulu-Natal,Unknown,Unknown
IDZNC1,5,20a,CON2S,0,120,0,999999,CONSIGNMENT DE/STAND,Gross Profit,0.5,CONSIGNMENT,Channel: Consignment,Unknown,Unknown,Unknown,Consignment,Channel: Consignment
IDZNC2,5,20a,CONS4,0,120,0,999999,CONSIGNMENTS BM,Gross Profit,0.5,CONSIGNMENT,Channel: Consignment,Unknown,Unknown,Unknown,Consignment,Channel: Consignment
IDZV01,20,25a,ZZZ4,0,120,0,2500,Unknown,Unknown,,Unknown,Unknown,Unknown,Unknown,Unknown,Unknown,Unknown
IELM01,21,25b,ZZZ5,0,120,0,500,Unknown,Unknown,,Unknown,Unknown,Unknown,Unknown,Unknown,Unknown,Unknown
IERN01,21,25b,ZZZ5,0,120,0,5000,Unknown,Unknown,,Unknown,Unknown,Unknown,Unknown,Unknown,Unknown,Unknown
IERN02,21,25b,ZZZ5,0,120,0,3000,Unknown,Unknown,,Unknown,Unknown,Unknown,Unknown,Unknown,Unknown,Unknown
IERN03,30,7a,05C,0,120,0,15000,RL CONSIGNMENT SALES ACC,Sales,0.5,RL,Sales Rep,Unknown,Gauteng N - Sandton,Gauteng,Unknown,Unknown
IERNC1,5,20a,CONS,0,120,0,999999,CONSIGNMENTS HEAD OFFICE,Gross Profit,0.5,CONSIGNMENT,Channel: Consignment,Unknown,Unknown,Unknown,Consignment,Channel: Consignment
IERNOC,5,20a,CONS2,0,120,0,999999,CONSIGNMENTS DE,Gross Profit,0.5,CONSIGNMENT,Channel: Consignment,Unknown,Unknown,Unknown,Consignment,Channel: Consignment
IFAR01,40,6b,04,0,120,0,1000,BM,Sales,0.5,BM,Sales Rep,Unknown,West Cape,Western Cape,Unknown,Unknown
IFAROC,6,21a,CONS4,0,30,0,999999,CONSIGNMENTS BM,Gross Profit,0.5,CONSIGNMENT,Channel: Consignment,Unknown,Unknown,Unknown,Advertising Appro,Internal: Advertising
IFLG01,31,8a,06,0,120,0,3500,DA,Sales,0.0,DA,Sales Rep,Unknown,Gauteng E - Alberton/Benoni/Kempton,Gauteng,Unknown,Unknown
IFRE01,21,25b,ZZZ5,0,120,0,1500,Unknown,Unknown,,Unknown,Unknown,Unknown,Unknown,Unknown,Unknown,Unknown
IFRE02,40,6b,04,0,120,0,5000,BM,Sales,0.5,BM,Sales Rep,Unknown,West Cape,Western Cape,Unknown,Unknown
IFREC1,21,25b,ZZZ5,0,30,0,999999,Unknown,Unknown,,Unknown,Unknown,Unknown,Unknown,Unknown,Unknown,Unknown
IFREOC,21,25b,ZZZ5,0,120,0,999999,Unknown,Unknown,,Unknown,Unknown,Unknown,Unknown,Unknown,Unknown,Unknown
IGAL01,19,4b,06,0,120,0,2000,DA,Sales,0.0,DA,Sales Rep,Unknown,Nelspruit / Tzaneen,Mpumalanga,Unknown,Unknown
IGRM01,40,6b,04,0,120,0,1000,BM,Sales,0.5,BM,Sales Rep,Unknown,West Cape,Western Cape,Unknown,Unknown
IHAN01,40,6b,04,0,120,0,2500,BM,Sales,0.5,BM,Sales Rep,Unknown,West Cape,Western Cape,Unknown,Unknown
IHAN02,21,25b,ZZZ5,0,120,0,2500,Unknown,Unknown,,Unknown,Unknown,Unknown,Unknown,Unknown,Unknown,Unknown
IHEN01,33,1d,03C,0,120,0,6000,BJ CONSIGNMENTS,Sales,0.5,BJ,Sales Rep,Unknown,Pretoria,Gauteng,Unknown,Unknown
IHEN02,33,1d,03,0,120,0,1500,BJ,Sales,0.5,BJ,Sales Rep,Unknown,Pretoria,Gauteng,Unknown,Unknown
IHEN03,4,1b,03,0,120,0,1500,BJ,Sales,0.5,BJ,Sales Rep,Unknown,Pretoria North/South/West,Gauteng,Unknown,Unknown
IHEN04,33,1d,03,0,120,0,1500,BJ,Sales,0.5,BJ,Sales Rep,Unknown,Pretoria,Gauteng,Unknown,Unknown
IHEN05,2,1a,03,0,120,0,999999,BJ,Sales,0.5,BJ,Sales Rep,Unknown,Pretoria Central,Gauteng,Unknown,Unknown
IHENC1,5,20a,CONS3,0,30,0,999999,CONSIGNMENTS BJ,Gross Profit,0.5,CONSIGNMENT,Channel: Consignment,Unknown,Unknown,Unknown,Consignment,Channel: Consignment
IHENC2,21,25b,ZZZ5,0,30,0,999999,Unknown,Unknown,,Unknown,Unknown,Unknown,Unknown,Unknown,Unknown,Unknown
IHENCS,5,20a,CONS,0,120,0,999999,CONSIGNMENTS HEAD OFFICE,Gross Profit,0.5,CONSIGNMENT,Channel: Consignment,Unknown,Unknown,Unknown,Consignment,Channel: Consignment
IHENOC,21,25b,ZZZ5,0,30,0,999999,Unknown,Unknown,,Unknown,Unknown,Unknown,Unknown,Unknown,Unknown,Unknown
IIFL01,2,1a,03,0,120,0,999999,BJ,Sales,0.5,BJ,Sales Rep,Unknown,Pretoria Central,Gauteng,Unknown,Unknown
IIJE01,40,6b,04,0,120,0,4000,BM,Sales,0.5,BM,Sales Rep,Unknown,West Cape,Western Cape,Unknown,Unknown
IIJEC1,5,20a,CON4S,0,120,0,999999,CONSIGNMENT BM/STAND,Gross Profit,0.5,CONSIGNMENT,Channel: Consignment,Unknown,Unknown,Unknown,Consignment,Channel: Consignment
IISP01,21,25b,ZZZ1,0,120,0,5000,Unknown,Unknown,,Unknown,Unknown,Unknown,Unknown,Unknown,Unknown,Unknown
IISS01,30,7a,05,0,120,0,10000,RL,Sales,0.5,RL,Sales Rep,Unknown,Gauteng N - Sandton,Gauteng,Unknown,Unknown
IJON01,21,25b,ZZZ5,0,120,0,1000,Unknown,Unknown,,Unknown,Unknown,Unknown,Unknown,Unknown,Unknown,Unknown
IJON02,40,6b,04,0,120,0,5000,BM,Sales,0.5,BM,Sales Rep,Unknown,West Cape,Western Cape,Unknown,Unknown
IJON04,46,2b,05,0,120,0,2000,RL,Sales,0.5,RL,Sales Rep,Unknown,Krugersdorp / Sun City,North West,Unknown,Unknown
IKNG01,36,7c,05,0,120,0,15000,RL,Sales,0.5,RL,Sales Rep,Unknown,Gauteng N - Eastgate/Norwood/Midrand,Gauteng,Unknown,Unknown
IKRE01,21,25b,ZZZ5,0,120,0,1000,Unknown,Unknown,,Unknown,Unknown,Unknown,Unknown,Unknown,Unknown,Unknown
IKRE02,21,25b,ZZZ5,0,120,0,1000,Unknown,Unknown,,Unknown,Unknown,Unknown,Unknown,Unknown,Unknown,Unknown
IKRE03,39,6a,02,0,120,5,7500,R,Sales,0.5,R,Sales Rep,Unknown,East Cape,Eastern Cape,Unknown,Unknown
IKRE04,21,25b,ZZZ5,0,120,0,1500,Unknown,Unknown,,Unknown,Unknown,Unknown,Unknown,Unknown,Unknown,Unknown
IKRE05,18,4a,06,0,120,0,5000,DA,Sales,0.0,DA,Sales Rep,Unknown,Pietersburg / Potgietersrus,Limpopo,Unknown,Unknown
IKRE06,39,6a,02,0,120,5,2000,R,Sales,0.5,R,Sales Rep,Unknown,East Cape,Eastern Cape,Unknown,Unknown
IKRT01,21,25b,ZZZ5,0,120,0,2000,Unknown,Unknown,,Unknown,Unknown,Unknown,Unknown,Unknown,Unknown,Unknown
IKRZ01,33,1d,03,0,120,0,10000,BJ,Sales,0.5,BJ,Sales Rep,Unknown,Pretoria,Gauteng,Unknown,Unknown
IMAT01,21,25b,ZZZ5,0,120,0,1000,Unknown,Unknown,,Unknown,Unknown,Unknown,Unknown,Unknown,Unknown,Unknown
IMEE01,46,2b,03,0,120,0,1500,BJ,Sales,0.5,BJ,Sales Rep,Unknown,Krugersdorp / Sun City,North West,Unknown,Unknown
IMEE02,21,25b,ZZZ5,0,120,0,4000,Unknown,Unknown,,Unknown,Unknown,Unknown,Unknown,Unknown,Unknown,Unknown
IMER03,2,1a,03C,0,120,0,2000,BJ CONSIGNMENTS,Sales,0.5,BJ,Sales Rep,Unknown,Pretoria Central,Gauteng,Unknown,Unknown
IMERC1,5,20a,CONS3,0,30,0,999999,CONSIGNMENTS BJ,Gross Profit,0.5,CONSIGNMENT,Channel: Consignment,Unknown,Unknown,Unknown,Consignment,Channel: Consignment
IMERCO,5,20a,ZZZ5,0,120,0,999999,Unknown,Unknown,,Unknown,Unknown,Unknown,Unknown,Unknown,Consignment,Channel: Consignment
IMEROC,21,25b,ZZZ5,0,120,0,999999,Unknown,Unknown,,Unknown,Unknown,Unknown,Unknown,Unknown,Unknown,Unknown
IMGL01,39,6a,02,0,60,0,999999,R,Sales,0.5,R,Sales Rep,Unknown,East Cape,Eastern Cape,Unknown,Unknown
IMUR01,39,6a,04,0,120,0,3000,BM,Sales,0.5,BM,Sales Rep,Unknown,East Cape,Eastern Cape,Unknown,Unknown
INAD01,40,6b,04,0,120,0,100000,BM,Sales,0.5,BM,Sales Rep,Unknown,West Cape,Western Cape,Unknown,Unknown
INAD02,40,6b,04C,0,120,0,2000,BM CONSIGNMENT SALES ACC,Sales,0.5,BM,Sales Rep,Unknown,West Cape,Western Cape,Unknown,Unknown
INAD03,21,25b,ZZZ1,0,120,0,1500,Unknown,Unknown,,Unknown,Unknown,Unknown,Unknown,Unknown,Unknown,Unknown
INAD04,39,6a,04C,0,120,0,5000,BM CONSIGNMENT SALES ACC,Sales,0.5,BM,Sales Rep,Unknown,East Cape,Eastern Cape,Unknown,Unknown
INAD05,21,25b,ZZZ5,0,120,0,500,Unknown,Unknown,,Unknown,Unknown,Unknown,Unknown,Unknown,Unknown,Unknown
INAD06,49,10a,02,0,120,0,1000,R,Sales,0.5,R,Sales Rep,Unknown,Durban,KwaZulu-Natal,Unknown,Unknown
INAD07,49,10a,02,0,120,0,1500,R,Sales,0.5,R,Sales Rep,Unknown,Durban,KwaZulu-Natal,Unknown,Unknown
INAD08,21,25b,ZZZ5,0,120,0,500,Unknown,Unknown,,Unknown,Unknown,Unknown,Unknown,Unknown,Unknown,Unknown
INAD09,21,25b,ZZZ5,0,120,0,500,Unknown,Unknown,,Unknown,Unknown,Unknown,Unknown,Unknown,Unknown,Unknown
INAD10,41,10a,02,0,120,0,500,R,Sales,0.5,R,Sales Rep,Unknown,Durban,KwaZulu-Natal,Unknown,Unknown
INAD11,21,25b,ZZZ5,0,120,0,0,Unknown,Unknown,,Unknown,Unknown,Unknown,Unknown,Unknown,Unknown,Unknown
INAD12,21,25b,ZZZ5,0,120,0,3000,Unknown,Unknown,,Unknown,Unknown,Unknown,Unknown,Unknown,Unknown,Unknown
INAD13,21,25b,ZZZ5,0,120,0,1000,Unknown,Unknown,,Unknown,Unknown,Unknown,Unknown,Unknown,Unknown,Unknown
INAD14,21,25b,ZZZ5,0,120,0,1000,Unknown,Unknown,,Unknown,Unknown,Unknown,Unknown,Unknown,Unknown,Unknown
INAD15,21,25b,ZZZ5,0,120,0,1000,Unknown,Unknown,,Unknown,Unknown,Unknown,Unknown,Unknown,Unknown,Unknown
INAD16,21,25b,ZZZ5,0,120,0,500,Unknown,Unknown,,Unknown,Unknown,Unknown,Unknown,Unknown,Unknown,Unknown
INAD17,31,8a,05,0,120,0,999999,RL,Sales,0.5,RL,Sales Rep,Unknown,Gauteng E - Alberton/Benoni/Kempton,Gauteng,Unknown,Unknown
INADC1,5,20a,CON4S,0,120,0,999999,CONSIGNMENT BM/STAND,Gross Profit,0.5,CONSIGNMENT,Channel: Consignment,Unknown,Unknown,Unknown,Consignment,Channel: Consignment
INADC2,21,25b,ZZZ5,0,120,0,999999,Unknown,Unknown,,Unknown,Unknown,Unknown,Unknown,Unknown,Unknown,Unknown
INADC3,5,20a,CON4S,0,30,0,999999,CONSIGNMENT BM/STAND,Gross Profit,0.5,CONSIGNMENT,Channel: Consignment,Unknown,Unknown,Unknown,Consignment,Channel: Consignment
INADCO,5,20a,CONS4,0,30,0,999999,CONSIGNMENTS BM,Gross Profit,0.5,CONSIGNMENT,Channel: Consignment,Unknown,Unknown,Unknown,Consignment,Channel: Consignment
INADOC,5,20a,STAND,0,120,0,999999,STAND-60PC CONSIGNMENT,Gross Profit,0.0,CONSIGNMENT_STANDS,Channel: Consignment,Unknown,Unknown,Unknown,Consignment,Channel: Consignment
INADVM,5,20a,ZZZ5,0,30,0,999999,Unknown,Unknown,,Unknown,Unknown,Unknown,Unknown,Unknown,Consignment,Channel: Consignment
INJK01,39,6a,02,0,120,0,999999,R,Sales,0.5,R,Sales Rep,Unknown,East Cape,Eastern Cape,Unknown,Unknown
IOLV01,34,1e,03,0,120,0,2000,BJ,Sales,0.5,BJ,Sales Rep,Unknown,Witbank/Middelburg,Mpumalanga,Unknown,Unknown
IOLV02,21,25b,ZZZ5,0,120,0,999999,Unknown,Unknown,,Unknown,Unknown,Unknown,Unknown,Unknown,Unknown,Unknown
IOLVC1,5,20a,CONS2,0,120,0,999999,CONSIGNMENTS DE,Gross Profit,0.5,CONSIGNMENT,Channel: Consignment,Unknown,Unknown,Unknown,Consignment,Channel: Consignment
IONO01,16,1c,03,0,120,0,2500,BJ,Sales,0.5,BJ,Sales Rep,Unknown,Pretoria East,Gauteng,Unknown,Unknown
IONOOC,5,20a,ZZZ5,0,120,0,999999,Unknown,Unknown,,Unknown,Unknown,Unknown,Unknown,Unknown,Consignment,Channel: Consignment
IPAG01,21,25b,ZZZ5,0,120,0,10000,Unknown,Unknown,,Unknown,Unknown,Unknown,Unknown,Unknown,Unknown,Unknown
IPAGC1,5,20a,CON10,0,30,0,999999,CONSIGNMENT BA,Sales,0.5,BA_CONSIGNMENT,Channel: Consignment,Unknown,Unknown,Unknown,Consignment,Channel: Consignment
IPAGCO,5,20a,CONS2,0,30,0,999999,CONSIGNMENTS DE,Gross Profit,0.5,CONSIGNMENT,Channel: Consignment,Unknown,Unknown,Unknown,Consignment,Channel: Consignment
IPAGOC,5,20a,CONS2,0,30,0,999999,CONSIGNMENTS DE,Gross Profit,0.5,CONSIGNMENT,Channel: Consignment,Unknown,Unknown,Unknown,Consignment,Channel: Consignment
IPHL02,40,6b,04,0,120,0,2000,BM,Sales,0.5,BM,Sales Rep,Unknown,West Cape,Western Cape,Unknown,Unknown
IPHL03,40,6b,04,0,120,0,3000,BM,Sales,0.5,BM,Sales Rep,Unknown,West Cape,Western Cape,Unknown,Unknown
IREC01,49,10a,02,0,120,0,3000,R,Sales,0.5,R,Sales Rep,Unknown,Durban,KwaZulu-Natal,Unknown,Unknown
IRED01,40,6b,04,0,120,0,1500,BM,Sales,0.5,BM,Sales Rep,Unknown,West Cape,Western Cape,Unknown,Unknown
ISAL01,39,6a,03,0,30,0,999999,BJ,Sales,0.5,BJ,Sales Rep,Unknown,East Cape,Eastern Cape,Unknown,Unknown
ISAN01,39,6a,04,0,120,0,3000,BM,Sales,0.5,BM,Sales Rep,Unknown,East Cape,Eastern Cape,Unknown,Unknown
ISAV01,31,8a,06,0,120,0,999999,DA,Sales,0.0,DA,Sales Rep,Unknown,Gauteng E - Alberton/Benoni/Kempton,Gauteng,Unknown,Unknown
ISHN01,19,4b,03,0,120,0,3000,BJ,Sales,0.5,BJ,Sales Rep,Unknown,Nelspruit / Tzaneen,Mpumalanga,Unknown,Unknown
ISMT01,25,11b,05,0,120,0,3000,RL,Sales,0.5,RL,Sales Rep,Unknown,Ermelo / Piet Retief,Mpumalanga,Unknown,Unknown
ISMT02,21,25b,ZZZ5,0,120,0,3000,Unknown,Unknown,,Unknown,Unknown,Unknown,Unknown,Unknown,Unknown,Unknown
ISMT04,40,6b,04,0,120,0,2000,BM,Sales,0.5,BM,Sales Rep,Unknown,West Cape,Western Cape,Unknown,Unknown
ISMT05,49,10a,02,0,120,0,1500,R,Sales,0.5,R,Sales Rep,Unknown,Durban,KwaZulu-Natal,Unknown,Unknown
ISMT06,40,6b,04,0,120,0,3000,BM,Sales,0.5,BM,Sales Rep,Unknown,West Cape,Western Cape,Unknown,Unknown
ISMT07,40,6b,04,0,120,0,2000,BM,Sales,0.5,BM,Sales Rep,Unknown,West Cape,Western Cape,Unknown,Unknown
ISMT08,37,11a,03,0,120,0,7500,BJ,Sales,0.5,BJ,Sales Rep,Unknown,Free State / Lesotho,Free State,Unknown,Unknown
ISMT09,21,25b,ZZZ5,0,120,0,5000,Unknown,Unknown,,Unknown,Unknown,Unknown,Unknown,Unknown,Unknown,Unknown
ISMT10,20,25a,CITC,0,120,0,5000,C-  ITC,Sales,0.5,Unknown,Unclassified_Missing_Data,Unknown,Unknown,Unknown,Unknown,Unknown
ISMTC1,5,20a,CONS2,0,30,0,999999,CONSIGNMENTS DE,Gross Profit,0.5,CONSIGNMENT,Channel: Consignment,Unknown,Unknown,Unknown,Consignment,Channel: Consignment
ISMTOC,5,20a,CONS2,0,120,0,999999,CONSIGNMENTS DE,Gross Profit,0.5,CONSIGNMENT,Channel: Consignment,Unknown,Unknown,Unknown,Consignment,Channel: Consignment
ISPL01,21,25b,ZZZ5,0,120,0,8000,Unknown,Unknown,,Unknown,Unknown,Unknown,Unknown,Unknown,Unknown,Unknown
ISPL02,4,1b,03C,0,120,0,7500,BJ CONSIGNMENTS,Sales,0.5,BJ,Sales Rep,Unknown,Pretoria North/South/West,Gauteng,Unknown,Unknown
ISPLC1,5,20a,CONS3,0,30,0,999999,CONSIGNMENTS BJ,Gross Profit,0.5,CONSIGNMENT,Channel: Consignment,Unknown,Unknown,Unknown,Consignment,Channel: Consignment
ISPLCE,5,20a,CON3S,0,120,0,999999,CONSIGNMENT BJ/STAND,Gross Profit,0.5,CONSIGNMENT,Channel: Consignment,Unknown,Unknown,Unknown,Consignment,Channel: Consignment
ISPLOC,21,25b,ZZZ5,0,120,0,999999,Unknown,Unknown,,Unknown,Unknown,Unknown,Unknown,Unknown,Unknown,Unknown
ISTM01,29,5a,01EXP,0,120,0,2500,EXPORTS,Gross Profit,0.5,EXPORTS,Channel: Export,Unknown,Botswana and Exports,Export,Exports incl Botswana,Channel: Export
ISWN01,21,25b,03,0,120,0,0,BJ,Sales,0.5,BJ,Sales Rep,Unknown,Unknown,Unknown,Unknown,Unknown
ITHV01,21,25b,ZZZ5,0,120,0,3000,Unknown,Unknown,,Unknown,Unknown,Unknown,Unknown,Unknown,Unknown,Unknown
ITHV02,18,4a,06,0,30,0,3000,DA,Sales,0.0,DA,Sales Rep,Unknown,Pietersburg / Potgietersrus,Limpopo,Unknown,Unknown
ITJB01,18,4a,06,0,120,0,1500,DA,Sales,0.0,DA,Sales Rep,Unknown,Pietersburg / Potgietersrus,Limpopo,Unknown,Unknown
ITRC01,37,11a,03,0,120,0,10000,BJ,Sales,0.5,BJ,Sales Rep,Unknown,Free State / Lesotho,Free State,Unknown,Unknown
ITRM01,40,6b,04,0,120,0,3000,BM,Sales,0.5,BM,Sales Rep,Unknown,West Cape,Western Cape,Unknown,Unknown
IUNT01,32,7b,05,0,120,0,999999,RL,Sales,0.5,RL,Sales Rep,Unknown,Gauteng N - Randburg/Rivonia,Gauteng,Unknown,Unknown
IWAN01,21,25b,ZZZ5,0,120,0,5000,Unknown,Unknown,,Unknown,Unknown,Unknown,Unknown,Unknown,Unknown,Unknown
IWEN01,21,25b,ZZZ1,0,120,0,0,Unknown,Unknown,,Unknown,Unknown,Unknown,Unknown,Unknown,Unknown,Unknown
IWET01,40,6b,04,0,120,58,0,BM,Sales,0.5,BM,Sales Rep,Unknown,West Cape,Western Cape,Unknown,Unknown
IWET02,41,10a,02,0,30,58,999999,R,Sales,0.5,R,Sales Rep,Unknown,Durban,KwaZulu-Natal,Unknown,Unknown
IZES01,32,7b,05,0,120,0,5000,RL,Sales,0.5,RL,Sales Rep,Unknown,Gauteng N - Randburg/Rivonia,Gauteng,Unknown,Unknown
IZHV01,37,11a,03,0,120,0,3000,BJ,Sales,0.5,BJ,Sales Rep,Unknown,Free State / Lesotho,Free State,Unknown,Unknown
JARU01,41,10a,02,0,120,0,2000,R,Sales,0.5,R,Sales Rep,Unknown,Durban,KwaZulu-Natal,Unknown,Unknown
JDEA02,4,1b,03,0,120,0,2000,BJ,Sales,0.5,BJ,Sales Rep,Unknown,Pretoria North/South/West,Gauteng,Unknown,Unknown
JDEA03,21,25b,ZZZ2,0,120,0,500,Unknown,Unknown,,Unknown,Unknown,Unknown,Unknown,Unknown,Unknown,Unknown
JDEO01,16,1c,03,0,120,0,3500,BJ,Sales,0.5,BJ,Sales Rep,Unknown,Pretoria East,Gauteng,Unknown,Unknown
JKAE01,41,10a,02,0,120,0,15000,R,Sales,0.5,R,Sales Rep,Unknown,Durban,KwaZulu-Natal,Unknown,Unknown
JRAE01,21,25b,ZZZ5,0,120,0,1000,Unknown,Unknown,,Unknown,Unknown,Unknown,Unknown,Unknown,Unknown,Unknown
JRAK01,21,25b,ZZZ5,0,120,0,3000,Unknown,Unknown,,Unknown,Unknown,Unknown,Unknown,Unknown,Unknown,Unknown
JRAU01,49,10a,02,0,120,0,1000,R,Sales,0.5,R,Sales Rep,Unknown,Durban,KwaZulu-Natal,Unknown,Unknown
JSEA01,39,6a,02,0,120,0,10000,R,Sales,0.5,R,Sales Rep,Unknown,East Cape,Eastern Cape,Unknown,Unknown
JSEAOC,5,20a,STAND,0,120,0,999999,STAND-60PC CONSIGNMENT,Gross Profit,0.0,CONSIGNMENT_STANDS,Channel: Consignment,Unknown,Unknown,Unknown,Consignment,Channel: Consignment
JSUE01,45,2a,06,0,120,0,1500,DA,Sales,0.0,DA,Sales Rep,Unknown,Vaal Triangle,Gauteng,Unknown,Unknown
JSUE02,45,2a,06,0,30,0,2000,DA,Sales,0.0,DA,Sales Rep,Unknown,Vaal Triangle,Gauteng,Unknown,Unknown
JSUE03,4,1b,03,0,120,0,999999,BJ,Sales,0.5,BJ,Sales Rep,Unknown,Pretoria North/South/West,Gauteng,Unknown,Unknown
JWIN01,18,4a,06,0,120,0,15000,DA,Sales,0.0,DA,Sales Rep,Unknown,Pietersburg / Potgietersrus,Limpopo,Unknown,Unknown
KACE01,21,25b,ZZZ5,0,120,0,2000,Unknown,Unknown,,Unknown,Unknown,Unknown,Unknown,Unknown,Unknown,Unknown
KACE02,32,7b,07,0,120,0,3000,LA,Sales,0.0,LA,Sales Rep,Unknown,Gauteng N - Randburg/Rivonia,Gauteng,Unknown,Unknown
KATI01,21,25b,ZZZ5,0,120,0,10000,Unknown,Unknown,,Unknown,Unknown,Unknown,Unknown,Unknown,Unknown,Unknown
KATI02,32,7b,06,0,120,0,5000,DA,Sales,0.0,DA,Sales Rep,Unknown,Gauteng N - Randburg/Rivonia,Gauteng,Unknown,Unknown
KBAE01,18,4a,06,0,120,0,999999,DA,Sales,0.0,DA,Sales Rep,Unknown,Pietersburg / Potgietersrus,Limpopo,Unknown,Unknown
KBAEC1,5,20a,CONS6,0,120,0,999999,CONSIGNMENTS DA,Gross Profit,0.5,CONSIGNMENT,Channel: Consignment,Unknown,Unknown,Unknown,Consignment,Channel: Consignment
KBAEC2,5,20a,CON6S,0,120,0,999999,CONSIGNMENT DA/STAND,Gross Profit,0.5,CONSIGNMENT,Channel: Consignment,Unknown,Unknown,Unknown,Consignment,Channel: Consignment
KBEK01,4,1b,03,0,120,0,5000,BJ,Sales,0.5,BJ,Sales Rep,Unknown,Pretoria North/South/West,Gauteng,Unknown,Unknown
KDEAOC,6,21a,CONS,0,30,0,999999,CONSIGNMENTS HEAD OFFICE,Gross Profit,0.5,CONSIGNMENT,Channel: Consignment,Unknown,Unknown,Unknown,Advertising Appro,Internal: Advertising
KDEL01,42,10b,02,0,120,0,7500,R,Sales,0.5,R,Sales Rep,Unknown,Midlands,KwaZulu-Natal,Unknown,Unknown
KDEO01,21,25b,ZZZ5,0,120,0,10000,Unknown,Unknown,,Unknown,Unknown,Unknown,Unknown,Unknown,Unknown,Unknown
KDEO03,31,8a,06,0,120,0,5000,DA,Sales,0.0,DA,Sales Rep,Unknown,Gauteng E - Alberton/Benoni/Kempton,Gauteng,Unknown,Unknown
KDEO04,31,8a,02,0,120,5,10000,R,Sales,0.5,R,Sales Rep,Unknown,Gauteng E - Alberton/Benoni/Kempton,Gauteng,Unknown,Unknown
KDEO05,31,8a,06,0,120,0,5000,DA,Sales,0.0,DA,Sales Rep,Unknown,Gauteng E - Alberton/Benoni/Kempton,Gauteng,Unknown,Unknown
KDIG01,19,4b,03,0,120,0,10000,BJ,Sales,0.5,BJ,Sales Rep,Unknown,Nelspruit / Tzaneen,Mpumalanga,Unknown,Unknown
KDIG02,19,4b,03,0,120,0,15000,BJ,Sales,0.5,BJ,Sales Rep,Unknown,Nelspruit / Tzaneen,Mpumalanga,Unknown,Unknown
KFAT01,31,8a,06,0,120,0,15000,DA,Sales,0.0,DA,Sales Rep,Unknown,Gauteng E - Alberton/Benoni/Kempton,Gauteng,Unknown,Unknown
KFAT02,16,1c,03,0,120,0,10000,BJ,Sales,0.5,BJ,Sales Rep,Unknown,Pretoria East,Gauteng,Unknown,Unknown
KJAE01,39,6a,02,0,120,0,999999,R,Sales,0.5,R,Sales Rep,Unknown,East Cape,Eastern Cape,Unknown,Unknown
KJAEC1,5,20a,CONS2,0,120,0,999999,CONSIGNMENTS DE,Gross Profit,0.5,CONSIGNMENT,Channel: Consignment,Unknown,Unknown,Unknown,Consignment,Channel: Consignment
KKEA01,34,1e,03,0,120,0,2000,BJ,Sales,0.5,BJ,Sales Rep,Unknown,Witbank/Middelburg,Mpumalanga,Unknown,Unknown
KKEA02,37,11a,03,0,30,0,2500,BJ,Sales,0.5,BJ,Sales Rep,Unknown,Free State / Lesotho,Free State,Unknown,Unknown
KKOS01,39,6a,02,0,120,0,5000,R,Sales,0.5,R,Sales Rep,Unknown,East Cape,Eastern Cape,Unknown,Unknown
KKOSC1,5,20a,CONS2,0,60,0,999999,CONSIGNMENTS DE,Gross Profit,0.5,CONSIGNMENT,Channel: Consignment,Unknown,Unknown,Unknown,Consignment,Channel: Consignment
KLAH01,21,25b,ZZZ5,0,120,0,2000,Unknown,Unknown,,Unknown,Unknown,Unknown,Unknown,Unknown,Unknown,Unknown
KLEH01,45,2a,06,0,120,0,2000,DA,Sales,0.0,DA,Sales Rep,Unknown,Vaal Triangle,Gauteng,Unknown,Unknown
KLUE01,21,25b,ZZZ5,0,120,0,7500,Unknown,Unknown,,Unknown,Unknown,Unknown,Unknown,Unknown,Unknown,Unknown
KMAA01,21,25b,ZZZ5,0,120,0,5000,Unknown,Unknown,,Unknown,Unknown,Unknown,Unknown,Unknown,Unknown,Unknown
KMAA02,41,10a,02C,0,120,0,30000,R CONSIGNMENT SALES ACC,Sales,0.5,R,Sales Rep,Unknown,Durban,KwaZulu-Natal,Unknown,Unknown
KMAA03,21,25b,ZZZ5,0,120,0,5000,Unknown,Unknown,,Unknown,Unknown,Unknown,Unknown,Unknown,Unknown,Unknown
KMAA04,39,6a,04,0,120,0,5000,BM,Sales,0.5,BM,Sales Rep,Unknown,East Cape,Eastern Cape,Unknown,Unknown
KMAAC1,5,20a,CONS2,0,120,0,999999,CONSIGNMENTS DE,Gross Profit,0.5,CONSIGNMENT,Channel: Consignment,Unknown,Unknown,Unknown,Consignment,Channel: Consignment
KMAACO,5,20a,STAN2,0,120,0,999999,STANDS- 30 PC CONSIGNMENT,Gross Profit,0.0,CONSIGNMENT_STANDS,Channel: Consignment,Unknown,Unknown,Unknown,Consignment,Channel: Consignment
KMAG01,30,7a,05,0,120,0,500,RL,Sales,0.5,RL,Sales Rep,Unknown,Gauteng N - Sandton,Gauteng,Unknown,Unknown
KMAH01,20,25a,CITC,0,120,0,6000,C-  ITC,Sales,0.5,Unknown,Unclassified_Missing_Data,Unknown,Unknown,Unknown,Unknown,Unknown
KMOH01,21,25b,ZZZ5,0,120,0,1000,Unknown,Unknown,,Unknown,Unknown,Unknown,Unknown,Unknown,Unknown,Unknown
KMOO01,4,1b,03,0,120,0,4000,BJ,Sales,0.5,BJ,Sales Rep,Unknown,Pretoria North/South/West,Gauteng,Unknown,Unknown
KMOO02,37,11a,03,0,120,0,26000,BJ,Sales,0.5,BJ,Sales Rep,Unknown,Free State / Lesotho,Free State,Unknown,Unknown
KMOO03,25,11b,06,0,120,0,3000,DA,Sales,0.0,DA,Sales Rep,Unknown,Ermelo / Piet Retief,Mpumalanga,Unknown,Unknown
KMOO04,46,2b,03,0,120,0,2000,BJ,Sales,0.5,BJ,Sales Rep,Unknown,Krugersdorp / Sun City,North West,Unknown,Unknown
KMOO05,2,1a,03,0,60,0,999999,BJ,Sales,0.5,BJ,Sales Rep,Unknown,Pretoria Central,Gauteng,Unknown,Unknown
KMOOC1,5,20a,CON3S,0,60,0,999999,CONSIGNMENT BJ/STAND,Gross Profit,0.5,CONSIGNMENT,Channel: Consignment,Unknown,Unknown,Unknown,Consignment,Channel: Consignment
KMOW01,34,1e,03,0,60,0,999999,BJ,Sales,0.5,BJ,Sales Rep,Unknown,Witbank/Middelburg,Mpumalanga,Unknown,Unknown
KOAD01,21,25b,ZZZ5,0,120,0,5000,Unknown,Unknown,,Unknown,Unknown,Unknown,Unknown,Unknown,Unknown,Unknown
KOAS01,21,25b,ZZZ5,0,120,0,3000,Unknown,Unknown,,Unknown,Unknown,Unknown,Unknown,Unknown,Unknown,Unknown
KOSO01,14,3b,06,4,30,0,30000,DA,Sales,0.0,DA,Sales Rep,Unknown,Johannesburg CBD,Gauteng,Unknown,Unknown
KOSOOC,5,20a,STAND,0,120,0,999999,STAND-60PC CONSIGNMENT,Gross Profit,0.0,CONSIGNMENT_STANDS,Channel: Consignment,Unknown,Unknown,Unknown,Consignment,Channel: Consignment
KPAA01,21,25b,ZZZ5,0,120,0,2000,Unknown,Unknown,,Unknown,Unknown,Unknown,Unknown,Unknown,Unknown,Unknown
KPAI01,21,25b,ZZZ5,0,120,0,5000,Unknown,Unknown,,Unknown,Unknown,Unknown,Unknown,Unknown,Unknown,Unknown
KSAS01,16,1c,03,0,120,0,10000,BJ,Sales,0.5,BJ,Sales Rep,Unknown,Pretoria East,Gauteng,Unknown,Unknown
KSAS02,16,1c,03,0,120,0,5000,BJ,Sales,0.5,BJ,Sales Rep,Unknown,Pretoria East,Gauteng,Unknown,Unknown
KSEG01,20,25a,CITC,0,120,0,2500,C-  ITC,Sales,0.5,Unknown,Unclassified_Missing_Data,Unknown,Unknown,Unknown,Unknown,Unknown
KSUH01,43,3a,06,0,120,0,100,DA,Sales,0.0,DA,Sales Rep,Unknown,Soweto/Lenasia,Gauteng,Unknown,Unknown
KTIL01,25,11b,06,0,120,0,999999,DA,Sales,0.0,DA,Sales Rep,Unknown,Ermelo / Piet Retief,Mpumalanga,Unknown,Unknown
LALE01,39,6a,02,0,120,0,4000,R,Sales,0.5,R,Sales Rep,Unknown,East Cape,Eastern Cape,Unknown,Unknown
LALI01,40,6b,04,0,120,0,3000,BM,Sales,0.5,BM,Sales Rep,Unknown,West Cape,Western Cape,Unknown,Unknown
LALI02,21,25b,ZZZ5,0,120,0,3000,Unknown,Unknown,,Unknown,Unknown,Unknown,Unknown,Unknown,Unknown,Unknown
LALY01,41,10a,02,0,120,0,2000,R,Sales,0.5,R,Sales Rep,Unknown,Durban,KwaZulu-Natal,Unknown,Unknown
LBAF01,36,7c,05,0,120,0,12000,RL,Sales,0.5,RL,Sales Rep,Unknown,Gauteng N - Eastgate/Norwood/Midrand,Gauteng,Unknown,Unknown
LBAL01,21,25b,ZZZ5,0,120,0,1500,Unknown,Unknown,,Unknown,Unknown,Unknown,Unknown,Unknown,Unknown,Unknown
LBAT01,21,25b,ZZZ5,0,120,0,4000,Unknown,Unknown,,Unknown,Unknown,Unknown,Unknown,Unknown,Unknown,Unknown
LBOL01,21,25b,ZZZ5,0,120,0,2000,Unknown,Unknown,,Unknown,Unknown,Unknown,Unknown,Unknown,Unknown,Unknown
LBUB02,14,3b,06,0,120,0,15000,DA,Sales,0.0,DA,Sales Rep,Unknown,Johannesburg CBD,Gauteng,Unknown,Unknown
LBUL01,49,10a,02,0,120,0,1000,R,Sales,0.5,R,Sales Rep,Unknown,Durban,KwaZulu-Natal,Unknown,Unknown
LCEL01,39,6a,04,0,60,0,999999,BM,Sales,0.5,BM,Sales Rep,Unknown,East Cape,Eastern Cape,Unknown,Unknown
LCEL02,39,6a,04,0,60,0,999999,BM,Sales,0.5,BM,Sales Rep,Unknown,East Cape,Eastern Cape,Unknown,Unknown
LDAG01,21,25b,ZZZ5,0,120,0,4000,Unknown,Unknown,,Unknown,Unknown,Unknown,Unknown,Unknown,Unknown,Unknown
LDOS01,21,25b,ZZZ5,0,120,0,500,Unknown,Unknown,,Unknown,Unknown,Unknown,Unknown,Unknown,Unknown,Unknown
LEDE01,49,10a,02,0,120,0,0,R,Sales,0.5,R,Sales Rep,Unknown,Durban,KwaZulu-Natal,Unknown,Unknown
LEGI01,31,8a,06,0,120,0,1000,DA,Sales,0.0,DA,Sales Rep,Unknown,Gauteng E - Alberton/Benoni/Kempton,Gauteng,Unknown,Unknown
LELEOC,6,21a,CONS,0,30,0,999999,CONSIGNMENTS HEAD OFFICE,Gross Profit,0.5,CONSIGNMENT,Channel: Consignment,Unknown,Unknown,Unknown,Advertising Appro,Internal: Advertising
LFIA01,21,25b,ZZZ5,0,120,0,3000,Unknown,Unknown,,Unknown,Unknown,Unknown,Unknown,Unknown,Unknown,Unknown
LFIAOC,5,20a,CONS2,0,30,0,999999,CONSIGNMENTS DE,Gross Profit,0.5,CONSIGNMENT,Channel: Consignment,Unknown,Unknown,Unknown,Consignment,Channel: Consignment
LFOL01,21,25b,ZZZ5,0,120,0,4000,Unknown,Unknown,,Unknown,Unknown,Unknown,Unknown,Unknown,Unknown,Unknown
LGED01,21,25b,ZZZ5,0,120,0,4000,Unknown,Unknown,,Unknown,Unknown,Unknown,Unknown,Unknown,Unknown,Unknown
LGIE01,21,25b,ZZZ5,0,120,0,1000,Unknown,Unknown,,Unknown,Unknown,Unknown,Unknown,Unknown,Unknown,Unknown
LGIEOC,21,25b,ZZZ5,0,120,0,999999,Unknown,Unknown,,Unknown,Unknown,Unknown,Unknown,Unknown,Unknown,Unknown
LGIL01,30,7a,05,0,120,0,999999,RL,Sales,0.5,RL,Sales Rep,Unknown,Gauteng N - Sandton,Gauteng,Unknown,Unknown
LGOD01,21,25b,ZZZ5,0,120,0,0,Unknown,Unknown,,Unknown,Unknown,Unknown,Unknown,Unknown,Unknown,Unknown
LGOD02,40,6b,04,0,120,0,3000,BM,Sales,0.5,BM,Sales Rep,Unknown,West Cape,Western Cape,Unknown,Unknown
LGOD03,36,7c,05,0,120,0,7500,RL,Sales,0.5,RL,Sales Rep,Unknown,Gauteng N - Eastgate/Norwood/Midrand,Gauteng,Unknown,Unknown
LGOD04,21,25b,ZZZ5,0,120,0,3000,Unknown,Unknown,,Unknown,Unknown,Unknown,Unknown,Unknown,Unknown,Unknown
LGOD05,43,3a,06,0,60,0,999999,DA,Sales,0.0,DA,Sales Rep,Unknown,Soweto/Lenasia,Gauteng,Unknown,Unknown
LGOD06,43,3a,06,0,60,0,999999,DA,Sales,0.0,DA,Sales Rep,Unknown,Soweto/Lenasia,Gauteng,Unknown,Unknown
LGOD07,47,2c,06,0,60,0,999999,DA,Sales,0.0,DA,Sales Rep,Unknown,Potch / Krugersdorp / Kuruman,North West,Unknown,Unknown
LGOD08,47,2c,06,0,60,0,999999,DA,Sales,0.0,DA,Sales Rep,Unknown,Potch / Krugersdorp / Kuruman,North West,Unknown,Unknown
LGOD09,34,1e,03,0,60,0,999999,BJ,Sales,0.5,BJ,Sales Rep,Unknown,Witbank/Middelburg,Mpumalanga,Unknown,Unknown
LGOD10,37,11a,06,0,60,0,999999,DA,Sales,0.0,DA,Sales Rep,Unknown,Free State / Lesotho,Free State,Unknown,Unknown
LGOD11,37,11a,03,0,60,0,999999,BJ,Sales,0.5,BJ,Sales Rep,Unknown,Free State / Lesotho,Free State,Unknown,Unknown
LGOD12,47,2c,06,0,60,0,999999,DA,Sales,0.0,DA,Sales Rep,Unknown,Potch / Krugersdorp / Kuruman,North West,Unknown,Unknown
LGOD13,37,11a,03,0,60,0,999999,BJ,Sales,0.5,BJ,Sales Rep,Unknown,Free State / Lesotho,Free State,Unknown,Unknown
LGOD14,46,2b,06,0,60,0,999999,DA,Sales,0.0,DA,Sales Rep,Unknown,Krugersdorp / Sun City,North West,Unknown,Unknown
LHAL01,49,10a,06,0,120,0,500,DA,Sales,0.0,DA,Sales Rep,Unknown,Durban,KwaZulu-Natal,Unknown,Unknown
LHEL01,21,25b,ZZZ5,0,120,0,2000,Unknown,Unknown,,Unknown,Unknown,Unknown,Unknown,Unknown,Unknown,Unknown
LHII01,36,7c,05,0,120,0,5000,RL,Sales,0.5,RL,Sales Rep,Unknown,Gauteng N - Eastgate/Norwood/Midrand,Gauteng,Unknown,Unknown
LHIL01,41,10a,02,0,120,0,500,R,Sales,0.5,R,Sales Rep,Unknown,Durban,KwaZulu-Natal,Unknown,Unknown
LHIL02,41,10a,02,0,120,0,2500,R,Sales,0.5,R,Sales Rep,Unknown,Durban,KwaZulu-Natal,Unknown,Unknown
LHIL03,21,25b,ZZZ5,0,120,0,500,Unknown,Unknown,,Unknown,Unknown,Unknown,Unknown,Unknown,Unknown,Unknown
LHIL05,14,3b,05,0,120,0,5000,RL,Sales,0.5,RL,Sales Rep,Unknown,Johannesburg CBD,Gauteng,Unknown,Unknown
LHIL06,40,6b,04,0,120,0,0,BM,Sales,0.5,BM,Sales Rep,Unknown,West Cape,Western Cape,Unknown,Unknown
LHIL07,21,25b,ZZZ5,0,120,0,5000,Unknown,Unknown,,Unknown,Unknown,Unknown,Unknown,Unknown,Unknown,Unknown
LHIT01,21,25b,ZZZ5,0,120,0,5000,Unknown,Unknown,,Unknown,Unknown,Unknown,Unknown,Unknown,Unknown,Unknown
LHOL01,40,6b,04C,0,120,0,1000,BM CONSIGNMENT SALES ACC,Sales,0.5,BM,Sales Rep,Unknown,West Cape,Western Cape,Unknown,Unknown
LHOLCO,5,20a,CON4S,0,120,0,999999,CONSIGNMENT BM/STAND,Gross Profit,0.5,CONSIGNMENT,Channel: Consignment,Unknown,Unknown,Unknown,Consignment,Channel: Consignment
LHOM01,41,10a,02C,0,60,0,999999,R CONSIGNMENT SALES ACC,Sales,0.5,R,Sales Rep,Unknown,Durban,KwaZulu-Natal,Unknown,Unknown
LHOMC1,5,20a,CONS2,0,60,0,999999,CONSIGNMENTS DE,Gross Profit,0.5,CONSIGNMENT,Channel: Consignment,Unknown,Unknown,Unknown,Consignment,Channel: Consignment
LHUB01,39,6a,04,0,120,0,2000,BM,Sales,0.5,BM,Sales Rep,Unknown,East Cape,Eastern Cape,Unknown,Unknown
LKAI01,46,2b,05,0,120,0,5000,RL,Sales,0.5,RL,Sales Rep,Unknown,Krugersdorp / Sun City,North West,Unknown,Unknown
LKEM01,49,10a,02,0,120,0,3000,R,Sales,0.5,R,Sales Rep,Unknown,Durban,KwaZulu-Natal,Unknown,Unknown
LKIL01,30,7a,05,0,120,0,15000,RL,Sales,0.5,RL,Sales Rep,Unknown,Gauteng N - Sandton,Gauteng,Unknown,Unknown
LLAL01,21,25b,ZZZ2,0,120,0,0,Unknown,Unknown,,Unknown,Unknown,Unknown,Unknown,Unknown,Unknown,Unknown
LLAO01,41,10a,02,0,120,0,2000,R,Sales,0.5,R,Sales Rep,Unknown,Durban,KwaZulu-Natal,Unknown,Unknown
LLAU01,21,25b,ZZZ5,0,120,0,0,Unknown,Unknown,,Unknown,Unknown,Unknown,Unknown,Unknown,Unknown,Unknown
LMAA01,20,25a,ZZZ1,0,120,0,1500,Unknown,Unknown,,Unknown,Unknown,Unknown,Unknown,Unknown,Unknown,Unknown
LMAA02,18,4a,06,0,120,0,1000,DA,Sales,0.0,DA,Sales Rep,Unknown,Pietersburg / Potgietersrus,Limpopo,Unknown,Unknown
LMAA03,2,1a,03,0,120,0,6000,BJ,Sales,0.5,BJ,Sales Rep,Unknown,Pretoria Central,Gauteng,Unknown,Unknown
LMAAC1,21,25b,ZZZ5,0,30,0,999999,Unknown,Unknown,,Unknown,Unknown,Unknown,Unknown,Unknown,Unknown,Unknown
LMAAOC,21,25b,ZZZ5,0,120,0,999999,Unknown,Unknown,,Unknown,Unknown,Unknown,Unknown,Unknown,Unknown,Unknown
LMAE01,39,6a,04,0,120,0,5000,BM,Sales,0.5,BM,Sales Rep,Unknown,East Cape,Eastern Cape,Unknown,Unknown
LMEL01,21,25b,ZZZ5,0,120,5,10000,Unknown,Unknown,,Unknown,Unknown,Unknown,Unknown,Unknown,Unknown,Unknown
LMEL02,45,2a,06,0,120,0,30000,DA,Sales,0.0,DA,Sales Rep,Unknown,Vaal Triangle,Gauteng,Unknown,Unknown
LMEL03,37,11a,03,0,120,0,15000,BJ,Sales,0.5,BJ,Sales Rep,Unknown,Free State / Lesotho,Free State,Unknown,Unknown
LMEL04,45,2a,06,0,120,0,15000,DA,Sales,0.0,DA,Sales Rep,Unknown,Vaal Triangle,Gauteng,Unknown,Unknown
LMEL05,39,6a,03,0,120,0,15000,BJ,Sales,0.5,BJ,Sales Rep,Unknown,East Cape,Eastern Cape,Unknown,Unknown
LMEL06,25,11b,02,0,120,0,15000,R,Sales,0.5,R,Sales Rep,Unknown,Ermelo / Piet Retief,Mpumalanga,Unknown,Unknown
LMEL09,37,11a,03,0,120,0,15000,BJ,Sales,0.5,BJ,Sales Rep,Unknown,Free State / Lesotho,Free State,Unknown,Unknown
LMEL10,25,11b,02,0,120,0,15000,R,Sales,0.5,R,Sales Rep,Unknown,Ermelo / Piet Retief,Mpumalanga,Unknown,Unknown
LMEL12,37,11a,03,0,120,0,15000,BJ,Sales,0.5,BJ,Sales Rep,Unknown,Free State / Lesotho,Free State,Unknown,Unknown
LMEL14,45,2a,06,0,120,0,15000,DA,Sales,0.0,DA,Sales Rep,Unknown,Vaal Triangle,Gauteng,Unknown,Unknown
LMEL15,37,11a,03,0,120,0,15000,BJ,Sales,0.5,BJ,Sales Rep,Unknown,Free State / Lesotho,Free State,Unknown,Unknown
LMEL16,37,11a,03,0,120,0,15000,BJ,Sales,0.5,BJ,Sales Rep,Unknown,Free State / Lesotho,Free State,Unknown,Unknown
LMEL18,37,11a,03,0,120,0,15000,BJ,Sales,0.5,BJ,Sales Rep,Unknown,Free State / Lesotho,Free State,Unknown,Unknown
LMEL19,45,2a,06,0,120,0,15000,DA,Sales,0.0,DA,Sales Rep,Unknown,Vaal Triangle,Gauteng,Unknown,Unknown
LMEL21,37,11a,03,0,120,0,15000,BJ,Sales,0.5,BJ,Sales Rep,Unknown,Free State / Lesotho,Free State,Unknown,Unknown
LMEL22,46,2b,03,0,120,0,15000,BJ,Sales,0.5,BJ,Sales Rep,Unknown,Krugersdorp / Sun City,North West,Unknown,Unknown
LMEL25,37,11a,03,0,120,0,15000,BJ,Sales,0.5,BJ,Sales Rep,Unknown,Free State / Lesotho,Free State,Unknown,Unknown
LMEL26,46,2b,03,0,120,0,999999,BJ,Sales,0.5,BJ,Sales Rep,Unknown,Krugersdorp / Sun City,North West,Unknown,Unknown
LMEL27,19,4b,03,0,120,0,999999,BJ,Sales,0.5,BJ,Sales Rep,Unknown,Nelspruit / Tzaneen,Mpumalanga,Unknown,Unknown
LMEL28,21,25b,ZZZ5,0,120,0,2500,Unknown,Unknown,,Unknown,Unknown,Unknown,Unknown,Unknown,Unknown,Unknown
LMEL29,37,11a,03,0,120,0,5000,BJ,Sales,0.5,BJ,Sales Rep,Unknown,Free State / Lesotho,Free State,Unknown,Unknown
LMEL30,37,11a,03,0,120,0,5000,BJ,Sales,0.5,BJ,Sales Rep,Unknown,Free State / Lesotho,Free State,Unknown,Unknown
LMEL32,40,6b,04,0,120,0,999999,BM,Sales,0.5,BM,Sales Rep,Unknown,West Cape,Western Cape,Unknown,Unknown
LMEL33,4,1b,03,0,120,0,999999,BJ,Sales,0.5,BJ,Sales Rep,Unknown,Pretoria North/South/West,Gauteng,Unknown,Unknown
LMELC1,5,20a,STAN2,0,120,0,999999,STANDS- 30 PC CONSIGNMENT,Gross Profit,0.0,CONSIGNMENT_STANDS,Channel: Consignment,Unknown,Unknown,Unknown,Consignment,Channel: Consignment
LMELC2,5,20a,CONS,0,120,0,999999,CONSIGNMENTS HEAD OFFICE,Gross Profit,0.5,CONSIGNMENT,Channel: Consignment,Unknown,Unknown,Unknown,Consignment,Channel: Consignment
LMELC3,21,25b,ZZZ5,0,120,0,999999,Unknown,Unknown,,Unknown,Unknown,Unknown,Unknown,Unknown,Unknown,Unknown
LMELC4,5,20a,CON3S,0,30,0,999999,CONSIGNMENT BJ/STAND,Gross Profit,0.5,CONSIGNMENT,Channel: Consignment,Unknown,Unknown,Unknown,Consignment,Channel: Consignment
LMELC5,5,20a,CON3S,0,120,0,999999,CONSIGNMENT BJ/STAND,Gross Profit,0.5,CONSIGNMENT,Channel: Consignment,Unknown,Unknown,Unknown,Consignment,Channel: Consignment
LMELC6,5,20a,CON2S,0,120,0,999999,CONSIGNMENT DE/STAND,Gross Profit,0.5,CONSIGNMENT,Channel: Consignment,Unknown,Unknown,Unknown,Consignment,Channel: Consignment
LMELC7,5,20a,CONS2,0,60,0,999999,CONSIGNMENTS DE,Gross Profit,0.5,CONSIGNMENT,Channel: Consignment,Unknown,Unknown,Unknown,Consignment,Channel: Consignment
LMELOC,21,25b,ZZZ5,0,30,0,999999,Unknown,Unknown,,Unknown,Unknown,Unknown,Unknown,Unknown,Unknown,Unknown
LMEV01,32,7b,CONS5,0,120,0,4000,CONSIGNMENTS HO,Gross Profit,0.5,CONSIGNMENT,Channel: Consignment,Unknown,Gauteng N - Randburg/Rivonia,Gauteng,Unknown,Unknown
LMEVOC,5,20a,CONS5,0,120,0,999999,CONSIGNMENTS HO,Gross Profit,0.5,CONSIGNMENT,Channel: Consignment,Unknown,Unknown,Unknown,Consignment,Channel: Consignment
LMEW01,18,4a,06,0,120,0,3000,DA,Sales,0.0,DA,Sales Rep,Unknown,Pietersburg / Potgietersrus,Limpopo,Unknown,Unknown
LMIB01,49,10a,02,0,120,0,2000,R,Sales,0.5,R,Sales Rep,Unknown,Durban,KwaZulu-Natal,Unknown,Unknown
LMIN01,21,25b,ZZZ5,0,120,0,0,Unknown,Unknown,,Unknown,Unknown,Unknown,Unknown,Unknown,Unknown,Unknown
LMOD01,21,25b,ZZZ5,0,120,0,15000,Unknown,Unknown,,Unknown,Unknown,Unknown,Unknown,Unknown,Unknown,Unknown
LMODOC,5,20a,CONS6,0,120,0,999999,CONSIGNMENTS DA,Gross Profit,0.5,CONSIGNMENT,Channel: Consignment,Unknown,Unknown,Unknown,Consignment,Channel: Consignment
LMOE01,19,4b,06,0,120,0,3000,DA,Sales,0.0,DA,Sales Rep,Unknown,Nelspruit / Tzaneen,Mpumalanga,Unknown,Unknown
LMOE02,37,11a,03,0,120,0,15000,BJ,Sales,0.5,BJ,Sales Rep,Unknown,Free State / Lesotho,Free State,Unknown,Unknown
LMUL01,21,25b,ZZZ5,0,120,0,500,Unknown,Unknown,,Unknown,Unknown,Unknown,Unknown,Unknown,Unknown,Unknown
LMUL02,21,25b,ZZZ5,0,120,0,500,Unknown,Unknown,,Unknown,Unknown,Unknown,Unknown,Unknown,Unknown,Unknown
LMUL03,21,25b,04,0,120,0,500,BM,Sales,0.5,BM,Sales Rep,Unknown,Unknown,Unknown,Unknown,Unknown
LMUL04,40,6b,04,0,120,0,500,BM,Sales,0.5,BM,Sales Rep,Unknown,West Cape,Western Cape,Unknown,Unknown
LMUL05,40,6b,04,0,120,0,500,BM,Sales,0.5,BM,Sales Rep,Unknown,West Cape,Western Cape,Unknown,Unknown
LMUL06,30,7a,05,0,120,0,5000,RL,Sales,0.5,RL,Sales Rep,Unknown,Gauteng N - Sandton,Gauteng,Unknown,Unknown
LMUL07,21,25b,ZZZ5,0,120,0,0,Unknown,Unknown,,Unknown,Unknown,Unknown,Unknown,Unknown,Unknown,Unknown
LMUL08,40,6b,04,0,120,0,500,BM,Sales,0.5,BM,Sales Rep,Unknown,West Cape,Western Cape,Unknown,Unknown
LMUL09,40,6b,04,0,120,0,500,BM,Sales,0.5,BM,Sales Rep,Unknown,West Cape,Western Cape,Unknown,Unknown
LMUL10,21,25b,ZZZ5,0,120,0,500,Unknown,Unknown,,Unknown,Unknown,Unknown,Unknown,Unknown,Unknown,Unknown
LMUL11,21,25b,ZZZ5,0,120,0,500,Unknown,Unknown,,Unknown,Unknown,Unknown,Unknown,Unknown,Unknown,Unknown
LMUL12,40,6b,04,0,120,0,500,BM,Sales,0.5,BM,Sales Rep,Unknown,West Cape,Western Cape,Unknown,Unknown
LMUL13,40,6b,04,0,120,0,2000,BM,Sales,0.5,BM,Sales Rep,Unknown,West Cape,Western Cape,Unknown,Unknown
LMUL14,20,25a,ZZZ1,0,120,0,10000,Unknown,Unknown,,Unknown,Unknown,Unknown,Unknown,Unknown,Unknown,Unknown
LMUL15,39,6a,04,0,120,0,5000,BM,Sales,0.5,BM,Sales Rep,Unknown,East Cape,Eastern Cape,Unknown,Unknown
LMUL16,40,6b,04,0,120,0,999999,BM,Sales,0.5,BM,Sales Rep,Unknown,West Cape,Western Cape,Unknown,Unknown
LMUL17,20,25a,CLEGA,0,120,0,0,Unknown,Unknown,,Unknown,Unknown,Unknown,Unknown,Unknown,Unknown,Unknown
LMUO01,20,25a,ZZZ2,0,120,0,0,Unknown,Unknown,,Unknown,Unknown,Unknown,Unknown,Unknown,Unknown,Unknown
LMUO02,20,25a,ZZZ2,0,120,0,0,Unknown,Unknown,,Unknown,Unknown,Unknown,Unknown,Unknown,Unknown,Unknown
LMUU01,18,4a,06,0,120,0,0,DA,Sales,0.0,DA,Sales Rep,Unknown,Pietersburg / Potgietersrus,Limpopo,Unknown,Unknown
LNAE01,34,1e,03,0,120,0,2000,BJ,Sales,0.5,BJ,Sales Rep,Unknown,Witbank/Middelburg,Mpumalanga,Unknown,Unknown
LNAL01,14,3b,06,0,120,0,500,DA,Sales,0.0,DA,Sales Rep,Unknown,Johannesburg CBD,Gauteng,Unknown,Unknown
LNEO01,32,7b,05,0,120,0,2000,RL,Sales,0.5,RL,Sales Rep,Unknown,Gauteng N - Randburg/Rivonia,Gauteng,Unknown,Unknown
LNEO02,33,1d,03C,0,120,0,4000,BJ CONSIGNMENTS,Sales,0.5,BJ,Sales Rep,Unknown,Pretoria,Gauteng,Unknown,Unknown
LNEO03,34,1e,03,0,120,0,4000,BJ,Sales,0.5,BJ,Sales Rep,Unknown,Witbank/Middelburg,Mpumalanga,Unknown,Unknown
LNHA01,21,25b,ZZZ5,0,120,0,999999,Unknown,Unknown,,Unknown,Unknown,Unknown,Unknown,Unknown,Unknown,Unknown
LNIS01,16,1c,03,0,120,0,2000,BJ,Sales,0.5,BJ,Sales Rep,Unknown,Pretoria East,Gauteng,Unknown,Unknown
LNOL01,21,25b,ZZZ5,0,120,0,3500,Unknown,Unknown,,Unknown,Unknown,Unknown,Unknown,Unknown,Unknown,Unknown
LNSAUR,13,9a,SALE,0,120,0,999999,Unknown,Unknown,,Unknown,Unknown,Unknown,Unknown,Unknown,sale goods,Channel: Retail
LOLS01,39,6a,03,0,120,0,4000,BJ,Sales,0.5,BJ,Sales Rep,Unknown,East Cape,Eastern Cape,Unknown,Unknown
LPAM01,36,7c,05,0,120,0,5000,RL,Sales,0.5,RL,Sales Rep,Unknown,Gauteng N - Eastgate/Norwood/Midrand,Gauteng,Unknown,Unknown
LPAM02,40,6b,04,0,120,0,5000,BM,Sales,0.5,BM,Sales Rep,Unknown,West Cape,Western Cape,Unknown,Unknown
LPIA01,20,25a,ZZZP,0,120,0,3000,Unknown,Unknown,,Unknown,Unknown,Unknown,Unknown,Unknown,Unknown,Unknown
LPIL01,41,10a,02,0,120,0,2000,R,Sales,0.5,R,Sales Rep,Unknown,Durban,KwaZulu-Natal,Unknown,Unknown
LPIL02,49,10a,02,0,120,0,3000,R,Sales,0.5,R,Sales Rep,Unknown,Durban,KwaZulu-Natal,Unknown,Unknown
LPIL03,20,25a,ZZZ2,0,120,0,2000,Unknown,Unknown,,Unknown,Unknown,Unknown,Unknown,Unknown,Unknown,Unknown
LPIL04,21,25b,ZZZ5,0,120,0,2000,Unknown,Unknown,,Unknown,Unknown,Unknown,Unknown,Unknown,Unknown,Unknown
LPIL05,41,10a,02,0,120,0,2500,R,Sales,0.5,R,Sales Rep,Unknown,Durban,KwaZulu-Natal,Unknown,Unknown
LPIL06,41,10a,02,0,120,0,2000,R,Sales,0.5,R,Sales Rep,Unknown,Durban,KwaZulu-Natal,Unknown,Unknown
LPIL07,39,6a,02,0,30,0,1500,R,Sales,0.5,R,Sales Rep,Unknown,East Cape,Eastern Cape,Unknown,Unknown
LPIL08,41,10a,02,0,120,0,5000,R,Sales,0.5,R,Sales Rep,Unknown,Durban,KwaZulu-Natal,Unknown,Unknown
LPOI01,40,6b,04,0,120,0,2000,BM,Sales,0.5,BM,Sales Rep,Unknown,West Cape,Western Cape,Unknown,Unknown
LPUE01,45,2a,06,0,120,0,6000,DA,Sales,0.0,DA,Sales Rep,Unknown,Vaal Triangle,Gauteng,Unknown,Unknown
LSAE01,21,25b,ZZZ5,0,120,0,10000,Unknown,Unknown,,Unknown,Unknown,Unknown,Unknown,Unknown,Unknown,Unknown
LSAI01,41,10a,02,0,120,0,500,R,Sales,0.5,R,Sales Rep,Unknown,Durban,KwaZulu-Natal,Unknown,Unknown
LSAL01,21,25b,ZZZ5,0,120,0,2500,Unknown,Unknown,,Unknown,Unknown,Unknown,Unknown,Unknown,Unknown,Unknown
LSEE01,37,11a,02,0,120,0,5000,R,Sales,0.5,R,Sales Rep,Unknown,Free State / Lesotho,Free State,Unknown,Unknown
LSEL01,20,25a,ZZZ3,0,120,0,1000,Unknown,Unknown,,Unknown,Unknown,Unknown,Unknown,Unknown,Unknown,Unknown
LSEO01,18,4a,06,0,120,0,999999,DA,Sales,0.0,DA,Sales Rep,Unknown,Pietersburg / Potgietersrus,Limpopo,Unknown,Unknown
LSOEC2,5,20a,XX,0,120,0,999999,HOUSE CONSIGNMENTS,Gross Profit,0.0,CONSIGNMENT,Channel: Consignment,Unknown,Unknown,Unknown,Consignment,Channel: Consignment
LSOEC3,5,20a,CONS,0,30,0,999999,CONSIGNMENTS HEAD OFFICE,Gross Profit,0.5,CONSIGNMENT,Channel: Consignment,Unknown,Unknown,Unknown,Consignment,Channel: Consignment
LSOEOC,5,20a,XX,0,120,0,999999,HOUSE CONSIGNMENTS,Gross Profit,0.0,CONSIGNMENT,Channel: Consignment,Unknown,Unknown,Unknown,Consignment,Channel: Consignment
LSOEPR,30,7a,01,0,120,0,999999,HEAD OFFICE,Sales,0.0,HEAD OFFICE,Internal Sales,Unknown,Gauteng N - Sandton,Gauteng,Unknown,Unknown
LSOO01,40,6b,04C,0,120,0,3000,BM CONSIGNMENT SALES ACC,Sales,0.5,BM,Sales Rep,Unknown,West Cape,Western Cape,Unknown,Unknown
LSOOC1,5,20a,ZZZ5,0,30,0,999999,Unknown,Unknown,,Unknown,Unknown,Unknown,Unknown,Unknown,Consignment,Channel: Consignment
LSOOOC,21,25b,ZZZ5,0,120,0,999999,Unknown,Unknown,,Unknown,Unknown,Unknown,Unknown,Unknown,Unknown,Unknown
LSOW01,41,10a,02,0,120,0,2000,R,Sales,0.5,R,Sales Rep,Unknown,Durban,KwaZulu-Natal,Unknown,Unknown
LSOW02,41,10a,02,0,30,0,10000,R,Sales,0.5,R,Sales Rep,Unknown,Durban,KwaZulu-Natal,Unknown,Unknown
LSOW03,21,25b,ZZZ5,0,120,0,10000,Unknown,Unknown,,Unknown,Unknown,Unknown,Unknown,Unknown,Unknown,Unknown
LSOW04,40,6b,04,0,120,0,2000,BM,Sales,0.5,BM,Sales Rep,Unknown,West Cape,Western Cape,Unknown,Unknown
LSUL01,14,3b,06,0,120,0,15000,DA,Sales,0.0,DA,Sales Rep,Unknown,Johannesburg CBD,Gauteng,Unknown,Unknown
LTIL01,45,2a,06,0,120,0,15000,DA,Sales,0.0,DA,Sales Rep,Unknown,Vaal Triangle,Gauteng,Unknown,Unknown
LTILCO,5,20a,CONS6,0,120,0,999999,CONSIGNMENTS DA,Gross Profit,0.5,CONSIGNMENT,Channel: Consignment,Unknown,Unknown,Unknown,Consignment,Channel: Consignment
LTILOC,5,20a,CON6S,0,30,0,999999,CONSIGNMENT DA/STAND,Gross Profit,0.5,CONSIGNMENT,Channel: Consignment,Unknown,Unknown,Unknown,Consignment,Channel: Consignment
LTYE01,49,10a,02,0,120,0,2000,R,Sales,0.5,R,Sales Rep,Unknown,Durban,KwaZulu-Natal,Unknown,Unknown
LVAJ01,41,10a,02,0,120,0,3000,R,Sales,0.5,R,Sales Rep,Unknown,Durban,KwaZulu-Natal,Unknown,Unknown
LVAJC1,5,20a,CONS6,0,120,0,999999,CONSIGNMENTS DA,Gross Profit,0.5,CONSIGNMENT,Channel: Consignment,Unknown,Unknown,Unknown,Consignment,Channel: Consignment
LVAL01,49,10a,02,0,120,0,2000,R,Sales,0.5,R,Sales Rep,Unknown,Durban,KwaZulu-Natal,Unknown,Unknown
LVAS01,21,25b,ZZZ5,0,120,0,3000,Unknown,Unknown,,Unknown,Unknown,Unknown,Unknown,Unknown,Unknown,Unknown
LVAU01,20,25a,ZZZ2,0,120,0,3000,Unknown,Unknown,,Unknown,Unknown,Unknown,Unknown,Unknown,Unknown,Unknown
LVAU02,41,10a,02,0,120,0,3000,R,Sales,0.5,R,Sales Rep,Unknown,Durban,KwaZulu-Natal,Unknown,Unknown
LVAU03,21,25b,ZZZ5,0,120,0,3000,Unknown,Unknown,,Unknown,Unknown,Unknown,Unknown,Unknown,Unknown,Unknown
LVIL01,21,25b,ZZZ5,0,120,0,3000,Unknown,Unknown,,Unknown,Unknown,Unknown,Unknown,Unknown,Unknown,Unknown
LVIL02,40,6b,04,0,120,0,999999,BM,Sales,0.5,BM,Sales Rep,Unknown,West Cape,Western Cape,Unknown,Unknown
LVILC1,5,20a,CONS4,0,30,0,999999,CONSIGNMENTS BM,Gross Profit,0.5,CONSIGNMENT,Channel: Consignment,Unknown,Unknown,Unknown,Consignment,Channel: Consignment
LVILOC,21,25b,ZZZ5,0,120,0,999999,Unknown,Unknown,,Unknown,Unknown,Unknown,Unknown,Unknown,Unknown,Unknown
LWAS01,21,25b,ZZZ5,0,120,0,0,Unknown,Unknown,,Unknown,Unknown,Unknown,Unknown,Unknown,Unknown,Unknown
LWAS02,30,7a,05,0,120,0,0,RL,Sales,0.5,RL,Sales Rep,Unknown,Gauteng N - Sandton,Gauteng,Unknown,Unknown
LWAV01,29,5a,01EXP,0,120,0,3000,EXPORTS,Gross Profit,0.5,EXPORTS,Channel: Export,Unknown,Botswana and Exports,Export,Exports incl Botswana,Channel: Export
LWED01,39,6a,04,0,120,0,5000,BM,Sales,0.5,BM,Sales Rep,Unknown,East Cape,Eastern Cape,Unknown,Unknown
LWEG01,40,6b,04,0,120,0,2000,BM,Sales,0.5,BM,Sales Rep,Unknown,West Cape,Western Cape,Unknown,Unknown
LWEL01,40,6b,04,0,120,0,3000,BM,Sales,0.5,BM,Sales Rep,Unknown,West Cape,Western Cape,Unknown,Unknown
LWIC01,21,25b,ZZZ5,0,120,0,3500,Unknown,Unknown,,Unknown,Unknown,Unknown,Unknown,Unknown,Unknown,Unknown
LWIK02,21,25b,ZZZ5,0,120,0,500,Unknown,Unknown,,Unknown,Unknown,Unknown,Unknown,Unknown,Unknown,Unknown
LWIL02,21,25b,ZZZ1,0,120,0,1000,Unknown,Unknown,,Unknown,Unknown,Unknown,Unknown,Unknown,Unknown,Unknown
LWIL03,21,25b,ZZZ1,0,120,0,3000,Unknown,Unknown,,Unknown,Unknown,Unknown,Unknown,Unknown,Unknown,Unknown
LWIL04,46,2b,05,0,120,0,1500,RL,Sales,0.5,RL,Sales Rep,Unknown,Krugersdorp / Sun City,North West,Unknown,Unknown
LWIS01,21,25b,ZZZ5,0,120,0,1000,Unknown,Unknown,,Unknown,Unknown,Unknown,Unknown,Unknown,Unknown,Unknown
LZIL01,40,6b,04,0,30,0,2500,BM,Sales,0.5,BM,Sales Rep,Unknown,West Cape,Western Cape,Unknown,Unknown
MASA01,41,10a,02,0,120,0,18000,R,Sales,0.5,R,Sales Rep,Unknown,Durban,KwaZulu-Natal,Unknown,Unknown
MASAC1,5,20a,CON2S,0,120,0,999999,CONSIGNMENT DE/STAND,Gross Profit,0.5,CONSIGNMENT,Channel: Consignment,Unknown,Unknown,Unknown,Consignment,Channel: Consignment
MASAOC,5,20a,STAND,0,120,0,999999,STAND-60PC CONSIGNMENT,Gross Profit,0.0,CONSIGNMENT_STANDS,Channel: Consignment,Unknown,Unknown,Unknown,Consignment,Channel: Consignment
MCAPC1,5,20a,CONS4,0,60,0,999999,CONSIGNMENTS BM,Gross Profit,0.5,CONSIGNMENT,Channel: Consignment,Unknown,Unknown,Unknown,Consignment,Channel: Consignment
MCOA01,21,25b,ZZZ5,0,120,0,0,Unknown,Unknown,,Unknown,Unknown,Unknown,Unknown,Unknown,Unknown,Unknown
MCOB01,31,8a,06,0,120,0,10000,DA,Sales,0.0,DA,Sales Rep,Unknown,Gauteng E - Alberton/Benoni/Kempton,Gauteng,Unknown,Unknown
MDEA01,21,25b,ZZZ5,0,120,0,7500,Unknown,Unknown,,Unknown,Unknown,Unknown,Unknown,Unknown,Unknown,Unknown
MDEA02,21,25b,ZZZ5,0,120,0,0,Unknown,Unknown,,Unknown,Unknown,Unknown,Unknown,Unknown,Unknown,Unknown
MDEA03,21,25b,ZZZ5,0,120,0,7500,Unknown,Unknown,,Unknown,Unknown,Unknown,Unknown,Unknown,Unknown,Unknown
MEDO01,21,25b,ZZZ5,0,120,0,5000,Unknown,Unknown,,Unknown,Unknown,Unknown,Unknown,Unknown,Unknown,Unknown
MFAI01,21,25b,ZZZ5,0,120,0,1500,Unknown,Unknown,,Unknown,Unknown,Unknown,Unknown,Unknown,Unknown,Unknown
MFAO01,31,8a,06,0,120,0,5000,DA,Sales,0.0,DA,Sales Rep,Unknown,Gauteng E - Alberton/Benoni/Kempton,Gauteng,Unknown,Unknown
MFEIOC,5,20a,CONS,0,30,0,999999,CONSIGNMENTS HEAD OFFICE,Gross Profit,0.5,CONSIGNMENT,Channel: Consignment,Unknown,Unknown,Unknown,Consignment,Channel: Consignment
MGAS01,40,6b,04C,0,120,0,5000,BM CONSIGNMENT SALES ACC,Sales,0.5,BM,Sales Rep,Unknown,West Cape,Western Cape,Unknown,Unknown
MGUE01,49,10a,02,0,120,0,0,R,Sales,0.5,R,Sales Rep,Unknown,Durban,KwaZulu-Natal,Unknown,Unknown
MHAB01,21,25b,ZZZ5,0,120,0,5000,Unknown,Unknown,,Unknown,Unknown,Unknown,Unknown,Unknown,Unknown,Unknown
MHAM01,49,10a,06,0,120,0,999999,DA,Sales,0.0,DA,Sales Rep,Unknown,Durban,KwaZulu-Natal,Unknown,Unknown
MHEM01,21,25b,ZZZ5,0,120,0,1000,Unknown,Unknown,,Unknown,Unknown,Unknown,Unknown,Unknown,Unknown,Unknown
MHUA02,39,6a,ZZZ5,0,120,0,2000,Unknown,Unknown,,Unknown,Unknown,Unknown,East Cape,Eastern Cape,Unknown,Unknown
MHYI01,21,25b,ZZZ5,0,120,0,999999,Unknown,Unknown,,Unknown,Unknown,Unknown,Unknown,Unknown,Unknown,Unknown
MISA01,32,7b,05,0,120,0,3000,RL,Sales,0.5,RL,Sales Rep,Unknown,Gauteng N - Randburg/Rivonia,Gauteng,Unknown,Unknown
MISA02,21,25b,ZZZ5,0,120,0,3000,Unknown,Unknown,,Unknown,Unknown,Unknown,Unknown,Unknown,Unknown,Unknown
MJUN01,21,25b,ZZZ5,0,120,0,2000,Unknown,Unknown,,Unknown,Unknown,Unknown,Unknown,Unknown,Unknown,Unknown
MLEN01,31,8a,06C,0,120,0,4000,DA CONSIGNMENT,Sales,0.5,DA,Sales Rep,Unknown,Gauteng E - Alberton/Benoni/Kempton,Gauteng,Unknown,Unknown
MLOB01,21,25b,ZZZ5,0,120,0,15000,Unknown,Unknown,,Unknown,Unknown,Unknown,Unknown,Unknown,Unknown,Unknown
MLOB02,31,8a,06,0,120,0,10000,DA,Sales,0.0,DA,Sales Rep,Unknown,Gauteng E - Alberton/Benoni/Kempton,Gauteng,Unknown,Unknown
MLOB03,19,4b,06,0,120,0,5000,DA,Sales,0.0,DA,Sales Rep,Unknown,Nelspruit / Tzaneen,Mpumalanga,Unknown,Unknown
MLOBC1,5,20a,CONS6,0,120,0,999999,CONSIGNMENTS DA,Gross Profit,0.5,CONSIGNMENT,Channel: Consignment,Unknown,Unknown,Unknown,Consignment,Channel: Consignment
MMOE01,20,25a,CITC,0,120,0,6000,C-  ITC,Sales,0.5,Unknown,Unclassified_Missing_Data,Unknown,Unknown,Unknown,Unknown,Unknown
MMOEC1,5,20a,CON3S,0,30,0,999999,CONSIGNMENT BJ/STAND,Gross Profit,0.5,CONSIGNMENT,Channel: Consignment,Unknown,Unknown,Unknown,Consignment,Channel: Consignment
MNAI01,21,25b,ZZZ5,0,120,0,5000,Unknown,Unknown,,Unknown,Unknown,Unknown,Unknown,Unknown,Unknown,Unknown
MNSARK,13,9a,SALE,0,120,0,999999,Unknown,Unknown,,Unknown,Unknown,Unknown,Unknown,Unknown,sale goods,Channel: Retail
MORO01,21,25b,ZZZ5,0,120,0,2500,Unknown,Unknown,,Unknown,Unknown,Unknown,Unknown,Unknown,Unknown,Unknown
MOSA01,31,8a,06,0,120,0,75000,DA,Sales,0.0,DA,Sales Rep,Unknown,Gauteng E - Alberton/Benoni/Kempton,Gauteng,Unknown,Unknown
MOSA02,31,8a,06,0,120,0,1500,DA,Sales,0.0,DA,Sales Rep,Unknown,Gauteng E - Alberton/Benoni/Kempton,Gauteng,Unknown,Unknown
MOSA03,31,8a,06,0,30,0,999999,DA,Sales,0.0,DA,Sales Rep,Unknown,Gauteng E - Alberton/Benoni/Kempton,Gauteng,Unknown,Unknown
MOSAOC,5,20a,STAND,0,120,0,999999,STAND-60PC CONSIGNMENT,Gross Profit,0.0,CONSIGNMENT_STANDS,Channel: Consignment,Unknown,Unknown,Unknown,Consignment,Channel: Consignment
MPIV01,20,25a,ZZZ2,0,120,0,0,Unknown,Unknown,,Unknown,Unknown,Unknown,Unknown,Unknown,Unknown,Unknown
MRAA02,20,25a,CITC,0,120,0,1000,C-  ITC,Sales,0.5,Unknown,Unclassified_Missing_Data,Unknown,Unknown,Unknown,Unknown,Unknown
MRAA03,4,1b,03,0,120,0,1000,BJ,Sales,0.5,BJ,Sales Rep,Unknown,Pretoria North/South/West,Gauteng,Unknown,Unknown
MRAD01,41,10a,02,0,120,0,1500,R,Sales,0.5,R,Sales Rep,Unknown,Durban,KwaZulu-Natal,Unknown,Unknown
MRAD02,41,10a,02,0,120,0,2000,R,Sales,0.5,R,Sales Rep,Unknown,Durban,KwaZulu-Natal,Unknown,Unknown
MRAJ01,21,25b,ZZZ5,0,120,0,3000,Unknown,Unknown,,Unknown,Unknown,Unknown,Unknown,Unknown,Unknown,Unknown
MRAK01,42,10b,02,0,120,0,4000,R,Sales,0.5,R,Sales Rep,Unknown,Midlands,KwaZulu-Natal,Unknown,Unknown
MRAKOC,5,20a,STAND,0,120,0,999999,STAND-60PC CONSIGNMENT,Gross Profit,0.0,CONSIGNMENT_STANDS,Channel: Consignment,Unknown,Unknown,Unknown,Consignment,Channel: Consignment
MRAL01,21,25b,ZZZ5,0,120,0,500,Unknown,Unknown,,Unknown,Unknown,Unknown,Unknown,Unknown,Unknown,Unknown
MRAL02,40,6b,04,0,120,0,2000,BM,Sales,0.5,BM,Sales Rep,Unknown,West Cape,Western Cape,Unknown,Unknown
MRAL03,21,25b,ZZZ5,0,120,0,3000,Unknown,Unknown,,Unknown,Unknown,Unknown,Unknown,Unknown,Unknown,Unknown
MRAL04,41,10a,02,0,120,0,5000,R,Sales,0.5,R,Sales Rep,Unknown,Durban,KwaZulu-Natal,Unknown,Unknown
MRAO01,21,25b,ZZZ5,0,120,0,500,Unknown,Unknown,,Unknown,Unknown,Unknown,Unknown,Unknown,Unknown,Unknown
MRAO02,20,25a,ZZZ2,0,120,0,2000,Unknown,Unknown,,Unknown,Unknown,Unknown,Unknown,Unknown,Unknown,Unknown
MRAO03,20,25a,ZZZ4,0,120,0,3000,Unknown,Unknown,,Unknown,Unknown,Unknown,Unknown,Unknown,Unknown,Unknown
MRAP01,21,25b,ZZZ5,0,120,0,5000,Unknown,Unknown,,Unknown,Unknown,Unknown,Unknown,Unknown,Unknown,Unknown
MRAR01,49,10a,02,0,120,0,2000,R,Sales,0.5,R,Sales Rep,Unknown,Durban,KwaZulu-Natal,Unknown,Unknown
MRAR02,41,10a,02,0,30,0,999999,R,Sales,0.5,R,Sales Rep,Unknown,Durban,KwaZulu-Natal,Unknown,Unknown
MRAS01,21,25b,ZZZ5,0,120,0,500,Unknown,Unknown,,Unknown,Unknown,Unknown,Unknown,Unknown,Unknown,Unknown
MRAU01,21,25b,ZZZ5,0,120,0,0,Unknown,Unknown,,Unknown,Unknown,Unknown,Unknown,Unknown,Unknown,Unknown
MSAU01,39,6a,04,0,120,0,3000,BM,Sales,0.5,BM,Sales Rep,Unknown,East Cape,Eastern Cape,Unknown,Unknown
MSAW01,40,6b,04C,0,120,0,999,BM CONSIGNMENT SALES ACC,Sales,0.5,BM,Sales Rep,Unknown,West Cape,Western Cape,Unknown,Unknown
MSAW02,40,6b,04C,0,120,0,999999,BM CONSIGNMENT SALES ACC,Sales,0.5,BM,Sales Rep,Unknown,West Cape,Western Cape,Unknown,Unknown
MSAWC1,5,20a,CON4S,0,30,0,999999,CONSIGNMENT BM/STAND,Gross Profit,0.5,CONSIGNMENT,Channel: Consignment,Unknown,Unknown,Unknown,Consignment,Channel: Consignment
MSAWC2,5,20a,CONS4,0,60,0,999999,CONSIGNMENTS BM,Gross Profit,0.5,CONSIGNMENT,Channel: Consignment,Unknown,Unknown,Unknown,Consignment,Channel: Consignment
MSIO01,31,8a,06,0,120,0,15000,DA,Sales,0.0,DA,Sales Rep,Unknown,Gauteng E - Alberton/Benoni/Kempton,Gauteng,Unknown,Unknown
MSIP01,21,25b,ZZZ5,0,120,0,2000,Unknown,Unknown,,Unknown,Unknown,Unknown,Unknown,Unknown,Unknown,Unknown
MSIP02,39,6a,04,0,120,0,1000,BM,Sales,0.5,BM,Sales Rep,Unknown,East Cape,Eastern Cape,Unknown,Unknown
MSIT01,21,25b,ZZZ5,0,120,0,3000,Unknown,Unknown,,Unknown,Unknown,Unknown,Unknown,Unknown,Unknown,Unknown
MSIT02,41,10a,02,0,120,0,7500,R,Sales,0.5,R,Sales Rep,Unknown,Durban,KwaZulu-Natal,Unknown,Unknown
MSOE01,39,6a,04,0,120,0,3500,BM,Sales,0.5,BM,Sales Rep,Unknown,East Cape,Eastern Cape,Unknown,Unknown
MSOE02,40,6b,04,0,120,0,2000,BM,Sales,0.5,BM,Sales Rep,Unknown,West Cape,Western Cape,Unknown,Unknown
MSUM01,39,6a,04,0,120,0,3000,BM,Sales,0.5,BM,Sales Rep,Unknown,East Cape,Eastern Cape,Unknown,Unknown
MSYO01,40,6b,04,0,120,0,1000,BM,Sales,0.5,BM,Sales Rep,Unknown,West Cape,Western Cape,Unknown,Unknown
MTAB01,32,7b,05,0,120,0,5000,RL,Sales,0.5,RL,Sales Rep,Unknown,Gauteng N - Randburg/Rivonia,Gauteng,Unknown,Unknown
MTEB01,14,3b,05,0,120,0,3000,RL,Sales,0.5,RL,Sales Rep,Unknown,Johannesburg CBD,Gauteng,Unknown,Unknown
MYBT01,41,10a,02,0,120,0,999999,R,Sales,0.5,R,Sales Rep,Unknown,Durban,KwaZulu-Natal,Unknown,Unknown
NANI01,14,3b,06,0,30,0,2000,DA,Sales,0.0,DA,Sales Rep,Unknown,Johannesburg CBD,Gauteng,Unknown,Unknown
NBAK01,30,7a,05,0,120,0,3000,RL,Sales,0.5,RL,Sales Rep,Unknown,Gauteng N - Sandton,Gauteng,Unknown,Unknown
NBEJ01,32,7b,05,0,120,0,10000,RL,Sales,0.5,RL,Sales Rep,Unknown,Gauteng N - Randburg/Rivonia,Gauteng,Unknown,Unknown
NBEM01,21,25b,ZZZ5,0,120,0,2000,Unknown,Unknown,,Unknown,Unknown,Unknown,Unknown,Unknown,Unknown,Unknown
NBEM02,40,6b,04,0,120,0,2000,BM,Sales,0.5,BM,Sales Rep,Unknown,West Cape,Western Cape,Unknown,Unknown
NBEM03,30,7a,05,0,120,0,2500,RL,Sales,0.5,RL,Sales Rep,Unknown,Gauteng N - Sandton,Gauteng,Unknown,Unknown
NBET01,21,25b,ZZZ5,0,120,0,1000,Unknown,Unknown,,Unknown,Unknown,Unknown,Unknown,Unknown,Unknown,Unknown
NBOD01,21,25b,ZZZ5,0,120,0,2000,Unknown,Unknown,,Unknown,Unknown,Unknown,Unknown,Unknown,Unknown,Unknown
NBOO01,41,10a,02,0,30,0,2000,R,Sales,0.5,R,Sales Rep,Unknown,Durban,KwaZulu-Natal,Unknown,Unknown
NBOT01,21,25b,ZZZ5,0,120,0,3000,Unknown,Unknown,,Unknown,Unknown,Unknown,Unknown,Unknown,Unknown,Unknown
NBOT02,21,25b,ZZZ5,0,120,0,3000,Unknown,Unknown,,Unknown,Unknown,Unknown,Unknown,Unknown,Unknown,Unknown
NBOT03,21,25b,ZZZ5,0,120,0,1000,Unknown,Unknown,,Unknown,Unknown,Unknown,Unknown,Unknown,Unknown,Unknown
NCAI01,21,25b,ZZZ5,0,120,0,1000,Unknown,Unknown,,Unknown,Unknown,Unknown,Unknown,Unknown,Unknown,Unknown
NDAI01,41,10a,02,0,120,0,2000,R,Sales,0.5,R,Sales Rep,Unknown,Durban,KwaZulu-Natal,Unknown,Unknown
NDAI02,30,7a,05,0,120,0,1000,RL,Sales,0.5,RL,Sales Rep,Unknown,Gauteng N - Sandton,Gauteng,Unknown,Unknown
NDEI01,21,25b,ZZZ5,0,120,0,0,Unknown,Unknown,,Unknown,Unknown,Unknown,Unknown,Unknown,Unknown,Unknown
NDUD01,21,25b,ZZZ5,0,120,0,5000,Unknown,Unknown,,Unknown,Unknown,Unknown,Unknown,Unknown,Unknown,Unknown
NERE01,21,25b,ZZZ5,0,120,0,500,Unknown,Unknown,,Unknown,Unknown,Unknown,Unknown,Unknown,Unknown,Unknown
NFIE01,21,25b,ZZZ1,0,120,0,0,Unknown,Unknown,,Unknown,Unknown,Unknown,Unknown,Unknown,Unknown,Unknown
NFIM01,39,6a,04,0,120,0,2000,BM,Sales,0.5,BM,Sales Rep,Unknown,East Cape,Eastern Cape,Unknown,Unknown
NGEE01,30,7a,05,0,120,0,5000,RL,Sales,0.5,RL,Sales Rep,Unknown,Gauteng N - Sandton,Gauteng,Unknown,Unknown
NGEE02,40,6b,04,0,120,0,5000,BM,Sales,0.5,BM,Sales Rep,Unknown,West Cape,Western Cape,Unknown,Unknown
NGEG01,41,10a,02C,0,120,0,5000,R CONSIGNMENT SALES ACC,Sales,0.5,R,Sales Rep,Unknown,Durban,KwaZulu-Natal,Unknown,Unknown
NGEGC1,5,20a,CONS2,0,30,0,999999,CONSIGNMENTS DE,Gross Profit,0.5,CONSIGNMENT,Channel: Consignment,Unknown,Unknown,Unknown,Consignment,Channel: Consignment
NHAO01,21,25b,ZZZ5,0,120,0,2000,Unknown,Unknown,,Unknown,Unknown,Unknown,Unknown,Unknown,Unknown,Unknown
NHER01,29,5a,01EXP,0,120,0,5000,EXPORTS,Gross Profit,0.5,EXPORTS,Channel: Export,Unknown,Botswana and Exports,Export,Exports incl Botswana,Channel: Export
NINO01,3,9a,01,0,60,0,999999,HEAD OFFICE,Sales,0.0,HEAD OFFICE,Internal Sales,Unknown,Unknown,Unknown,Speciality stores,Channel: Retail (Specialty)
NJAE01,21,25b,ZZZ5,0,120,0,1000,Unknown,Unknown,,Unknown,Unknown,Unknown,Unknown,Unknown,Unknown,Unknown
NJAS01,21,25b,ZZZ5,0,120,0,6000,Unknown,Unknown,,Unknown,Unknown,Unknown,Unknown,Unknown,Unknown,Unknown
NJEK01,30,7a,05,0,120,0,5000,RL,Sales,0.5,RL,Sales Rep,Unknown,Gauteng N - Sandton,Gauteng,Unknown,Unknown
NJEK02,31,8a,06,0,120,0,5000,DA,Sales,0.0,DA,Sales Rep,Unknown,Gauteng E - Alberton/Benoni/Kempton,Gauteng,Unknown,Unknown
NJIA01,19,4b,03,0,120,0,20000,BJ,Sales,0.5,BJ,Sales Rep,Unknown,Nelspruit / Tzaneen,Mpumalanga,Unknown,Unknown
NJIA02,31,8a,06,0,120,0,4000,DA,Sales,0.0,DA,Sales Rep,Unknown,Gauteng E - Alberton/Benoni/Kempton,Gauteng,Unknown,Unknown
NJIAC1,5,20a,CONS3,0,120,0,999999,CONSIGNMENTS BJ,Gross Profit,0.5,CONSIGNMENT,Channel: Consignment,Unknown,Unknown,Unknown,Consignment,Channel: Consignment
NJIAOC,5,20a,STAND,0,30,0,999999,STAND-60PC CONSIGNMENT,Gross Profit,0.0,CONSIGNMENT_STANDS,Channel: Consignment,Unknown,Unknown,Unknown,Consignment,Channel: Consignment
NJOE01,41,10a,02,0,120,0,15000,R,Sales,0.5,R,Sales Rep,Unknown,Durban,KwaZulu-Natal,Unknown,Unknown
NJOE02,31,8a,06,0,120,0,10000,DA,Sales,0.0,DA,Sales Rep,Unknown,Gauteng E - Alberton/Benoni/Kempton,Gauteng,Unknown,Unknown
NJOE03,21,25b,ZZZ5,0,120,0,3000,Unknown,Unknown,,Unknown,Unknown,Unknown,Unknown,Unknown,Unknown,Unknown
NKEN01,42,10b,02,0,120,0,30000,R,Sales,0.5,R,Sales Rep,Unknown,Midlands,KwaZulu-Natal,Unknown,Unknown
NKEY01,19,4b,03,0,120,0,2000,BJ,Sales,0.5,BJ,Sales Rep,Unknown,Nelspruit / Tzaneen,Mpumalanga,Unknown,Unknown
NKEYOC,5,20a,STAND,0,30,0,999999,STAND-60PC CONSIGNMENT,Gross Profit,0.0,CONSIGNMENT_STANDS,Channel: Consignment,Unknown,Unknown,Unknown,Consignment,Channel: Consignment
NKIG01,37,11a,06,0,120,0,7500,DA,Sales,0.0,DA,Sales Rep,Unknown,Free State / Lesotho,Free State,Unknown,Unknown
NKIG02,21,25b,ZZZ5,0,120,0,1000,Unknown,Unknown,,Unknown,Unknown,Unknown,Unknown,Unknown,Unknown,Unknown
NKIGOC,5,20a,CONS5,0,30,0,999999,CONSIGNMENTS HO,Gross Profit,0.5,CONSIGNMENT,Channel: Consignment,Unknown,Unknown,Unknown,Consignment,Channel: Consignment
NKOQ01,39,6a,02,0,120,0,999999,R,Sales,0.5,R,Sales Rep,Unknown,East Cape,Eastern Cape,Unknown,Unknown
NKOQC1,5,20a,CONS4,0,30,0,999999,CONSIGNMENTS BM,Gross Profit,0.5,CONSIGNMENT,Channel: Consignment,Unknown,Unknown,Unknown,Consignment,Channel: Consignment
NKOQOC,21,25b,ZZZ5,0,120,0,999999,Unknown,Unknown,,Unknown,Unknown,Unknown,Unknown,Unknown,Unknown,Unknown
NKUG01,46,2b,03,0,120,0,3000,BJ,Sales,0.5,BJ,Sales Rep,Unknown,Krugersdorp / Sun City,North West,Unknown,Unknown
NLAD01,46,2b,03,0,120,0,5000,BJ,Sales,0.5,BJ,Sales Rep,Unknown,Krugersdorp / Sun City,North West,Unknown,Unknown
NLAD02,40,6b,04,0,120,0,4000,BM,Sales,0.5,BM,Sales Rep,Unknown,West Cape,Western Cape,Unknown,Unknown
NLAE01,31,8a,06,0,120,0,2000,DA,Sales,0.0,DA,Sales Rep,Unknown,Gauteng E - Alberton/Benoni/Kempton,Gauteng,Unknown,Unknown
NLAE02,21,25b,ZZZ1,0,120,0,5000,Unknown,Unknown,,Unknown,Unknown,Unknown,Unknown,Unknown,Unknown,Unknown
NLAG01,40,6b,04,0,120,0,2000,BM,Sales,0.5,BM,Sales Rep,Unknown,West Cape,Western Cape,Unknown,Unknown
NLAG02,34,1e,03,0,120,0,2500,BJ,Sales,0.5,BJ,Sales Rep,Unknown,Witbank/Middelburg,Mpumalanga,Unknown,Unknown
NLIK01,21,25b,ZZZ5,0,120,0,4000,Unknown,Unknown,,Unknown,Unknown,Unknown,Unknown,Unknown,Unknown,Unknown
NLOE01,32,7b,05,0,30,0,2500,RL,Sales,0.5,RL,Sales Rep,Unknown,Gauteng N - Randburg/Rivonia,Gauteng,Unknown,Unknown
NLOG01,37,11a,03,0,120,0,5000,BJ,Sales,0.5,BJ,Sales Rep,Unknown,Free State / Lesotho,Free State,Unknown,Unknown
NLUN01,16,1c,03,0,120,0,3000,BJ,Sales,0.5,BJ,Sales Rep,Unknown,Pretoria East,Gauteng,Unknown,Unknown
NMAA01,20,25a,ZZZ2,0,120,0,1000,Unknown,Unknown,,Unknown,Unknown,Unknown,Unknown,Unknown,Unknown,Unknown
NMAA02,21,25b,ZZZ,0,120,0,2000,Unknown,Unknown,,Unknown,Unknown,Unknown,Unknown,Unknown,Unknown,Unknown
NMAA03,20,25a,CITC,0,120,0,3500,C-  ITC,Sales,0.5,Unknown,Unclassified_Missing_Data,Unknown,Unknown,Unknown,Unknown,Unknown
NMAD01,39,6a,04,0,120,0,1000,BM,Sales,0.5,BM,Sales Rep,Unknown,East Cape,Eastern Cape,Unknown,Unknown
NMAD02,20,25a,ZZZ3,0,120,0,2000,Unknown,Unknown,,Unknown,Unknown,Unknown,Unknown,Unknown,Unknown,Unknown
NMAG01,37,11a,03,0,120,0,0,BJ,Sales,0.5,BJ,Sales Rep,Unknown,Free State / Lesotho,Free State,Unknown,Unknown
NMAG02,43,3a,06,0,120,0,5000,DA,Sales,0.0,DA,Sales Rep,Unknown,Soweto/Lenasia,Gauteng,Unknown,Unknown
NMAI01,43,3a,05,0,120,0,3500,RL,Sales,0.5,RL,Sales Rep,Unknown,Soweto/Lenasia,Gauteng,Unknown,Unknown
NMAJ01,41,10a,02,0,120,0,4000,R,Sales,0.5,R,Sales Rep,Unknown,Durban,KwaZulu-Natal,Unknown,Unknown
NMAN01,42,10b,02,0,120,0,5000,R,Sales,0.5,R,Sales Rep,Unknown,Midlands,KwaZulu-Natal,Unknown,Unknown
NMAO01,36,7c,05,0,120,0,30000,RL,Sales,0.5,RL,Sales Rep,Unknown,Gauteng N - Eastgate/Norwood/Midrand,Gauteng,Unknown,Unknown
NMAO02,43,3a,05,0,120,0,10000,RL,Sales,0.5,RL,Sales Rep,Unknown,Soweto/Lenasia,Gauteng,Unknown,Unknown
NMAOC1,5,20a,CONS5,0,120,0,999999,CONSIGNMENTS HO,Gross Profit,0.5,CONSIGNMENT,Channel: Consignment,Unknown,Unknown,Unknown,Consignment,Channel: Consignment
NMAOCC,21,25b,ZZZ5,0,30,0,999999,Unknown,Unknown,,Unknown,Unknown,Unknown,Unknown,Unknown,Unknown,Unknown
NMAOOC,21,25b,ZZZ5,0,120,0,999999,Unknown,Unknown,,Unknown,Unknown,Unknown,Unknown,Unknown,Unknown,Unknown
NMAS01,25,11b,02,0,60,0,999999,R,Sales,0.5,R,Sales Rep,Unknown,Ermelo / Piet Retief,Mpumalanga,Unknown,Unknown
NMEL01,4,1b,03,0,120,0,1000,BJ,Sales,0.5,BJ,Sales Rep,Unknown,Pretoria North/South/West,Gauteng,Unknown,Unknown
NMESOC,6,21a,CONS4,0,30,0,999999,CONSIGNMENTS BM,Gross Profit,0.5,CONSIGNMENT,Channel: Consignment,Unknown,Unknown,Unknown,Advertising Appro,Internal: Advertising
NMIG01,21,25b,ZZZ5,0,120,0,15000,Unknown,Unknown,,Unknown,Unknown,Unknown,Unknown,Unknown,Unknown,Unknown
NMIG02,30,7a,05,0,120,0,15000,RL,Sales,0.5,RL,Sales Rep,Unknown,Gauteng N - Sandton,Gauteng,Unknown,Unknown
NMIGC1,5,20a,CONS5,0,120,0,999999,CONSIGNMENTS HO,Gross Profit,0.5,CONSIGNMENT,Channel: Consignment,Unknown,Unknown,Unknown,Consignment,Channel: Consignment
NMIGC2,5,20a,CON5S,0,120,0,999999,CONSIGNMENT HO/STAND,Gross Profit,0.5,CONSIGNMENT,Channel: Consignment,Unknown,Unknown,Unknown,Consignment,Channel: Consignment
NMOE01,2,1a,03,0,120,0,4000,BJ,Sales,0.5,BJ,Sales Rep,Unknown,Pretoria Central,Gauteng,Unknown,Unknown
NMOE02,33,1d,03,0,120,0,2000,BJ,Sales,0.5,BJ,Sales Rep,Unknown,Pretoria,Gauteng,Unknown,Unknown
NMOE03,33,1d,03,0,30,0,60000,BJ,Sales,0.5,BJ,Sales Rep,Unknown,Pretoria,Gauteng,Unknown,Unknown
NMOEOC,5,20a,STAND,0,120,0,999999,STAND-60PC CONSIGNMENT,Gross Profit,0.0,CONSIGNMENT_STANDS,Channel: Consignment,Unknown,Unknown,Unknown,Consignment,Channel: Consignment
NMOT01,49,10a,02,0,120,0,2000,R,Sales,0.5,R,Sales Rep,Unknown,Durban,KwaZulu-Natal,Unknown,Unknown
NNIA01,37,11a,03,0,120,0,2000,BJ,Sales,0.5,BJ,Sales Rep,Unknown,Free State / Lesotho,Free State,Unknown,Unknown
NNUA02,39,6a,04,0,120,0,2000,BM,Sales,0.5,BM,Sales Rep,Unknown,East Cape,Eastern Cape,Unknown,Unknown
NNUA03,39,6a,04,0,120,0,2000,BM,Sales,0.5,BM,Sales Rep,Unknown,East Cape,Eastern Cape,Unknown,Unknown
NOMI01,49,10a,02,0,120,0,3000,R,Sales,0.5,R,Sales Rep,Unknown,Durban,KwaZulu-Natal,Unknown,Unknown
NPAO01,40,6b,04,0,30,0,6000,BM,Sales,0.5,BM,Sales Rep,Unknown,West Cape,Western Cape,Unknown,Unknown
NPIE01,21,25b,ZZZ5,0,120,0,1500,Unknown,Unknown,,Unknown,Unknown,Unknown,Unknown,Unknown,Unknown,Unknown
NPIE02,40,6b,04,0,120,0,1000,BM,Sales,0.5,BM,Sales Rep,Unknown,West Cape,Western Cape,Unknown,Unknown
NPIN01,46,2b,03,0,120,0,5000,BJ,Sales,0.5,BJ,Sales Rep,Unknown,Krugersdorp / Sun City,North West,Unknown,Unknown
NPINC1,5,20a,CONS3,0,120,0,999999,CONSIGNMENTS BJ,Gross Profit,0.5,CONSIGNMENT,Channel: Consignment,Unknown,Unknown,Unknown,Consignment,Channel: Consignment
NPUS01,21,25b,ZZZ,0,120,0,5000,Unknown,Unknown,,Unknown,Unknown,Unknown,Unknown,Unknown,Unknown,Unknown
NRAC01,18,4a,06,0,120,0,3500,DA,Sales,0.0,DA,Sales Rep,Unknown,Pietersburg / Potgietersrus,Limpopo,Unknown,Unknown
NRAD01,32,7b,05,0,120,0,5000,RL,Sales,0.5,RL,Sales Rep,Unknown,Gauteng N - Randburg/Rivonia,Gauteng,Unknown,Unknown
NRAD02,21,25b,ZZZ5,0,120,0,4000,Unknown,Unknown,,Unknown,Unknown,Unknown,Unknown,Unknown,Unknown,Unknown
NRAD03,32,7b,05,0,120,0,7500,RL,Sales,0.5,RL,Sales Rep,Unknown,Gauteng N - Randburg/Rivonia,Gauteng,Unknown,Unknown
NRAD04,32,7b,05,0,120,0,3000,RL,Sales,0.5,RL,Sales Rep,Unknown,Gauteng N - Randburg/Rivonia,Gauteng,Unknown,Unknown
NRADC1,5,20a,CONS5,0,120,0,999999,CONSIGNMENTS HO,Gross Profit,0.5,CONSIGNMENT,Channel: Consignment,Unknown,Unknown,Unknown,Consignment,Channel: Consignment
NRADOC,5,20a,CONS2,0,30,0,999999,CONSIGNMENTS DE,Gross Profit,0.5,CONSIGNMENT,Channel: Consignment,Unknown,Unknown,Unknown,Consignment,Channel: Consignment
NRAK01,46,2b,03,0,120,0,5000,BJ,Sales,0.5,BJ,Sales Rep,Unknown,Krugersdorp / Sun City,North West,Unknown,Unknown
NRAS01,5,20a,05,0,30,0,5000,RL,Sales,0.5,RL,Sales Rep,Unknown,Unknown,Unknown,Consignment,Channel: Consignment
NRASC1,5,20a,CONS5,0,30,0,999999,CONSIGNMENTS HO,Gross Profit,0.5,CONSIGNMENT,Channel: Consignment,Unknown,Unknown,Unknown,Consignment,Channel: Consignment
NREK01,45,2a,06,0,120,0,1500,DA,Sales,0.0,DA,Sales Rep,Unknown,Vaal Triangle,Gauteng,Unknown,Unknown
NREO01,21,25b,ZZZ5,0,120,0,2000,Unknown,Unknown,,Unknown,Unknown,Unknown,Unknown,Unknown,Unknown,Unknown
NREO02,31,8a,06,0,120,5,5000,DA,Sales,0.0,DA,Sales Rep,Unknown,Gauteng E - Alberton/Benoni/Kempton,Gauteng,Unknown,Unknown
NREO03,39,6a,04,0,120,0,999999,BM,Sales,0.5,BM,Sales Rep,Unknown,East Cape,Eastern Cape,Unknown,Unknown
NSADOC,21,25b,ZZZ5,0,30,0,999999,Unknown,Unknown,,Unknown,Unknown,Unknown,Unknown,Unknown,Unknown,Unknown
NSEE01,37,11a,03,0,120,0,5000,BJ,Sales,0.5,BJ,Sales Rep,Unknown,Free State / Lesotho,Free State,Unknown,Unknown
NSEE02,46,2b,03,0,120,0,3000,BJ,Sales,0.5,BJ,Sales Rep,Unknown,Krugersdorp / Sun City,North West,Unknown,Unknown
NSIG01,41,10a,02,0,120,0,5000,R,Sales,0.5,R,Sales Rep,Unknown,Durban,KwaZulu-Natal,Unknown,Unknown
NSIG02,41,10a,02,0,120,0,2000,R,Sales,0.5,R,Sales Rep,Unknown,Durban,KwaZulu-Natal,Unknown,Unknown
NSIO01,16,1c,03,0,120,0,5000,BJ,Sales,0.5,BJ,Sales Rep,Unknown,Pretoria East,Gauteng,Unknown,Unknown
NSUC01,21,25b,ZZZ5,0,120,0,5000,Unknown,Unknown,,Unknown,Unknown,Unknown,Unknown,Unknown,Unknown,Unknown
NSUC02,46,2b,03,0,120,0,5000,BJ,Sales,0.5,BJ,Sales Rep,Unknown,Krugersdorp / Sun City,North West,Unknown,Unknown
NSUC10,5,20a,CONS6,0,120,0,999999,CONSIGNMENTS DA,Gross Profit,0.5,CONSIGNMENT,Channel: Consignment,Unknown,Unknown,Unknown,Consignment,Channel: Consignment
NSUD01,41,10a,02,0,120,0,2000,R,Sales,0.5,R,Sales Rep,Unknown,Durban,KwaZulu-Natal,Unknown,Unknown
NSUERM,5,20a,CON2S,0,120,0,999999,CONSIGNMENT DE/STAND,Gross Profit,0.5,CONSIGNMENT,Channel: Consignment,Unknown,Unknown,Unknown,Consignment,Channel: Consignment
NSUEYE,5,20a,CON4S,0,120,0,999999,CONSIGNMENT BM/STAND,Gross Profit,0.5,CONSIGNMENT,Channel: Consignment,Unknown,Unknown,Unknown,Consignment,Channel: Consignment
NSUF01,21,25b,ZZZ5,0,120,0,2000,Unknown,Unknown,,Unknown,Unknown,Unknown,Unknown,Unknown,Unknown,Unknown
NSUG01,21,25b,ZZZ5,0,120,3,999999,Unknown,Unknown,,Unknown,Unknown,Unknown,Unknown,Unknown,Unknown,Unknown
NSUG02,21,25b,ZZZ5,0,120,0,5000,Unknown,Unknown,,Unknown,Unknown,Unknown,Unknown,Unknown,Unknown,Unknown
NSUG04,5,20a,CONS,0,120,0,1000,CONSIGNMENTS HEAD OFFICE,Gross Profit,0.5,CONSIGNMENT,Channel: Consignment,Unknown,Unknown,Unknown,Consignment,Channel: Consignment
NSUG05,33,1d,03,0,120,0,2000,BJ,Sales,0.5,BJ,Sales Rep,Unknown,Pretoria,Gauteng,Unknown,Unknown
NSUG09,41,10a,02,0,120,0,3000,R,Sales,0.5,R,Sales Rep,Unknown,Durban,KwaZulu-Natal,Unknown,Unknown
NSUG10,32,7b,05,0,120,0,20000,RL,Sales,0.5,RL,Sales Rep,Unknown,Gauteng N - Randburg/Rivonia,Gauteng,Unknown,Unknown
NSUG11,41,10a,02,0,120,0,0,R,Sales,0.5,R,Sales Rep,Unknown,Durban,KwaZulu-Natal,Unknown,Unknown
NSUG13,30,7a,05,0,120,0,20000,RL,Sales,0.5,RL,Sales Rep,Unknown,Gauteng N - Sandton,Gauteng,Unknown,Unknown
NSUG14,30,7a,01STU,1,30,12,999999,HEAD OFFICE'S CUSTOMER DEPT STORE,Sales,0.5,HEAD OFFICE,Internal Sales,Unknown,Gauteng N - Sandton,Gauteng,Unknown,Unknown
NSUG15,36,7c,05,0,120,0,5000,RL,Sales,0.5,RL,Sales Rep,Unknown,Gauteng N - Eastgate/Norwood/Midrand,Gauteng,Unknown,Unknown
NSUG16,29,5a,06,0,120,0,999999,DA,Sales,0.0,DA,Sales Rep,Unknown,Botswana and Exports,Export,Exports incl Botswana,Channel: Export
NSUG17,21,25b,ZZZ5,0,30,0,999999,Unknown,Unknown,,Unknown,Unknown,Unknown,Unknown,Unknown,Unknown,Unknown
NSUGC1,5,20a,CON2S,0,120,0,999999,CONSIGNMENT DE/STAND,Gross Profit,0.5,CONSIGNMENT,Channel: Consignment,Unknown,Unknown,Unknown,Consignment,Channel: Consignment
NSUGC2,5,20a,CON2S,0,120,0,999999,CONSIGNMENT DE/STAND,Gross Profit,0.5,CONSIGNMENT,Channel: Consignment,Unknown,Unknown,Unknown,Consignment,Channel: Consignment
NSUGC3,5,20a,CONS5,0,60,0,999999,CONSIGNMENTS HO,Gross Profit,0.5,CONSIGNMENT,Channel: Consignment,Unknown,Unknown,Unknown,Consignment,Channel: Consignment
NSUGC4,21,25b,ZZZ5,0,120,0,999999,Unknown,Unknown,,Unknown,Unknown,Unknown,Unknown,Unknown,Unknown,Unknown
NSUGC5,5,20a,CON3S,0,120,0,999999,CONSIGNMENT BJ/STAND,Gross Profit,0.5,CONSIGNMENT,Channel: Consignment,Unknown,Unknown,Unknown,Consignment,Channel: Consignment
NSUGC7,21,25b,ZZZ5,0,120,0,999999,Unknown,Unknown,,Unknown,Unknown,Unknown,Unknown,Unknown,Unknown,Unknown
NSUGC8,5,20a,CONS5,0,120,0,999999,CONSIGNMENTS HO,Gross Profit,0.5,CONSIGNMENT,Channel: Consignment,Unknown,Unknown,Unknown,Consignment,Channel: Consignment
NSUGC9,5,20a,CONS5,0,120,0,999999,CONSIGNMENTS HO,Gross Profit,0.5,CONSIGNMENT,Channel: Consignment,Unknown,Unknown,Unknown,Consignment,Channel: Consignment
NSUGEG,5,20a,CONS5,0,120,0,999999,CONSIGNMENTS HO,Gross Profit,0.5,CONSIGNMENT,Channel: Consignment,Unknown,Unknown,Unknown,Consignment,Channel: Consignment
NSUGEM,5,20a,CONS6,0,120,0,999999,CONSIGNMENTS DA,Gross Profit,0.5,CONSIGNMENT,Channel: Consignment,Unknown,Unknown,Unknown,Consignment,Channel: Consignment
NSUGER,21,25b,99999,0,30,0,999999,Unknown,Unknown,,Unknown,Unknown,Unknown,Unknown,Unknown,Unknown,Unknown
NSUGHT,21,25b,ZZZ5,0,30,0,999999,Unknown,Unknown,,Unknown,Unknown,Unknown,Unknown,Unknown,Unknown,Unknown
NSUGME,5,20a,CON3S,0,30,0,999999,CONSIGNMENT BJ/STAND,Gross Profit,0.5,CONSIGNMENT,Channel: Consignment,Unknown,Unknown,Unknown,Consignment,Channel: Consignment
NSUGOC,5,20a,CONS2,0,30,0,999999,CONSIGNMENTS DE,Gross Profit,0.5,CONSIGNMENT,Channel: Consignment,Unknown,Unknown,Unknown,Consignment,Channel: Consignment
NSUGSZ,5,20a,CONS6,0,120,0,999999,CONSIGNMENTS DA,Gross Profit,0.5,CONSIGNMENT,Channel: Consignment,Unknown,Unknown,Unknown,Consignment,Channel: Consignment
NSUGZS,5,20a,CON2S,0,120,0,999999,CONSIGNMENT DE/STAND,Gross Profit,0.5,CONSIGNMENT,Channel: Consignment,Unknown,Unknown,Unknown,Consignment,Channel: Consignment
NSUHC1,5,20a,CONS5,0,120,0,999999,CONSIGNMENTS HO,Gross Profit,0.5,CONSIGNMENT,Channel: Consignment,Unknown,Unknown,Unknown,Consignment,Channel: Consignment
NSUMEN,5,20a,CONS3,0,30,0,999999,CONSIGNMENTS BJ,Gross Profit,0.5,CONSIGNMENT,Channel: Consignment,Unknown,Unknown,Unknown,Consignment,Channel: Consignment
NSUN01,21,25b,ZZZ5,0,120,0,4000,Unknown,Unknown,,Unknown,Unknown,Unknown,Unknown,Unknown,Unknown,Unknown
NSUN02,21,25b,ZZZ5,0,120,0,2000,Unknown,Unknown,,Unknown,Unknown,Unknown,Unknown,Unknown,Unknown,Unknown
NSUN03,32,7b,05C,0,120,0,7000,RL CONSIGNMENT SALES ACC,Sales,0.5,RL,Sales Rep,Unknown,Gauteng N - Randburg/Rivonia,Gauteng,Unknown,Unknown
NSUO02,31,8a,06,0,120,0,1000,DA,Sales,0.0,DA,Sales Rep,Unknown,Gauteng E - Alberton/Benoni/Kempton,Gauteng,Unknown,Unknown
NSUO03,21,25b,ZZZ5,0,120,0,10000,Unknown,Unknown,,Unknown,Unknown,Unknown,Unknown,Unknown,Unknown,Unknown
NSUOO2,3,9a,01N,0,120,0,999999,Unknown,Unknown,,Unknown,Unknown,Unknown,Unknown,Unknown,Speciality stores,Channel: Retail (Specialty)
NSUOOC,21,25b,ZZZ5,0,120,0,999999,Unknown,Unknown,,Unknown,Unknown,Unknown,Unknown,Unknown,Unknown,Unknown
NSUOPT,5,20a,PROMO,0,120,0,999999,Unknown,Unknown,,Unknown,Unknown,Unknown,Unknown,Unknown,Consignment,Channel: Consignment
NSUS01,49,10a,02,0,120,0,1000,R,Sales,0.5,R,Sales Rep,Unknown,Durban,KwaZulu-Natal,Unknown,Unknown
NSUS02,21,25b,ZZZ5,0,120,0,5000,Unknown,Unknown,,Unknown,Unknown,Unknown,Unknown,Unknown,Unknown,Unknown
NSUS03,21,25b,ZZZ5,0,120,0,500,Unknown,Unknown,,Unknown,Unknown,Unknown,Unknown,Unknown,Unknown,Unknown
NSUS04,42,10b,02,0,120,0,5000,R,Sales,0.5,R,Sales Rep,Unknown,Midlands,KwaZulu-Natal,Unknown,Unknown
NSUS05,21,25b,ZZZ5,0,120,0,500,Unknown,Unknown,,Unknown,Unknown,Unknown,Unknown,Unknown,Unknown,Unknown
NSUS06,42,10b,02,0,120,0,5000,R,Sales,0.5,R,Sales Rep,Unknown,Midlands,KwaZulu-Natal,Unknown,Unknown
NSUS07,41,10a,02,0,120,0,1500,R,Sales,0.5,R,Sales Rep,Unknown,Durban,KwaZulu-Natal,Unknown,Unknown
NSUS08,21,25b,ZZZ5,0,120,0,30000,Unknown,Unknown,,Unknown,Unknown,Unknown,Unknown,Unknown,Unknown,Unknown
NSUS09,42,10b,02,0,120,0,2500,R,Sales,0.5,R,Sales Rep,Unknown,Midlands,KwaZulu-Natal,Unknown,Unknown
NSUS10,41,10a,02,10,30,0,10000,R,Sales,0.5,R,Sales Rep,Unknown,Durban,KwaZulu-Natal,Unknown,Unknown
NSUS11,40,6b,04,0,120,0,5000,BM,Sales,0.5,BM,Sales Rep,Unknown,West Cape,Western Cape,Unknown,Unknown
NSUSC1,5,20a,CONS2,0,30,0,999999,CONSIGNMENTS DE,Gross Profit,0.5,CONSIGNMENT,Channel: Consignment,Unknown,Unknown,Unknown,Consignment,Channel: Consignment
NSUSOC,21,25b,ZZZ5,0,120,0,999999,Unknown,Unknown,,Unknown,Unknown,Unknown,Unknown,Unknown,Unknown,Unknown
NSUV01,21,25b,ZZZ5,0,120,0,1500,Unknown,Unknown,,Unknown,Unknown,Unknown,Unknown,Unknown,Unknown,Unknown
NSUW01,31,8a,06,0,120,0,2000,DA,Sales,0.0,DA,Sales Rep,Unknown,Gauteng E - Alberton/Benoni/Kempton,Gauteng,Unknown,Unknown
NSUWR1,5,20a,CONS2,0,120,0,999999,CONSIGNMENTS DE,Gross Profit,0.5,CONSIGNMENT,Channel: Consignment,Unknown,Unknown,Unknown,Consignment,Channel: Consignment
NTOG02,41,10a,02,0,120,0,1500,R,Sales,0.5,R,Sales Rep,Unknown,Durban,KwaZulu-Natal,Unknown,Unknown
NTOK01,40,6b,04,0,120,0,1500,BM,Sales,0.5,BM,Sales Rep,Unknown,West Cape,Western Cape,Unknown,Unknown
NVAA01,21,25b,ZZZ5,0,120,0,3000,Unknown,Unknown,,Unknown,Unknown,Unknown,Unknown,Unknown,Unknown,Unknown
NVAB01,5,20a,02,0,120,0,2500,R,Sales,0.5,R,Sales Rep,Unknown,Unknown,Unknown,Consignment,Channel: Consignment
NVABC1,5,20a,CONS6,0,120,0,999999,CONSIGNMENTS DA,Gross Profit,0.5,CONSIGNMENT,Channel: Consignment,Unknown,Unknown,Unknown,Consignment,Channel: Consignment
NVABCO,5,20a,CONS2,0,30,0,999999,CONSIGNMENTS DE,Gross Profit,0.5,CONSIGNMENT,Channel: Consignment,Unknown,Unknown,Unknown,Consignment,Channel: Consignment
NVABOC,5,20a,ZZZ5,0,120,0,999999,Unknown,Unknown,,Unknown,Unknown,Unknown,Unknown,Unknown,Consignment,Channel: Consignment
NVAD01,42,10b,02,0,120,5,3000,R,Sales,0.5,R,Sales Rep,Unknown,Midlands,KwaZulu-Natal,Unknown,Unknown
NVAD02,21,25b,ZZZ5,0,120,0,2000,Unknown,Unknown,,Unknown,Unknown,Unknown,Unknown,Unknown,Unknown,Unknown
NVAD03,46,2b,03,0,120,0,3000,BJ,Sales,0.5,BJ,Sales Rep,Unknown,Krugersdorp / Sun City,North West,Unknown,Unknown
NVAD04,21,25b,ZZZ5,0,120,0,4000,Unknown,Unknown,,Unknown,Unknown,Unknown,Unknown,Unknown,Unknown,Unknown
NVAD05,14,3b,06,0,120,0,1000,DA,Sales,0.0,DA,Sales Rep,Unknown,Johannesburg CBD,Gauteng,Unknown,Unknown
NVAD07,40,6b,04,0,120,0,2000,BM,Sales,0.5,BM,Sales Rep,Unknown,West Cape,Western Cape,Unknown,Unknown
NVAD08,21,25b,ZZZ,0,120,0,2000,Unknown,Unknown,,Unknown,Unknown,Unknown,Unknown,Unknown,Unknown,Unknown
NVAD09,39,6a,02,0,120,0,1500,R,Sales,0.5,R,Sales Rep,Unknown,East Cape,Eastern Cape,Unknown,Unknown
NVAD10,39,6a,03,0,120,5,5000,BJ,Sales,0.5,BJ,Sales Rep,Unknown,East Cape,Eastern Cape,Unknown,Unknown
NVAD11,34,1e,03,0,120,0,1000,BJ,Sales,0.5,BJ,Sales Rep,Unknown,Witbank/Middelburg,Mpumalanga,Unknown,Unknown
NVAD12,40,6b,04,0,120,0,1000,BM,Sales,0.5,BM,Sales Rep,Unknown,West Cape,Western Cape,Unknown,Unknown
NVAD13,46,2b,03,0,120,0,20000,BJ,Sales,0.5,BJ,Sales Rep,Unknown,Krugersdorp / Sun City,North West,Unknown,Unknown
NVAD14,39,6a,04,0,120,0,6000,BM,Sales,0.5,BM,Sales Rep,Unknown,East Cape,Eastern Cape,Unknown,Unknown
NVADOC,5,20a,STAN3,0,120,0,999999,STANDS-CONSIGNMENT,Gross Profit,0.0,CONSIGNMENT_STANDS,Channel: Consignment,Unknown,Unknown,Unknown,Consignment,Channel: Consignment
NVAG02,21,25b,ZZZ5,0,120,0,10000,Unknown,Unknown,,Unknown,Unknown,Unknown,Unknown,Unknown,Unknown,Unknown
NVAG03,47,2c,06,0,120,0,5000,DA,Sales,0.0,DA,Sales Rep,Unknown,Potch / Krugersdorp / Kuruman,North West,Unknown,Unknown
NVAG04,33,1d,03C,0,120,0,500,BJ CONSIGNMENTS,Sales,0.5,BJ,Sales Rep,Unknown,Pretoria,Gauteng,Unknown,Unknown
NVAGC1,5,20a,CONS6,0,120,0,999999,CONSIGNMENTS DA,Gross Profit,0.5,CONSIGNMENT,Channel: Consignment,Unknown,Unknown,Unknown,Consignment,Channel: Consignment
NVAGC2,5,20a,CONS3,0,30,0,999999,CONSIGNMENTS BJ,Gross Profit,0.5,CONSIGNMENT,Channel: Consignment,Unknown,Unknown,Unknown,Consignment,Channel: Consignment
NVAGOC,21,25b,ZZZ5,0,120,0,999999,Unknown,Unknown,,Unknown,Unknown,Unknown,Unknown,Unknown,Unknown,Unknown
NVAK01,33,1d,03,0,120,0,4000,BJ,Sales,0.5,BJ,Sales Rep,Unknown,Pretoria,Gauteng,Unknown,Unknown
NVAM01,21,25b,ZZZ5,0,30,0,2000,Unknown,Unknown,,Unknown,Unknown,Unknown,Unknown,Unknown,Unknown,Unknown
NVAN01,19,4b,06,0,120,0,0,DA,Sales,0.0,DA,Sales Rep,Unknown,Nelspruit / Tzaneen,Mpumalanga,Unknown,Unknown
NVAN02,21,25b,ZZZ5,0,120,0,3000,Unknown,Unknown,,Unknown,Unknown,Unknown,Unknown,Unknown,Unknown,Unknown
NVAN03,21,25b,ZZZ5,0,120,0,3000,Unknown,Unknown,,Unknown,Unknown,Unknown,Unknown,Unknown,Unknown,Unknown
NVAN04,4,1b,03,0,120,0,1500,BJ,Sales,0.5,BJ,Sales Rep,Unknown,Pretoria North/South/West,Gauteng,Unknown,Unknown
NVANC1,5,20a,CONS6,0,120,0,999999,CONSIGNMENTS DA,Gross Profit,0.5,CONSIGNMENT,Channel: Consignment,Unknown,Unknown,Unknown,Consignment,Channel: Consignment
NVANOC,5,20a,ZZZ5,0,120,0,999999,Unknown,Unknown,,Unknown,Unknown,Unknown,Unknown,Unknown,Consignment,Channel: Consignment
NVAR01,40,6b,04,0,120,0,500,BM,Sales,0.5,BM,Sales Rep,Unknown,West Cape,Western Cape,Unknown,Unknown
NVAR02,21,25b,ZZZ5,0,120,0,5000,Unknown,Unknown,,Unknown,Unknown,Unknown,Unknown,Unknown,Unknown,Unknown
NVAR03,45,2a,06,0,120,0,5000,DA,Sales,0.0,DA,Sales Rep,Unknown,Vaal Triangle,Gauteng,Unknown,Unknown
NVAR04,21,25b,ZZZ5,0,120,0,500,Unknown,Unknown,,Unknown,Unknown,Unknown,Unknown,Unknown,Unknown,Unknown
NVAR05,18,4a,06,0,120,0,7500,DA,Sales,0.0,DA,Sales Rep,Unknown,Pietersburg / Potgietersrus,Limpopo,Unknown,Unknown
NVAR06,30,7a,05,0,60,0,999999,RL,Sales,0.5,RL,Sales Rep,Unknown,Gauteng N - Sandton,Gauteng,Unknown,Unknown
NVAR07,16,1c,03,0,120,0,2000,BJ,Sales,0.5,BJ,Sales Rep,Unknown,Pretoria East,Gauteng,Unknown,Unknown
NVAR08,18,4a,06,0,120,0,2000,DA,Sales,0.0,DA,Sales Rep,Unknown,Pietersburg / Potgietersrus,Limpopo,Unknown,Unknown
NVAR09,18,4a,06,0,120,0,999999,DA,Sales,0.0,DA,Sales Rep,Unknown,Pietersburg / Potgietersrus,Limpopo,Unknown,Unknown
NVAR10,18,4a,06,0,120,0,999999,DA,Sales,0.0,DA,Sales Rep,Unknown,Pietersburg / Potgietersrus,Limpopo,Unknown,Unknown
NVARC1,21,25b,ZZZ5,0,120,0,999999,Unknown,Unknown,,Unknown,Unknown,Unknown,Unknown,Unknown,Unknown,Unknown
NVARC2,5,20a,CONS6,0,30,0,999999,CONSIGNMENTS DA,Gross Profit,0.5,CONSIGNMENT,Channel: Consignment,Unknown,Unknown,Unknown,Consignment,Channel: Consignment
NVARCO,5,20a,CONS6,0,30,0,999999,CONSIGNMENTS DA,Gross Profit,0.5,CONSIGNMENT,Channel: Consignment,Unknown,Unknown,Unknown,Consignment,Channel: Consignment
NVAROC,21,25b,ZZZ5,0,120,0,999999,Unknown,Unknown,,Unknown,Unknown,Unknown,Unknown,Unknown,Unknown,Unknown
NVAS01,21,25b,ZZZ5,0,120,0,500,Unknown,Unknown,,Unknown,Unknown,Unknown,Unknown,Unknown,Unknown,Unknown
NVAS02,41,10a,02,0,120,0,1000,R,Sales,0.5,R,Sales Rep,Unknown,Durban,KwaZulu-Natal,Unknown,Unknown
NVAS03,34,1e,03,0,120,0,5000,BJ,Sales,0.5,BJ,Sales Rep,Unknown,Witbank/Middelburg,Mpumalanga,Unknown,Unknown
NVAS04,21,25b,ZZZ5,0,120,0,3000,Unknown,Unknown,,Unknown,Unknown,Unknown,Unknown,Unknown,Unknown,Unknown
NVAS05,40,6b,04,0,120,0,500,BM,Sales,0.5,BM,Sales Rep,Unknown,West Cape,Western Cape,Unknown,Unknown
NVAS06,40,6b,04,0,120,0,500,BM,Sales,0.5,BM,Sales Rep,Unknown,West Cape,Western Cape,Unknown,Unknown
NVET01,21,25b,ZZZ5,0,120,0,3000,Unknown,Unknown,,Unknown,Unknown,Unknown,Unknown,Unknown,Unknown,Unknown
NVET02,21,25b,ZZZ5,0,120,0,5000,Unknown,Unknown,,Unknown,Unknown,Unknown,Unknown,Unknown,Unknown,Unknown
NVET03,21,25b,ZZZ5,0,120,0,5000,Unknown,Unknown,,Unknown,Unknown,Unknown,Unknown,Unknown,Unknown,Unknown
NVIE01,18,4a,06,0,120,0,2500,DA,Sales,0.0,DA,Sales Rep,Unknown,Pietersburg / Potgietersrus,Limpopo,Unknown,Unknown
NVOA01,33,1d,03,0,120,0,999999,BJ,Sales,0.5,BJ,Sales Rep,Unknown,Pretoria,Gauteng,Unknown,Unknown
NVOH01,30,7a,05,0,120,0,1000,RL,Sales,0.5,RL,Sales Rep,Unknown,Gauteng N - Sandton,Gauteng,Unknown,Unknown
NVOR01,21,25b,ZZZ5,0,120,0,2000,Unknown,Unknown,,Unknown,Unknown,Unknown,Unknown,Unknown,Unknown,Unknown
NVOS01,21,25b,ZZZ5,0,120,0,4000,Unknown,Unknown,,Unknown,Unknown,Unknown,Unknown,Unknown,Unknown,Unknown
NVOS02,21,25b,ZZZ5,0,120,0,4000,Unknown,Unknown,,Unknown,Unknown,Unknown,Unknown,Unknown,Unknown,Unknown
NWIB01,21,25b,ZZZ5,0,120,0,3000,Unknown,Unknown,,Unknown,Unknown,Unknown,Unknown,Unknown,Unknown,Unknown
NWID01,41,10a,02,0,120,0,7500,R,Sales,0.5,R,Sales Rep,Unknown,Durban,KwaZulu-Natal,Unknown,Unknown
NWID02,29,5a,01EXP,0,120,0,6000,EXPORTS,Gross Profit,0.5,EXPORTS,Channel: Export,Unknown,Botswana and Exports,Export,Exports incl Botswana,Channel: Export
NWIE03,14,3b,06,0,120,0,1000,DA,Sales,0.0,DA,Sales Rep,Unknown,Johannesburg CBD,Gauteng,Unknown,Unknown
NWIG01,40,6b,04,0,120,0,3000,BM,Sales,0.5,BM,Sales Rep,Unknown,West Cape,Western Cape,Unknown,Unknown
NWYB01,40,6b,04,0,120,0,2000,BM,Sales,0.5,BM,Sales Rep,Unknown,West Cape,Western Cape,Unknown,Unknown
NYES01,36,7c,05,0,120,0,1000,RL,Sales,0.5,RL,Sales Rep,Unknown,Gauteng N - Eastgate/Norwood/Midrand,Gauteng,Unknown,Unknown
NZAD01,39,6a,02,0,60,0,999999,R,Sales,0.5,R,Sales Rep,Unknown,East Cape,Eastern Cape,Unknown,Unknown
OALN01,31,8a,06,0,120,0,5000,DA,Sales,0.0,DA,Sales Rep,Unknown,Gauteng E - Alberton/Benoni/Kempton,Gauteng,Unknown,Unknown
OAMP01,41,10a,02,0,120,0,3000,R,Sales,0.5,R,Sales Rep,Unknown,Durban,KwaZulu-Natal,Unknown,Unknown
OAVC01,41,10a,02,0,120,0,1000,R,Sales,0.5,R,Sales Rep,Unknown,Durban,KwaZulu-Natal,Unknown,Unknown
OAVN01,32,7b,05,0,120,0,10000,RL,Sales,0.5,RL,Sales Rep,Unknown,Gauteng N - Randburg/Rivonia,Gauteng,Unknown,Unknown
OAVNC1,21,25b,ZZZ5,0,30,0,999999,Unknown,Unknown,,Unknown,Unknown,Unknown,Unknown,Unknown,Unknown,Unknown
OAVNOC,21,25b,ZZZ5,0,120,0,999999,Unknown,Unknown,,Unknown,Unknown,Unknown,Unknown,Unknown,Unknown,Unknown
OBCP01,21,25b,ZZZ5,0,120,0,1500,Unknown,Unknown,,Unknown,Unknown,Unknown,Unknown,Unknown,Unknown,Unknown
OBHO01,41,10a,02,0,120,0,7500,R,Sales,0.5,R,Sales Rep,Unknown,Durban,KwaZulu-Natal,Unknown,Unknown
OBHO02,21,25b,ZZZ5,0,120,0,500,Unknown,Unknown,,Unknown,Unknown,Unknown,Unknown,Unknown,Unknown,Unknown
OBHO03,40,6b,04C,0,120,0,4000,BM CONSIGNMENT SALES ACC,Sales,0.5,BM,Sales Rep,Unknown,West Cape,Western Cape,Unknown,Unknown
OBHOC1,21,25b,ZZZ5,0,120,0,999999,Unknown,Unknown,,Unknown,Unknown,Unknown,Unknown,Unknown,Unknown,Unknown
OBHOOC,5,20a,CONS2,0,30,0,999999,CONSIGNMENTS DE,Gross Profit,0.5,CONSIGNMENT,Channel: Consignment,Unknown,Unknown,Unknown,Consignment,Channel: Consignment
OBHOPC,5,20a,CONS4,0,30,0,999999,CONSIGNMENTS BM,Gross Profit,0.5,CONSIGNMENT,Channel: Consignment,Unknown,Unknown,Unknown,Consignment,Channel: Consignment
OBLC01,21,25b,ZZZ5,0,120,0,5000,Unknown,Unknown,,Unknown,Unknown,Unknown,Unknown,Unknown,Unknown,Unknown
OBLC02,31,8a,05,0,120,0,999999,RL,Sales,0.5,RL,Sales Rep,Unknown,Gauteng E - Alberton/Benoni/Kempton,Gauteng,Unknown,Unknown
OBLCC1,5,20a,CONS6,0,30,0,999999,CONSIGNMENTS DA,Gross Profit,0.5,CONSIGNMENT,Channel: Consignment,Unknown,Unknown,Unknown,Consignment,Channel: Consignment
OBLCOC,21,25b,ZZZ5,0,120,0,999999,Unknown,Unknown,,Unknown,Unknown,Unknown,Unknown,Unknown,Unknown,Unknown
OBOY01,46,2b,05,0,120,5,10000,RL,Sales,0.5,RL,Sales Rep,Unknown,Krugersdorp / Sun City,North West,Unknown,Unknown
OBOYOC,5,20a,CON5S,0,120,0,999999,CONSIGNMENT HO/STAND,Gross Profit,0.5,CONSIGNMENT,Channel: Consignment,Unknown,Unknown,Unknown,Consignment,Channel: Consignment
OBRU01,39,6a,04,0,120,0,3000,BM,Sales,0.5,BM,Sales Rep,Unknown,East Cape,Eastern Cape,Unknown,Unknown
OBRW01,21,25b,ZZZ5,0,120,0,2000,Unknown,Unknown,,Unknown,Unknown,Unknown,Unknown,Unknown,Unknown,Unknown
OCHN01,31,8a,06,0,120,0,5000,DA,Sales,0.0,DA,Sales Rep,Unknown,Gauteng E - Alberton/Benoni/Kempton,Gauteng,Unknown,Unknown
OCHT01,43,3a,05,0,120,0,1000,RL,Sales,0.5,RL,Sales Rep,Unknown,Soweto/Lenasia,Gauteng,Unknown,Unknown
OCLI01,21,25b,ZZZ5,0,120,0,999999,Unknown,Unknown,,Unknown,Unknown,Unknown,Unknown,Unknown,Unknown,Unknown
OCLI02,32,7b,05,0,120,0,0,RL,Sales,0.5,RL,Sales Rep,Unknown,Gauteng N - Randburg/Rivonia,Gauteng,Unknown,Unknown
OCOK01,21,25b,ZZZ5,0,120,0,2000,Unknown,Unknown,,Unknown,Unknown,Unknown,Unknown,Unknown,Unknown,Unknown
OCOK02,21,25b,ZZZ5,0,120,0,2000,Unknown,Unknown,,Unknown,Unknown,Unknown,Unknown,Unknown,Unknown,Unknown
OCOK03,21,25b,ZZZ5,0,120,0,1000,Unknown,Unknown,,Unknown,Unknown,Unknown,Unknown,Unknown,Unknown,Unknown
OCRS01,37,11a,03,0,120,0,25000,BJ,Sales,0.5,BJ,Sales Rep,Unknown,Free State / Lesotho,Free State,Unknown,Unknown
OCRU02,21,25b,ZZZ5,0,120,0,2000,Unknown,Unknown,,Unknown,Unknown,Unknown,Unknown,Unknown,Unknown,Unknown
ODMP01,21,25b,ZZZ5,0,120,0,3000,Unknown,Unknown,,Unknown,Unknown,Unknown,Unknown,Unknown,Unknown,Unknown
ODOK01,49,10a,02,0,120,0,1000,R,Sales,0.5,R,Sales Rep,Unknown,Durban,KwaZulu-Natal,Unknown,Unknown
ODOL01,43,3a,05,0,120,0,2500,RL,Sales,0.5,RL,Sales Rep,Unknown,Soweto/Lenasia,Gauteng,Unknown,Unknown
OEBN01,21,25b,ZZZ2,0,120,0,5000,Unknown,Unknown,,Unknown,Unknown,Unknown,Unknown,Unknown,Unknown,Unknown
OEMN01,39,6a,02,0,30,0,1000,R,Sales,0.5,R,Sales Rep,Unknown,East Cape,Eastern Cape,Unknown,Unknown
OFLR01,46,2b,05,0,120,0,7500,RL,Sales,0.5,RL,Sales Rep,Unknown,Krugersdorp / Sun City,North West,Unknown,Unknown
OFLRC1,5,20a,CONS5,0,30,0,999999,CONSIGNMENTS HO,Gross Profit,0.5,CONSIGNMENT,Channel: Consignment,Unknown,Unknown,Unknown,Consignment,Channel: Consignment
OFLROC,5,20a,CONS7,0,120,0,999999,Consignments LA,Sales,0.5,CONSIGNMENT,Channel: Consignment,Unknown,Unknown,Unknown,Consignment,Channel: Consignment
OFRN01,21,25b,ZZZ5,0,120,0,20000,Unknown,Unknown,,Unknown,Unknown,Unknown,Unknown,Unknown,Unknown,Unknown
OFZP01,18,4a,06,0,120,0,4000,DA,Sales,0.0,DA,Sales Rep,Unknown,Pietersburg / Potgietersrus,Limpopo,Unknown,Unknown
OGKP01,4,1b,03,0,120,0,1500,BJ,Sales,0.5,BJ,Sales Rep,Unknown,Pretoria North/South/West,Gauteng,Unknown,Unknown
OGLB01,20,25a,ZZZ3,0,120,0,500,Unknown,Unknown,,Unknown,Unknown,Unknown,Unknown,Unknown,Unknown,Unknown
OGLBOC,21,25b,ZZZ5,0,30,0,999999,Unknown,Unknown,,Unknown,Unknown,Unknown,Unknown,Unknown,Unknown,Unknown
OGLV01,21,25b,ZZZ5,0,120,0,2000,Unknown,Unknown,,Unknown,Unknown,Unknown,Unknown,Unknown,Unknown,Unknown
OGLV02,39,6a,02,0,120,0,2000,R,Sales,0.5,R,Sales Rep,Unknown,East Cape,Eastern Cape,Unknown,Unknown
OGMP01,37,11a,06,0,120,0,2500,DA,Sales,0.0,DA,Sales Rep,Unknown,Free State / Lesotho,Free State,Unknown,Unknown
OGOD01,4,1b,01,0,120,0,500,HEAD OFFICE,Sales,0.0,HEAD OFFICE,Internal Sales,Unknown,Pretoria North/South/West,Gauteng,Unknown,Unknown
OGOD02,21,25b,ZZZ5,0,120,0,500,Unknown,Unknown,,Unknown,Unknown,Unknown,Unknown,Unknown,Unknown,Unknown
OGOD03,21,25b,ZZZ5,0,120,0,500,Unknown,Unknown,,Unknown,Unknown,Unknown,Unknown,Unknown,Unknown,Unknown
OGOD04,47,2c,06,0,120,0,999999,DA,Sales,0.0,DA,Sales Rep,Unknown,Potch / Krugersdorp / Kuruman,North West,Unknown,Unknown
OGOD05,47,2c,06,0,120,0,5000,DA,Sales,0.0,DA,Sales Rep,Unknown,Potch / Krugersdorp / Kuruman,North West,Unknown,Unknown
OGODC1,21,25b,ZZZ5,0,120,0,999999,Unknown,Unknown,,Unknown,Unknown,Unknown,Unknown,Unknown,Unknown,Unknown
OGODC2,21,25b,06,0,30,0,999999,DA,Sales,0.0,DA,Sales Rep,Unknown,Unknown,Unknown,Unknown,Unknown
OGODOC,5,20a,ZZZ5,0,120,0,999999,Unknown,Unknown,,Unknown,Unknown,Unknown,Unknown,Unknown,Consignment,Channel: Consignment
OGOL01,32,7b,07,0,120,0,10000,LA,Sales,0.0,LA,Sales Rep,Unknown,Gauteng N - Randburg/Rivonia,Gauteng,Unknown,Unknown
OGRB01,47,2c,06,0,120,0,3000,DA,Sales,0.0,DA,Sales Rep,Unknown,Potch / Krugersdorp / Kuruman,North West,Unknown,Unknown
OGRL01,31,8a,06,0,120,0,5000,DA,Sales,0.0,DA,Sales Rep,Unknown,Gauteng E - Alberton/Benoni/Kempton,Gauteng,Unknown,Unknown
OGRV01,47,2c,06,0,120,0,999999,DA,Sales,0.0,DA,Sales Rep,Unknown,Potch / Krugersdorp / Kuruman,North West,Unknown,Unknown
OHOS03,41,10a,02,0,120,0,3000,R,Sales,0.5,R,Sales Rep,Unknown,Durban,KwaZulu-Natal,Unknown,Unknown
OIFC01,16,1c,03C,0,120,0,2000,BJ CONSIGNMENTS,Sales,0.5,BJ,Sales Rep,Unknown,Pretoria East,Gauteng,Unknown,Unknown
OIFCC1,5,20a,CONS3,0,30,0,999999,CONSIGNMENTS BJ,Gross Profit,0.5,CONSIGNMENT,Channel: Consignment,Unknown,Unknown,Unknown,Consignment,Channel: Consignment
OIFCOC,21,25b,ZZZ5,0,30,0,999999,Unknown,Unknown,,Unknown,Unknown,Unknown,Unknown,Unknown,Unknown,Unknown
OIRN01,21,25b,ZZZ5,0,120,0,4000,Unknown,Unknown,,Unknown,Unknown,Unknown,Unknown,Unknown,Unknown,Unknown
OIRNOC,21,25b,ZZZ5,0,30,0,999999,Unknown,Unknown,,Unknown,Unknown,Unknown,Unknown,Unknown,Unknown,Unknown
OJEN01,29,5a,06,0,120,0,5000,DA,Sales,0.0,DA,Sales Rep,Unknown,Botswana and Exports,Export,Exports incl Botswana,Channel: Export
OKGM01,31,8a,06,0,120,0,999999,DA,Sales,0.0,DA,Sales Rep,Unknown,Gauteng E - Alberton/Benoni/Kempton,Gauteng,Unknown,Unknown
OKGM02,2,1a,03,0,120,0,999999,BJ,Sales,0.5,BJ,Sales Rep,Unknown,Pretoria Central,Gauteng,Unknown,Unknown
OKHM01,18,4a,06,0,120,0,0,DA,Sales,0.0,DA,Sales Rep,Unknown,Pietersburg / Potgietersrus,Limpopo,Unknown,Unknown
OKHT01,31,8a,06,0,120,0,5000,DA,Sales,0.0,DA,Sales Rep,Unknown,Gauteng E - Alberton/Benoni/Kempton,Gauteng,Unknown,Unknown
OKHTC1,5,20a,ZZZ5,0,30,0,999999,Unknown,Unknown,,Unknown,Unknown,Unknown,Unknown,Unknown,Consignment,Channel: Consignment
OKHTOC,21,25b,ZZZ5,0,120,0,999999,Unknown,Unknown,,Unknown,Unknown,Unknown,Unknown,Unknown,Unknown,Unknown
OKHZ01,19,4b,03,0,120,0,999999,BJ,Sales,0.5,BJ,Sales Rep,Unknown,Nelspruit / Tzaneen,Mpumalanga,Unknown,Unknown
OKLO01,49,10a,02,0,120,0,1000,R,Sales,0.5,R,Sales Rep,Unknown,Durban,KwaZulu-Natal,Unknown,Unknown
OKMF01,20,25a,ZZZ2,0,120,0,0,Unknown,Unknown,,Unknown,Unknown,Unknown,Unknown,Unknown,Unknown,Unknown
OKNB01,21,25b,ZZZ5,0,120,0,5000,Unknown,Unknown,,Unknown,Unknown,Unknown,Unknown,Unknown,Unknown,Unknown
OKNB02,21,25b,ZZZ5,0,120,0,4000,Unknown,Unknown,,Unknown,Unknown,Unknown,Unknown,Unknown,Unknown,Unknown
OKNX01,21,25b,ZZZ5,0,120,0,3000,Unknown,Unknown,,Unknown,Unknown,Unknown,Unknown,Unknown,Unknown,Unknown
OKOL01,37,11a,03,0,120,0,7500,BJ,Sales,0.5,BJ,Sales Rep,Unknown,Free State / Lesotho,Free State,Unknown,Unknown
OKRG01,21,25b,ZZZ5,0,120,0,3000,Unknown,Unknown,,Unknown,Unknown,Unknown,Unknown,Unknown,Unknown,Unknown
OKRG02,21,25b,ZZZ5,0,120,0,3000,Unknown,Unknown,,Unknown,Unknown,Unknown,Unknown,Unknown,Unknown,Unknown
OKRP01,43,3a,06,0,120,0,2000,DA,Sales,0.0,DA,Sales Rep,Unknown,Soweto/Lenasia,Gauteng,Unknown,Unknown
OLCP01,40,6b,04,0,120,0,0,BM,Sales,0.5,BM,Sales Rep,Unknown,West Cape,Western Cape,Unknown,Unknown
OLEN01,20,25a,ZZZ1,0,120,0,0,Unknown,Unknown,,Unknown,Unknown,Unknown,Unknown,Unknown,Unknown,Unknown
OLEN02,20,25a,ZZZ1,0,120,0,0,Unknown,Unknown,,Unknown,Unknown,Unknown,Unknown,Unknown,Unknown,Unknown
OLOK01,21,25b,ZZZ5,0,120,0,6000,Unknown,Unknown,,Unknown,Unknown,Unknown,Unknown,Unknown,Unknown,Unknown
OLOK02,21,25b,ZZZ5,0,120,0,999999,Unknown,Unknown,,Unknown,Unknown,Unknown,Unknown,Unknown,Unknown,Unknown
OMBM01,20,25a,CITC,0,120,0,1500,C-  ITC,Sales,0.5,Unknown,Unclassified_Missing_Data,Unknown,Unknown,Unknown,Unknown,Unknown
OMMW01,34,1e,03,0,120,0,2000,BJ,Sales,0.5,BJ,Sales Rep,Unknown,Witbank/Middelburg,Mpumalanga,Unknown,Unknown
OMOD01,14,3b,06,0,120,0,10000,DA,Sales,0.0,DA,Sales Rep,Unknown,Johannesburg CBD,Gauteng,Unknown,Unknown
OMOD02,49,10a,02,0,120,0,1000,R,Sales,0.5,R,Sales Rep,Unknown,Durban,KwaZulu-Natal,Unknown,Unknown
OMOD04,41,10a,02,0,120,0,2000,R,Sales,0.5,R,Sales Rep,Unknown,Durban,KwaZulu-Natal,Unknown,Unknown
OMOD05,21,25b,ZZZ5,0,120,0,1000,Unknown,Unknown,,Unknown,Unknown,Unknown,Unknown,Unknown,Unknown,Unknown
OMOI01,32,7b,05,0,120,0,999999,RL,Sales,0.5,RL,Sales Rep,Unknown,Gauteng N - Randburg/Rivonia,Gauteng,Unknown,Unknown
OMOL01,30,7a,05,0,120,0,20000,RL,Sales,0.5,RL,Sales Rep,Unknown,Gauteng N - Sandton,Gauteng,Unknown,Unknown
OMOLC1,5,20a,CON6S,0,120,0,999999,CONSIGNMENT DA/STAND,Gross Profit,0.5,CONSIGNMENT,Channel: Consignment,Unknown,Unknown,Unknown,Consignment,Channel: Consignment
OMOS01,14,3b,06,0,120,0,1000,DA,Sales,0.0,DA,Sales Rep,Unknown,Johannesburg CBD,Gauteng,Unknown,Unknown
OMOS02,20,25a,CITC,0,120,0,3000,C-  ITC,Sales,0.5,Unknown,Unclassified_Missing_Data,Unknown,Unknown,Unknown,Unknown,Unknown
OMOS03,46,2b,07,0,120,0,10000,LA,Sales,0.0,LA,Sales Rep,Unknown,Krugersdorp / Sun City,North West,Unknown,Unknown
OMOS04,21,25b,ZZZ5,0,120,0,15000,Unknown,Unknown,,Unknown,Unknown,Unknown,Unknown,Unknown,Unknown,Unknown
OMOS05,43,3a,06,0,120,0,10000,DA,Sales,0.0,DA,Sales Rep,Unknown,Soweto/Lenasia,Gauteng,Unknown,Unknown
ONKS01,14,3b,06,0,120,0,2000,DA,Sales,0.0,DA,Sales Rep,Unknown,Johannesburg CBD,Gauteng,Unknown,Unknown
ONOR01,43,3a,06,0,120,0,2000,DA,Sales,0.0,DA,Sales Rep,Unknown,Soweto/Lenasia,Gauteng,Unknown,Unknown
ONSP01,37,11a,03,0,120,0,5000,BJ,Sales,0.5,BJ,Sales Rep,Unknown,Free State / Lesotho,Free State,Unknown,Unknown
OPHE01,21,25b,ZZZ1,0,120,0,2500,Unknown,Unknown,,Unknown,Unknown,Unknown,Unknown,Unknown,Unknown,Unknown
OPHO01,32,7b,06,0,120,0,5000,DA,Sales,0.0,DA,Sales Rep,Unknown,Gauteng N - Randburg/Rivonia,Gauteng,Unknown,Unknown
OPIN01,21,25b,ZZZ5,0,120,0,2000,Unknown,Unknown,,Unknown,Unknown,Unknown,Unknown,Unknown,Unknown,Unknown
OPLW01,21,25b,ZZZ5,0,120,0,1500,Unknown,Unknown,,Unknown,Unknown,Unknown,Unknown,Unknown,Unknown,Unknown
OPRC01,21,25b,ZZZ5,0,120,0,10000,Unknown,Unknown,,Unknown,Unknown,Unknown,Unknown,Unknown,Unknown,Unknown
OPRF01,40,6b,04C,0,120,0,5000,BM CONSIGNMENT SALES ACC,Sales,0.5,BM,Sales Rep,Unknown,West Cape,Western Cape,Unknown,Unknown
OPRF02,21,25b,ZZZ5,0,120,0,6000,Unknown,Unknown,,Unknown,Unknown,Unknown,Unknown,Unknown,Unknown,Unknown
OPRF03,21,25b,ZZZ5,0,120,0,5000,Unknown,Unknown,,Unknown,Unknown,Unknown,Unknown,Unknown,Unknown,Unknown
OPRFC1,21,25b,ZZZ5,0,120,0,999999,Unknown,Unknown,,Unknown,Unknown,Unknown,Unknown,Unknown,Unknown,Unknown
OPRFC3,5,20a,ZZZ5,0,120,0,999999,Unknown,Unknown,,Unknown,Unknown,Unknown,Unknown,Unknown,Consignment,Channel: Consignment
OPRFOC,21,25b,ZZZ5,0,120,0,999999,Unknown,Unknown,,Unknown,Unknown,Unknown,Unknown,Unknown,Unknown,Unknown
OPRM01,43,3a,06,0,120,0,4000,DA,Sales,0.0,DA,Sales Rep,Unknown,Soweto/Lenasia,Gauteng,Unknown,Unknown
OPRMOC,5,20a,CONS,0,60,0,999999,CONSIGNMENTS HEAD OFFICE,Gross Profit,0.5,CONSIGNMENT,Channel: Consignment,Unknown,Unknown,Unknown,Consignment,Channel: Consignment
OPRO01,21,25b,ZZZ5,0,120,0,1500,Unknown,Unknown,,Unknown,Unknown,Unknown,Unknown,Unknown,Unknown,Unknown
OPRO02,43,3a,06,0,120,0,5000,DA,Sales,0.0,DA,Sales Rep,Unknown,Soweto/Lenasia,Gauteng,Unknown,Unknown
OPRO03,21,25b,ZZZ5,0,120,0,3000,Unknown,Unknown,,Unknown,Unknown,Unknown,Unknown,Unknown,Unknown,Unknown
OPRP01,39,6a,02,0,120,0,5000,R,Sales,0.5,R,Sales Rep,Unknown,East Cape,Eastern Cape,Unknown,Unknown
OPRV01,20,25a,ZZZ1,0,120,0,2000,Unknown,Unknown,,Unknown,Unknown,Unknown,Unknown,Unknown,Unknown,Unknown
OPRV02,46,2b,03,0,120,0,15000,BJ,Sales,0.5,BJ,Sales Rep,Unknown,Krugersdorp / Sun City,North West,Unknown,Unknown
OPSP01,41,10a,02,0,120,0,5000,R,Sales,0.5,R,Sales Rep,Unknown,Durban,KwaZulu-Natal,Unknown,Unknown
ORMP01,20,25a,ZZZ2,0,120,0,0,Unknown,Unknown,,Unknown,Unknown,Unknown,Unknown,Unknown,Unknown,Unknown
OROP01,41,10a,02,0,120,0,2000,R,Sales,0.5,R,Sales Rep,Unknown,Durban,KwaZulu-Natal,Unknown,Unknown
OROS01,31,8a,06C,0,120,0,1500,DA CONSIGNMENT,Sales,0.5,DA,Sales Rep,Unknown,Gauteng E - Alberton/Benoni/Kempton,Gauteng,Unknown,Unknown
OROS02,21,25b,ZZZ5,0,120,0,2000,Unknown,Unknown,,Unknown,Unknown,Unknown,Unknown,Unknown,Unknown,Unknown
OROS04,37,11a,03,0,120,0,10000,BJ,Sales,0.5,BJ,Sales Rep,Unknown,Free State / Lesotho,Free State,Unknown,Unknown
OROS05,37,11a,03C,0,120,0,10000,BJ CONSIGNMENTS,Sales,0.5,BJ,Sales Rep,Unknown,Free State / Lesotho,Free State,Unknown,Unknown
OROS06,40,6b,04C,0,120,0,2000,BM CONSIGNMENT SALES ACC,Sales,0.5,BM,Sales Rep,Unknown,West Cape,Western Cape,Unknown,Unknown
OROSC1,5,20a,STAN3,0,120,0,999999,STANDS-CONSIGNMENT,Gross Profit,0.0,CONSIGNMENT_STANDS,Channel: Consignment,Unknown,Unknown,Unknown,Consignment,Channel: Consignment
OROSC2,21,25b,ZZZ5,0,120,0,999999,Unknown,Unknown,,Unknown,Unknown,Unknown,Unknown,Unknown,Unknown,Unknown
OROSC3,5,20a,CONS6,0,30,0,999999,CONSIGNMENTS DA,Gross Profit,0.5,CONSIGNMENT,Channel: Consignment,Unknown,Unknown,Unknown,Consignment,Channel: Consignment
OROSCC,5,20a,ZZZ5,0,30,0,999999,Unknown,Unknown,,Unknown,Unknown,Unknown,Unknown,Unknown,Consignment,Channel: Consignment
OROSCO,5,20a,CONS3,0,120,0,999999,CONSIGNMENTS BJ,Gross Profit,0.5,CONSIGNMENT,Channel: Consignment,Unknown,Unknown,Unknown,Consignment,Channel: Consignment
OROSOC,21,25b,ZZZ5,0,30,0,999999,Unknown,Unknown,,Unknown,Unknown,Unknown,Unknown,Unknown,Unknown,Unknown
OSAA01,21,25b,ZZZ5,0,120,0,1000,Unknown,Unknown,,Unknown,Unknown,Unknown,Unknown,Unknown,Unknown,Unknown
OSAA03,21,25b,ZZZ5,0,120,0,4000,Unknown,Unknown,,Unknown,Unknown,Unknown,Unknown,Unknown,Unknown,Unknown
OSAH01,20,25a,CITC,0,120,0,1500,C-  ITC,Sales,0.5,Unknown,Unclassified_Missing_Data,Unknown,Unknown,Unknown,Unknown,Unknown
OSLP01,39,6a,02,0,120,0,20000,R,Sales,0.5,R,Sales Rep,Unknown,East Cape,Eastern Cape,Unknown,Unknown
OSLPC1,5,20a,CON4S,0,30,0,999999,CONSIGNMENT BM/STAND,Gross Profit,0.5,CONSIGNMENT,Channel: Consignment,Unknown,Unknown,Unknown,Consignment,Channel: Consignment
OSPLOC,6,21a,CONS4,0,30,0,999999,CONSIGNMENTS BM,Gross Profit,0.5,CONSIGNMENT,Channel: Consignment,Unknown,Unknown,Unknown,Advertising Appro,Internal: Advertising
OSPRC2,6,21a,CONS4,0,30,0,999999,CONSIGNMENTS BM,Gross Profit,0.5,CONSIGNMENT,Channel: Consignment,Unknown,Unknown,Unknown,Advertising Appro,Internal: Advertising
OSPROC,6,21a,CONS,0,30,0,999999,CONSIGNMENTS HEAD OFFICE,Gross Profit,0.5,CONSIGNMENT,Channel: Consignment,Unknown,Unknown,Unknown,Advertising Appro,Internal: Advertising
OSTL01,42,10b,02,0,120,0,5000,R,Sales,0.5,R,Sales Rep,Unknown,Midlands,KwaZulu-Natal,Unknown,Unknown
OSTR01,21,25b,ZZZ5,0,120,0,0,Unknown,Unknown,,Unknown,Unknown,Unknown,Unknown,Unknown,Unknown,Unknown
OSTU01,41,10a,02,0,120,0,3000,R,Sales,0.5,R,Sales Rep,Unknown,Durban,KwaZulu-Natal,Unknown,Unknown
OSYN01,36,7c,05,0,120,0,999999,RL,Sales,0.5,RL,Sales Rep,Unknown,Gauteng N - Eastgate/Norwood/Midrand,Gauteng,Unknown,Unknown
OTHM02,31,8a,06,0,120,0,4000,DA,Sales,0.0,DA,Sales Rep,Unknown,Gauteng E - Alberton/Benoni/Kempton,Gauteng,Unknown,Unknown
OWOD01,34,1e,03,0,120,0,2000,BJ,Sales,0.5,BJ,Sales Rep,Unknown,Witbank/Middelburg,Mpumalanga,Unknown,Unknown
OWOD02,46,2b,05,0,120,0,10000,RL,Sales,0.5,RL,Sales Rep,Unknown,Krugersdorp / Sun City,North West,Unknown,Unknown
OWODOC,5,20a,STAND,0,120,0,999999,STAND-60PC CONSIGNMENT,Gross Profit,0.0,CONSIGNMENT_STANDS,Channel: Consignment,Unknown,Unknown,Unknown,Consignment,Channel: Consignment
OWRB01,25,11b,06,0,120,0,5000,DA,Sales,0.0,DA,Sales Rep,Unknown,Ermelo / Piet Retief,Mpumalanga,Unknown,Unknown
OYPP01,47,2c,06,0,120,0,999999,DA,Sales,0.0,DA,Sales Rep,Unknown,Potch / Krugersdorp / Kuruman,North West,Unknown,Unknown
PASE01,40,6b,04,0,120,0,3000,BM,Sales,0.5,BM,Sales Rep,Unknown,West Cape,Western Cape,Unknown,Unknown
PASE02,40,6b,04,0,120,0,2000,BM,Sales,0.5,BM,Sales Rep,Unknown,West Cape,Western Cape,Unknown,Unknown
PBAE01,25,11b,06,0,120,0,999999,DA,Sales,0.0,DA,Sales Rep,Unknown,Ermelo / Piet Retief,Mpumalanga,Unknown,Unknown
PCOP01,40,6b,04,0,120,0,3000,BM,Sales,0.5,BM,Sales Rep,Unknown,West Cape,Western Cape,Unknown,Unknown
PCOT01,21,25b,ZZZ5,0,120,0,2000,Unknown,Unknown,,Unknown,Unknown,Unknown,Unknown,Unknown,Unknown,Unknown
PDIL01,2,1a,03,0,120,0,999999,BJ,Sales,0.5,BJ,Sales Rep,Unknown,Pretoria Central,Gauteng,Unknown,Unknown
PDILOC,5,20a,CON3S,0,120,0,999999,CONSIGNMENT BJ/STAND,Gross Profit,0.5,CONSIGNMENT,Channel: Consignment,Unknown,Unknown,Unknown,Consignment,Channel: Consignment
PDIP01,47,2c,06,0,120,0,15000,DA,Sales,0.0,DA,Sales Rep,Unknown,Potch / Krugersdorp / Kuruman,North West,Unknown,Unknown
PDIP02,2,1a,03,0,120,0,1000,BJ,Sales,0.5,BJ,Sales Rep,Unknown,Pretoria Central,Gauteng,Unknown,Unknown
PDUI01,43,3a,06,0,120,0,1500,DA,Sales,0.0,DA,Sales Rep,Unknown,Soweto/Lenasia,Gauteng,Unknown,Unknown
PDUL01,47,2c,06,0,120,0,3000,DA,Sales,0.0,DA,Sales Rep,Unknown,Potch / Krugersdorp / Kuruman,North West,Unknown,Unknown
PESL01,41,10a,02,0,120,0,2000,R,Sales,0.5,R,Sales Rep,Unknown,Durban,KwaZulu-Natal,Unknown,Unknown
PGOA01,39,6a,04,0,30,0,0,BM,Sales,0.5,BM,Sales Rep,Unknown,East Cape,Eastern Cape,Unknown,Unknown
PHYE01,21,25b,ZZZ5,0,120,0,3000,Unknown,Unknown,,Unknown,Unknown,Unknown,Unknown,Unknown,Unknown,Unknown
PHYE02,31,8a,05C,0,120,0,500,RL CONSIGNMENT SALES ACC,Sales,0.5,RL,Sales Rep,Unknown,Gauteng E - Alberton/Benoni/Kempton,Gauteng,Unknown,Unknown
PHYE03,19,4b,03,0,120,0,3000,BJ,Sales,0.5,BJ,Sales Rep,Unknown,Nelspruit / Tzaneen,Mpumalanga,Unknown,Unknown
PHYEC1,5,20a,ZZZ5,0,120,0,999999,Unknown,Unknown,,Unknown,Unknown,Unknown,Unknown,Unknown,Consignment,Channel: Consignment
PJEP01,21,25b,ZZZ5,0,120,0,2000,Unknown,Unknown,,Unknown,Unknown,Unknown,Unknown,Unknown,Unknown,Unknown
PKAI01,21,25b,ZZZ5,0,120,0,15000,Unknown,Unknown,,Unknown,Unknown,Unknown,Unknown,Unknown,Unknown,Unknown
PMAU01,20,25a,CITC,0,120,0,5000,C-  ITC,Sales,0.5,Unknown,Unclassified_Missing_Data,Unknown,Unknown,Unknown,Unknown,Unknown
PMAU02,34,1e,03,0,120,0,999999,BJ,Sales,0.5,BJ,Sales Rep,Unknown,Witbank/Middelburg,Mpumalanga,Unknown,Unknown
PMOA01,19,4b,03,0,120,0,20000,BJ,Sales,0.5,BJ,Sales Rep,Unknown,Nelspruit / Tzaneen,Mpumalanga,Unknown,Unknown
PMOH01,37,11a,03,0,30,0,1000,BJ,Sales,0.5,BJ,Sales Rep,Unknown,Free State / Lesotho,Free State,Unknown,Unknown
PMSE01,21,25b,ZZZ5,0,120,0,6000,Unknown,Unknown,,Unknown,Unknown,Unknown,Unknown,Unknown,Unknown,Unknown
PMSEC1,21,25b,ZZZ5,0,30,0,999999,Unknown,Unknown,,Unknown,Unknown,Unknown,Unknown,Unknown,Unknown,Unknown
PMSEOC,21,25b,ZZZ5,0,120,0,999999,Unknown,Unknown,,Unknown,Unknown,Unknown,Unknown,Unknown,Unknown,Unknown
POPE01,40,6b,04,0,120,0,2000,BM,Sales,0.5,BM,Sales Rep,Unknown,West Cape,Western Cape,Unknown,Unknown
PPAA01,21,25b,ZZZ5,0,120,0,500,Unknown,Unknown,,Unknown,Unknown,Unknown,Unknown,Unknown,Unknown,Unknown
PPAP01,40,6b,04C,0,120,0,5000,BM CONSIGNMENT SALES ACC,Sales,0.5,BM,Sales Rep,Unknown,West Cape,Western Cape,Unknown,Unknown
PPAP02,40,6b,04C,0,120,0,5000,BM CONSIGNMENT SALES ACC,Sales,0.5,BM,Sales Rep,Unknown,West Cape,Western Cape,Unknown,Unknown
PPAPC1,5,20a,ZZZ5,0,30,0,999999,Unknown,Unknown,,Unknown,Unknown,Unknown,Unknown,Unknown,Consignment,Channel: Consignment
PPAPC2,21,25b,ZZZ5,0,30,0,999999,Unknown,Unknown,,Unknown,Unknown,Unknown,Unknown,Unknown,Unknown,Unknown
PPAPCO,5,20a,ZZZ5,0,30,0,999999,Unknown,Unknown,,Unknown,Unknown,Unknown,Unknown,Unknown,Consignment,Channel: Consignment
PPAPOC,21,25b,ZZZ5,0,30,0,999999,Unknown,Unknown,,Unknown,Unknown,Unknown,Unknown,Unknown,Unknown,Unknown
PRAH01,18,4a,06,0,120,0,5000,DA,Sales,0.0,DA,Sales Rep,Unknown,Pietersburg / Potgietersrus,Limpopo,Unknown,Unknown
PROE01,20,25a,04,0,120,0,20000,BM,Sales,0.5,BM,Sales Rep,Unknown,Unknown,Unknown,Unknown,Unknown
PROE02,21,25b,ZZZ5,0,120,0,4000,Unknown,Unknown,,Unknown,Unknown,Unknown,Unknown,Unknown,Unknown,Unknown
PROEC1,5,20a,CONS4,0,30,0,999999,CONSIGNMENTS BM,Gross Profit,0.5,CONSIGNMENT,Channel: Consignment,Unknown,Unknown,Unknown,Consignment,Channel: Consignment
PROEC2,5,20a,CON4S,0,120,0,999999,CONSIGNMENT BM/STAND,Gross Profit,0.5,CONSIGNMENT,Channel: Consignment,Unknown,Unknown,Unknown,Consignment,Channel: Consignment
PROECO,5,20a,CONS4,0,120,0,999999,CONSIGNMENTS BM,Gross Profit,0.5,CONSIGNMENT,Channel: Consignment,Unknown,Unknown,Unknown,Consignment,Channel: Consignment
PROEOC,21,25b,ZZZ5,0,30,0,999999,Unknown,Unknown,,Unknown,Unknown,Unknown,Unknown,Unknown,Unknown,Unknown
PSEE01,33,1d,03,0,120,0,2000,BJ,Sales,0.5,BJ,Sales Rep,Unknown,Pretoria,Gauteng,Unknown,Unknown
PSEI01,4,1b,03,0,120,0,2000,BJ,Sales,0.5,BJ,Sales Rep,Unknown,Pretoria North/South/West,Gauteng,Unknown,Unknown
PSUCAM,5,20a,CON5S,0,30,0,999999,CONSIGNMENT HO/STAND,Gross Profit,0.5,CONSIGNMENT,Channel: Consignment,Unknown,Unknown,Unknown,Consignment,Channel: Consignment
PSUE01,21,25b,ZZZ5,0,120,0,10000,Unknown,Unknown,,Unknown,Unknown,Unknown,Unknown,Unknown,Unknown,Unknown
PSUE02,30,7a,05,0,120,0,5000,RL,Sales,0.5,RL,Sales Rep,Unknown,Gauteng N - Sandton,Gauteng,Unknown,Unknown
PSUE03,41,10a,02,0,120,0,2000,R,Sales,0.5,R,Sales Rep,Unknown,Durban,KwaZulu-Natal,Unknown,Unknown
PSUEC1,5,20a,CONS5,0,120,0,999999,CONSIGNMENTS HO,Gross Profit,0.5,CONSIGNMENT,Channel: Consignment,Unknown,Unknown,Unknown,Consignment,Channel: Consignment
PSUEC2,21,25b,ZZZ5,0,120,0,999999,Unknown,Unknown,,Unknown,Unknown,Unknown,Unknown,Unknown,Unknown,Unknown
PSUEC3,5,20a,01EXP,0,30,0,999999,EXPORTS,Gross Profit,0.5,EXPORTS,Channel: Export,Unknown,Unknown,Unknown,Consignment,Channel: Consignment
PSUEOC,5,20a,01EXP,0,30,0,999999,EXPORTS,Gross Profit,0.5,EXPORTS,Channel: Export,Unknown,Unknown,Unknown,Consignment,Channel: Consignment
RABA01,21,25b,ZZZ5,0,60,0,5000,Unknown,Unknown,,Unknown,Unknown,Unknown,Unknown,Unknown,Unknown,Unknown
RABAC1,5,20a,CONS2,0,60,0,999999,CONSIGNMENTS DE,Gross Profit,0.5,CONSIGNMENT,Channel: Consignment,Unknown,Unknown,Unknown,Consignment,Channel: Consignment
RABACO,5,20a,CONS4,0,30,0,999999,CONSIGNMENTS BM,Gross Profit,0.5,CONSIGNMENT,Channel: Consignment,Unknown,Unknown,Unknown,Consignment,Channel: Consignment
RABAO1,40,6b,04C,0,120,0,5000,BM CONSIGNMENT SALES ACC,Sales,0.5,BM,Sales Rep,Unknown,West Cape,Western Cape,Unknown,Unknown
RABAOC,21,25b,ZZZ5,0,30,0,999999,Unknown,Unknown,,Unknown,Unknown,Unknown,Unknown,Unknown,Unknown,Unknown
RAFI01,46,2b,07,0,90,0,10000,LA,Sales,0.0,LA,Sales Rep,Unknown,Krugersdorp / Sun City,North West,Unknown,Unknown
RAFO01,21,25b,ZZZ5,0,120,0,10000,Unknown,Unknown,,Unknown,Unknown,Unknown,Unknown,Unknown,Unknown,Unknown
RAFO02,2,1a,03,0,120,0,20000,BJ,Sales,0.5,BJ,Sales Rep,Unknown,Pretoria Central,Gauteng,Unknown,Unknown
RAMA01,49,10a,02,0,120,0,2000,R,Sales,0.5,R,Sales Rep,Unknown,Durban,KwaZulu-Natal,Unknown,Unknown
RARA01,21,25b,ZZZ5,0,120,0,500,Unknown,Unknown,,Unknown,Unknown,Unknown,Unknown,Unknown,Unknown,Unknown
RBAN01,32,7b,05,0,120,0,3000,RL,Sales,0.5,RL,Sales Rep,Unknown,Gauteng N - Randburg/Rivonia,Gauteng,Unknown,Unknown
RBAR01,31,8a,05,0,120,0,7500,RL,Sales,0.5,RL,Sales Rep,Unknown,Gauteng E - Alberton/Benoni/Kempton,Gauteng,Unknown,Unknown
RBAU01,20,25a,CITC,0,120,0,2000,C-  ITC,Sales,0.5,Unknown,Unclassified_Missing_Data,Unknown,Unknown,Unknown,Unknown,Unknown
RBEE01,21,25b,ZZZ5,0,120,0,3000,Unknown,Unknown,,Unknown,Unknown,Unknown,Unknown,Unknown,Unknown,Unknown
RBEG01,39,6a,04,0,120,0,5000,BM,Sales,0.5,BM,Sales Rep,Unknown,East Cape,Eastern Cape,Unknown,Unknown
RBEM01,36,7c,05,0,120,0,5000,RL,Sales,0.5,RL,Sales Rep,Unknown,Gauteng N - Eastgate/Norwood/Midrand,Gauteng,Unknown,Unknown
RBEM02,2,1a,03C,0,120,0,5000,BJ CONSIGNMENTS,Sales,0.5,BJ,Sales Rep,Unknown,Pretoria Central,Gauteng,Unknown,Unknown
RBEMC1,5,20a,CONS3,0,30,0,999999,CONSIGNMENTS BJ,Gross Profit,0.5,CONSIGNMENT,Channel: Consignment,Unknown,Unknown,Unknown,Consignment,Channel: Consignment
RBEMOC,21,25b,ZZZ5,0,120,0,999999,Unknown,Unknown,,Unknown,Unknown,Unknown,Unknown,Unknown,Unknown,Unknown
RBUG01,25,11b,02,0,120,0,10000,R,Sales,0.5,R,Sales Rep,Unknown,Ermelo / Piet Retief,Mpumalanga,Unknown,Unknown
RBUG02,40,6b,04C,0,120,0,5000,BM CONSIGNMENT SALES ACC,Sales,0.5,BM,Sales Rep,Unknown,West Cape,Western Cape,Unknown,Unknown
RBUGC1,5,20a,CONS4,0,120,0,999999,CONSIGNMENTS BM,Gross Profit,0.5,CONSIGNMENT,Channel: Consignment,Unknown,Unknown,Unknown,Consignment,Channel: Consignment
RBUL01,21,25b,ZZZ5,0,120,0,1000,Unknown,Unknown,,Unknown,Unknown,Unknown,Unknown,Unknown,Unknown,Unknown
RBUN01,32,7b,05,0,120,0,3000,RL,Sales,0.5,RL,Sales Rep,Unknown,Gauteng N - Randburg/Rivonia,Gauteng,Unknown,Unknown
RBUNC1,5,20a,CONS6,0,30,0,999999,CONSIGNMENTS DA,Gross Profit,0.5,CONSIGNMENT,Channel: Consignment,Unknown,Unknown,Unknown,Consignment,Channel: Consignment
RBUNOC,21,25b,ZZZ5,0,30,0,999999,Unknown,Unknown,,Unknown,Unknown,Unknown,Unknown,Unknown,Unknown,Unknown
RBUR01,21,25b,ZZZ5,0,120,0,1000,Unknown,Unknown,,Unknown,Unknown,Unknown,Unknown,Unknown,Unknown,Unknown
RCAE01,39,6a,04,0,120,0,20000,BM,Sales,0.5,BM,Sales Rep,Unknown,East Cape,Eastern Cape,Unknown,Unknown
RCAE02,20,25a,ZZZ2,0,120,0,2000,Unknown,Unknown,,Unknown,Unknown,Unknown,Unknown,Unknown,Unknown,Unknown
RCAE03,46,2b,05,0,120,0,10000,RL,Sales,0.5,RL,Sales Rep,Unknown,Krugersdorp / Sun City,North West,Unknown,Unknown
RCAEC1,5,20a,CONS5,0,30,0,999999,CONSIGNMENTS HO,Gross Profit,0.5,CONSIGNMENT,Channel: Consignment,Unknown,Unknown,Unknown,Consignment,Channel: Consignment
RCAEOC,21,25b,ZZZ5,0,120,0,999999,Unknown,Unknown,,Unknown,Unknown,Unknown,Unknown,Unknown,Unknown,Unknown
RCAR01,2,1a,03,0,120,0,7500,BJ,Sales,0.5,BJ,Sales Rep,Unknown,Pretoria Central,Gauteng,Unknown,Unknown
RCAS01,21,25b,ZZZ5,0,120,0,4000,Unknown,Unknown,,Unknown,Unknown,Unknown,Unknown,Unknown,Unknown,Unknown
RCAT01,21,25b,ZZZ5,0,120,0,2000,Unknown,Unknown,,Unknown,Unknown,Unknown,Unknown,Unknown,Unknown,Unknown
RCHI01,21,25b,ZZZ5,0,120,0,0,Unknown,Unknown,,Unknown,Unknown,Unknown,Unknown,Unknown,Unknown,Unknown
RCON01,2,1a,03,0,120,0,2000,BJ,Sales,0.5,BJ,Sales Rep,Unknown,Pretoria Central,Gauteng,Unknown,Unknown
RCON02,46,2b,03,0,120,0,2000,BJ,Sales,0.5,BJ,Sales Rep,Unknown,Krugersdorp / Sun City,North West,Unknown,Unknown
RCON03,21,25b,ZZZ5,0,120,0,3000,Unknown,Unknown,,Unknown,Unknown,Unknown,Unknown,Unknown,Unknown,Unknown
RCON04,21,25b,ZZZ,0,120,0,2000,Unknown,Unknown,,Unknown,Unknown,Unknown,Unknown,Unknown,Unknown,Unknown
RCON05,2,1a,03,0,120,0,1500,BJ,Sales,0.5,BJ,Sales Rep,Unknown,Pretoria Central,Gauteng,Unknown,Unknown
RDAR01,36,7c,05,0,120,0,4000,RL,Sales,0.5,RL,Sales Rep,Unknown,Gauteng N - Eastgate/Norwood/Midrand,Gauteng,Unknown,Unknown
RDIEOC,5,20a,CONS2,0,30,0,999999,CONSIGNMENTS DE,Gross Profit,0.5,CONSIGNMENT,Channel: Consignment,Unknown,Unknown,Unknown,Consignment,Channel: Consignment
RDLD01,21,25b,ZZZ5,0,120,0,1000,Unknown,Unknown,,Unknown,Unknown,Unknown,Unknown,Unknown,Unknown,Unknown
RDOE01,28,5b,06,0,120,0,500,DA,Sales,0.0,DA,Sales Rep,Unknown,Unknown,Unknown,Botswana trip excl Exports,Channel: Export
RDOF01,31,8a,06,0,120,0,0,DA,Sales,0.0,DA,Sales Rep,Unknown,Gauteng E - Alberton/Benoni/Kempton,Gauteng,Unknown,Unknown
RDOF02,30,7a,05,0,120,0,5000,RL,Sales,0.5,RL,Sales Rep,Unknown,Gauteng N - Sandton,Gauteng,Unknown,Unknown
RDOFC0,5,20a,ZZZ5,0,120,0,999999,Unknown,Unknown,,Unknown,Unknown,Unknown,Unknown,Unknown,Consignment,Channel: Consignment
RDOFOC,5,20a,STAN3,0,120,0,999999,STANDS-CONSIGNMENT,Gross Profit,0.0,CONSIGNMENT_STANDS,Channel: Consignment,Unknown,Unknown,Unknown,Consignment,Channel: Consignment
RDUB01,49,10a,02,0,120,0,3000,R,Sales,0.5,R,Sales Rep,Unknown,Durban,KwaZulu-Natal,Unknown,Unknown
RFER01,39,6a,04,0,120,0,1000,BM,Sales,0.5,BM,Sales Rep,Unknown,East Cape,Eastern Cape,Unknown,Unknown
RFER02,19,4b,03,0,120,0,500,BJ,Sales,0.5,BJ,Sales Rep,Unknown,Nelspruit / Tzaneen,Mpumalanga,Unknown,Unknown
RFOE01,37,11a,03,0,120,0,2000,BJ,Sales,0.5,BJ,Sales Rep,Unknown,Free State / Lesotho,Free State,Unknown,Unknown
RGEB01,21,25b,ZZZ5,0,120,0,500,Unknown,Unknown,,Unknown,Unknown,Unknown,Unknown,Unknown,Unknown,Unknown
RHAB01,21,25b,ZZZ5,0,120,0,7500,Unknown,Unknown,,Unknown,Unknown,Unknown,Unknown,Unknown,Unknown,Unknown
RHAF01,21,25b,ZZZ5,0,120,0,1500,Unknown,Unknown,,Unknown,Unknown,Unknown,Unknown,Unknown,Unknown,Unknown
RHAF02,21,25b,ZZZ5,0,120,0,2000,Unknown,Unknown,,Unknown,Unknown,Unknown,Unknown,Unknown,Unknown,Unknown
RHAL01,20,25a,ZZZ1,0,120,0,0,Unknown,Unknown,,Unknown,Unknown,Unknown,Unknown,Unknown,Unknown,Unknown
RHAT01,21,25b,ZZZ5,0,120,0,2500,Unknown,Unknown,,Unknown,Unknown,Unknown,Unknown,Unknown,Unknown,Unknown
RHIS01,2,1a,03,0,120,0,2000,BJ,Sales,0.5,BJ,Sales Rep,Unknown,Pretoria Central,Gauteng,Unknown,Unknown
RHIS02,21,25b,ZZZ5,0,120,0,2000,Unknown,Unknown,,Unknown,Unknown,Unknown,Unknown,Unknown,Unknown,Unknown
RHOSC1,5,20a,CONS5,0,30,0,999999,CONSIGNMENTS HO,Gross Profit,0.5,CONSIGNMENT,Channel: Consignment,Unknown,Unknown,Unknown,Consignment,Channel: Consignment
RIBA01,49,10a,02,0,60,0,999999,R,Sales,0.5,R,Sales Rep,Unknown,Durban,KwaZulu-Natal,Unknown,Unknown
RJAI01,21,25b,ZZZ5,0,120,0,200000000,Unknown,Unknown,,Unknown,Unknown,Unknown,Unknown,Unknown,Unknown,Unknown
RJAI02,21,25b,ZZZ5,0,120,0,999999,Unknown,Unknown,,Unknown,Unknown,Unknown,Unknown,Unknown,Unknown,Unknown
RJOD02,31,8a,06,0,120,0,4000,DA,Sales,0.0,DA,Sales Rep,Unknown,Gauteng E - Alberton/Benoni/Kempton,Gauteng,Unknown,Unknown
RKAA01,21,25b,ZZZ5,0,120,0,2000,Unknown,Unknown,,Unknown,Unknown,Unknown,Unknown,Unknown,Unknown,Unknown
RKAE01,25,11b,02,0,120,0,10000,R,Sales,0.5,R,Sales Rep,Unknown,Ermelo / Piet Retief,Mpumalanga,Unknown,Unknown
RKAEC1,5,20a,CONS2,0,60,0,999999,CONSIGNMENTS DE,Gross Profit,0.5,CONSIGNMENT,Channel: Consignment,Unknown,Unknown,Unknown,Consignment,Channel: Consignment
RKAEC2,5,20a,CONS2,0,60,0,999999,CONSIGNMENTS DE,Gross Profit,0.5,CONSIGNMENT,Channel: Consignment,Unknown,Unknown,Unknown,Consignment,Channel: Consignment
RKAI01,49,10a,02,0,30,0,3500,R,Sales,0.5,R,Sales Rep,Unknown,Durban,KwaZulu-Natal,Unknown,Unknown
RKAK01,21,25b,ZZZ5,0,120,0,1000,Unknown,Unknown,,Unknown,Unknown,Unknown,Unknown,Unknown,Unknown,Unknown
RKELC1,5,20a,CON3S,0,120,0,999999,CONSIGNMENT BJ/STAND,Gross Profit,0.5,CONSIGNMENT,Channel: Consignment,Unknown,Unknown,Unknown,Consignment,Channel: Consignment
RKELOC,5,20a,ZZZ5,0,120,0,999999,Unknown,Unknown,,Unknown,Unknown,Unknown,Unknown,Unknown,Consignment,Channel: Consignment
RKIK01,21,25b,ZZZ5,0,120,0,2000,Unknown,Unknown,,Unknown,Unknown,Unknown,Unknown,Unknown,Unknown,Unknown
RKOB01,4,1b,03,0,120,0,2000,BJ,Sales,0.5,BJ,Sales Rep,Unknown,Pretoria North/South/West,Gauteng,Unknown,Unknown
RKOBOC,5,20a,CONS3,0,30,0,999999,CONSIGNMENTS BJ,Gross Profit,0.5,CONSIGNMENT,Channel: Consignment,Unknown,Unknown,Unknown,Consignment,Channel: Consignment
RLEO01,40,6b,04,0,120,0,3000,BM,Sales,0.5,BM,Sales Rep,Unknown,West Cape,Western Cape,Unknown,Unknown
RLEO02,40,6b,04,0,120,0,2000,BM,Sales,0.5,BM,Sales Rep,Unknown,West Cape,Western Cape,Unknown,Unknown
RLEO03,39,6a,02,0,120,0,2000,R,Sales,0.5,R,Sales Rep,Unknown,East Cape,Eastern Cape,Unknown,Unknown
RLEO04,47,2c,06,0,120,0,5000,DA,Sales,0.0,DA,Sales Rep,Unknown,Potch / Krugersdorp / Kuruman,North West,Unknown,Unknown
RLEO05,40,6b,04,0,120,0,3000,BM,Sales,0.5,BM,Sales Rep,Unknown,West Cape,Western Cape,Unknown,Unknown
RLEO06,39,6a,04,0,120,0,5000,BM,Sales,0.5,BM,Sales Rep,Unknown,East Cape,Eastern Cape,Unknown,Unknown
RMAA01,47,2c,03,0,120,0,7500,BJ,Sales,0.5,BJ,Sales Rep,Unknown,Potch / Krugersdorp / Kuruman,North West,Unknown,Unknown
RMAA02,47,2c,03,0,120,0,5000,BJ,Sales,0.5,BJ,Sales Rep,Unknown,Potch / Krugersdorp / Kuruman,North West,Unknown,Unknown
RMAA03,4,1b,03,0,120,0,5000,BJ,Sales,0.5,BJ,Sales Rep,Unknown,Pretoria North/South/West,Gauteng,Unknown,Unknown
RMAAC1,5,20a,CONS3,0,30,0,999999,CONSIGNMENTS BJ,Gross Profit,0.5,CONSIGNMENT,Channel: Consignment,Unknown,Unknown,Unknown,Consignment,Channel: Consignment
RMAAC2,5,20a,CON3S,0,30,0,999999,CONSIGNMENT BJ/STAND,Gross Profit,0.5,CONSIGNMENT,Channel: Consignment,Unknown,Unknown,Unknown,Consignment,Channel: Consignment
RMAAOC,21,25b,ZZZ5,0,120,0,999999,Unknown,Unknown,,Unknown,Unknown,Unknown,Unknown,Unknown,Unknown,Unknown
RMAB01,21,25b,ZZZ2,0,120,0,0,Unknown,Unknown,,Unknown,Unknown,Unknown,Unknown,Unknown,Unknown,Unknown
RMAB02,34,1e,03,0,120,0,18000,BJ,Sales,0.5,BJ,Sales Rep,Unknown,Witbank/Middelburg,Mpumalanga,Unknown,Unknown
RMABOC,5,20a,STAN3,0,120,0,999999,STANDS-CONSIGNMENT,Gross Profit,0.0,CONSIGNMENT_STANDS,Channel: Consignment,Unknown,Unknown,Unknown,Consignment,Channel: Consignment
RMAE01,14,3b,06C,0,120,5,4000,DA CONSIGNMENT,Sales,0.5,DA,Sales Rep,Unknown,Johannesburg CBD,Gauteng,Unknown,Unknown
RMAE02,45,2a,06,0,120,0,1000,DA,Sales,0.0,DA,Sales Rep,Unknown,Vaal Triangle,Gauteng,Unknown,Unknown
RMAEC0,5,20a,CONS6,0,120,0,999999,CONSIGNMENTS DA,Gross Profit,0.5,CONSIGNMENT,Channel: Consignment,Unknown,Unknown,Unknown,Consignment,Channel: Consignment
RMAI01,28,5b,06,0,60,0,999999,DA,Sales,0.0,DA,Sales Rep,Unknown,Unknown,Unknown,Botswana trip excl Exports,Channel: Export
RMAIOC,6,21a,CONS5,0,30,0,999999,CONSIGNMENTS HO,Gross Profit,0.5,CONSIGNMENT,Channel: Consignment,Unknown,Unknown,Unknown,Advertising Appro,Internal: Advertising
RMAK01,21,25b,ZZZ,0,120,0,999999,Unknown,Unknown,,Unknown,Unknown,Unknown,Unknown,Unknown,Unknown,Unknown
RMAK02,21,25b,04,0,120,0,0,BM,Sales,0.5,BM,Sales Rep,Unknown,Unknown,Unknown,Unknown,Unknown
RMAK03,14,3b,06,0,120,0,1500,DA,Sales,0.0,DA,Sales Rep,Unknown,Johannesburg CBD,Gauteng,Unknown,Unknown
RMAKCO,5,20a,ZZZ5,0,120,0,999999,Unknown,Unknown,,Unknown,Unknown,Unknown,Unknown,Unknown,Consignment,Channel: Consignment
RMAL01,5,20a,STOCK,0,30,0,999999,Unknown,Unknown,,Unknown,Unknown,Unknown,Unknown,Unknown,Consignment,Channel: Consignment
RMAL02,21,25b,ZZZ5,0,120,0,5000,Unknown,Unknown,,Unknown,Unknown,Unknown,Unknown,Unknown,Unknown,Unknown
RMAR01,21,25b,ZZZ1,0,120,0,0,Unknown,Unknown,,Unknown,Unknown,Unknown,Unknown,Unknown,Unknown,Unknown
RMAT02,14,3b,05,0,120,0,500,RL,Sales,0.5,RL,Sales Rep,Unknown,Johannesburg CBD,Gauteng,Unknown,Unknown
RMAT03,21,25b,ZZZ5,0,120,0,1000,Unknown,Unknown,,Unknown,Unknown,Unknown,Unknown,Unknown,Unknown,Unknown
RMEC01,30,7a,99999,0,120,0,2000,Unknown,Unknown,,Unknown,Unknown,Unknown,Gauteng N - Sandton,Gauteng,Unknown,Unknown
RMEE01,21,25b,ZZZ5,0,120,0,5000,Unknown,Unknown,,Unknown,Unknown,Unknown,Unknown,Unknown,Unknown,Unknown
RMOE01,21,25b,ZZZ5,0,120,0,999999,Unknown,Unknown,,Unknown,Unknown,Unknown,Unknown,Unknown,Unknown,Unknown
RMOO01,20,25a,CITC,0,60,0,3000,C-  ITC,Sales,0.5,Unknown,Unclassified_Missing_Data,Unknown,Unknown,Unknown,Unknown,Unknown
RMUR01,33,1d,03,0,120,0,3000,BJ,Sales,0.5,BJ,Sales Rep,Unknown,Pretoria,Gauteng,Unknown,Unknown
RNOD01,21,25b,ZZZ1,0,120,0,1500,Unknown,Unknown,,Unknown,Unknown,Unknown,Unknown,Unknown,Unknown,Unknown
RNOT01,32,7b,05,0,120,0,2000,RL,Sales,0.5,RL,Sales Rep,Unknown,Gauteng N - Randburg/Rivonia,Gauteng,Unknown,Unknown
RNOT02,32,7b,05,0,120,0,0,RL,Sales,0.5,RL,Sales Rep,Unknown,Gauteng N - Randburg/Rivonia,Gauteng,Unknown,Unknown
RNOT03,45,2a,06,0,120,5,1000,DA,Sales,0.0,DA,Sales Rep,Unknown,Vaal Triangle,Gauteng,Unknown,Unknown
RNOT04,33,1d,03,0,120,0,1000,BJ,Sales,0.5,BJ,Sales Rep,Unknown,Pretoria,Gauteng,Unknown,Unknown
RNOTOC,5,20a,CONS3,0,120,0,999999,CONSIGNMENTS BJ,Gross Profit,0.5,CONSIGNMENT,Channel: Consignment,Unknown,Unknown,Unknown,Consignment,Channel: Consignment
RNSAEL,13,9a,SALE,0,120,0,999999,Unknown,Unknown,,Unknown,Unknown,Unknown,Unknown,Unknown,sale goods,Channel: Retail
RNSOSE,13,9a,SALE,0,120,0,999999,Unknown,Unknown,,Unknown,Unknown,Unknown,Unknown,Unknown,sale goods,Channel: Retail
RNUD01,36,7c,05,0,120,0,3000,RL,Sales,0.5,RL,Sales Rep,Unknown,Gauteng N - Eastgate/Norwood/Midrand,Gauteng,Unknown,Unknown
ROUI01,29,5a,01EXP,0,120,0,999999,EXPORTS,Gross Profit,0.5,EXPORTS,Channel: Export,Unknown,Botswana and Exports,Export,Exports incl Botswana,Channel: Export
RPAK01,25,11b,05,0,120,0,5000,RL,Sales,0.5,RL,Sales Rep,Unknown,Ermelo / Piet Retief,Mpumalanga,Unknown,Unknown
RPAK02,45,2a,06,0,120,0,4000,DA,Sales,0.0,DA,Sales Rep,Unknown,Vaal Triangle,Gauteng,Unknown,Unknown
RPAK03,45,2a,06,0,120,0,500,DA,Sales,0.0,DA,Sales Rep,Unknown,Vaal Triangle,Gauteng,Unknown,Unknown
RPAK04,40,6b,04,0,120,0,2000,BM,Sales,0.5,BM,Sales Rep,Unknown,West Cape,Western Cape,Unknown,Unknown
RPAK05,49,10a,02,0,120,0,3000,R,Sales,0.5,R,Sales Rep,Unknown,Durban,KwaZulu-Natal,Unknown,Unknown
RPAM02,21,25b,ZZZ5,0,120,0,2000,Unknown,Unknown,,Unknown,Unknown,Unknown,Unknown,Unknown,Unknown,Unknown
RPAM03,39,6a,04,0,120,0,20000,BM,Sales,0.5,BM,Sales Rep,Unknown,East Cape,Eastern Cape,Unknown,Unknown
RPAMC1,5,20a,CONS4,0,30,0,999999,CONSIGNMENTS BM,Gross Profit,0.5,CONSIGNMENT,Channel: Consignment,Unknown,Unknown,Unknown,Consignment,Channel: Consignment
RPAMC2,5,20a,CON4S,0,120,0,999999,CONSIGNMENT BM/STAND,Gross Profit,0.5,CONSIGNMENT,Channel: Consignment,Unknown,Unknown,Unknown,Consignment,Channel: Consignment
RPAMOC,21,25b,ZZZ5,0,120,0,999999,Unknown,Unknown,,Unknown,Unknown,Unknown,Unknown,Unknown,Unknown,Unknown
RPES01,41,10a,02,0,120,0,999999,R,Sales,0.5,R,Sales Rep,Unknown,Durban,KwaZulu-Natal,Unknown,Unknown
RPES02,41,10a,02,0,30,0,2000,R,Sales,0.5,R,Sales Rep,Unknown,Durban,KwaZulu-Natal,Unknown,Unknown
RPEU01,41,10a,02,0,120,0,1000,R,Sales,0.5,R,Sales Rep,Unknown,Durban,KwaZulu-Natal,Unknown,Unknown
RSADOC,5,20a,PROMO,0,120,0,999999,Unknown,Unknown,,Unknown,Unknown,Unknown,Unknown,Unknown,Consignment,Channel: Consignment
RSAIOC,5,20a,CONS2,0,30,0,999999,CONSIGNMENTS DE,Gross Profit,0.5,CONSIGNMENT,Channel: Consignment,Unknown,Unknown,Unknown,Consignment,Channel: Consignment
RSCI01,21,25b,ZZZ5,0,120,0,3000,Unknown,Unknown,,Unknown,Unknown,Unknown,Unknown,Unknown,Unknown,Unknown
RSPI01,31,8a,06,0,120,0,5000,DA,Sales,0.0,DA,Sales Rep,Unknown,Gauteng E - Alberton/Benoni/Kempton,Gauteng,Unknown,Unknown
RSPI02,40,6b,04,0,120,0,5000,BM,Sales,0.5,BM,Sales Rep,Unknown,West Cape,Western Cape,Unknown,Unknown
RSTA01,40,6b,04,0,120,0,5000,BM,Sales,0.5,BM,Sales Rep,Unknown,West Cape,Western Cape,Unknown,Unknown
RSTA02,41,10a,02,0,120,0,500,R,Sales,0.5,R,Sales Rep,Unknown,Durban,KwaZulu-Natal,Unknown,Unknown
RSTA03,33,1d,03,0,120,0,2500,BJ,Sales,0.5,BJ,Sales Rep,Unknown,Pretoria,Gauteng,Unknown,Unknown
RSTA04,41,10a,02,0,120,0,20000,R,Sales,0.5,R,Sales Rep,Unknown,Durban,KwaZulu-Natal,Unknown,Unknown
RSTAC1,5,20a,CONS3,0,30,0,999999,CONSIGNMENTS BJ,Gross Profit,0.5,CONSIGNMENT,Channel: Consignment,Unknown,Unknown,Unknown,Consignment,Channel: Consignment
RSTAOC,21,25b,ZZZ5,0,120,0,999999,Unknown,Unknown,,Unknown,Unknown,Unknown,Unknown,Unknown,Unknown,Unknown
RSTO01,21,25b,ZZZ5,0,120,0,500,Unknown,Unknown,,Unknown,Unknown,Unknown,Unknown,Unknown,Unknown,Unknown
RSTU01,21,25b,ZZZ1,0,120,0,2000,Unknown,Unknown,,Unknown,Unknown,Unknown,Unknown,Unknown,Unknown,Unknown
RSTUOC,21,25b,ZZZ5,0,30,0,999999,Unknown,Unknown,,Unknown,Unknown,Unknown,Unknown,Unknown,Unknown,Unknown
RSTY01,39,6a,02,0,120,0,500,R,Sales,0.5,R,Sales Rep,Unknown,East Cape,Eastern Cape,Unknown,Unknown
RSUT01,21,25b,ZZZ5,0,120,0,0,Unknown,Unknown,,Unknown,Unknown,Unknown,Unknown,Unknown,Unknown,Unknown
RTAG01,6,21a,CONS2,0,120,0,999999,CONSIGNMENTS DE,Gross Profit,0.5,CONSIGNMENT,Channel: Consignment,Unknown,Unknown,Unknown,Advertising Appro,Internal: Advertising
RTOG04,21,25b,ZZZ5,0,120,0,3000,Unknown,Unknown,,Unknown,Unknown,Unknown,Unknown,Unknown,Unknown,Unknown
RTOG05,46,2b,03,0,120,0,4000,BJ,Sales,0.5,BJ,Sales Rep,Unknown,Krugersdorp / Sun City,North West,Unknown,Unknown
RTOG12,18,4a,06,0,120,0,20000,DA,Sales,0.0,DA,Sales Rep,Unknown,Pietersburg / Potgietersrus,Limpopo,Unknown,Unknown
RTOG15,33,1d,03,0,120,0,7000,BJ,Sales,0.5,BJ,Sales Rep,Unknown,Pretoria,Gauteng,Unknown,Unknown
RTOG16,19,4b,03,0,120,0,10000,BJ,Sales,0.5,BJ,Sales Rep,Unknown,Nelspruit / Tzaneen,Mpumalanga,Unknown,Unknown
RTOG17,14,3b,06,0,60,0,999999,DA,Sales,0.0,DA,Sales Rep,Unknown,Johannesburg CBD,Gauteng,Unknown,Unknown
RTOG18,47,2c,06,0,60,0,999999,DA,Sales,0.0,DA,Sales Rep,Unknown,Potch / Krugersdorp / Kuruman,North West,Unknown,Unknown
RTOG19,31,8a,06,0,60,0,999999,DA,Sales,0.0,DA,Sales Rep,Unknown,Gauteng E - Alberton/Benoni/Kempton,Gauteng,Unknown,Unknown
RTOG20,39,6a,04,0,60,0,999999,BM,Sales,0.5,BM,Sales Rep,Unknown,East Cape,Eastern Cape,Unknown,Unknown
RTOGC2,21,25b,ZZZ5,0,120,0,999999,Unknown,Unknown,,Unknown,Unknown,Unknown,Unknown,Unknown,Unknown,Unknown
RTOGC3,21,25b,STAN4,0,120,0,999999,STANDS-CONSIGNMENT,Gross Profit,0.0,CONSIGNMENT_STANDS,Channel: Consignment,Unknown,Unknown,Unknown,Unknown,Unknown
RTOGC4,21,25b,STAND,0,120,0,999999,STAND-60PC CONSIGNMENT,Gross Profit,0.0,CONSIGNMENT_STANDS,Channel: Consignment,Unknown,Unknown,Unknown,Unknown,Unknown
RTOGC5,5,20a,CONS5,0,120,0,999999,CONSIGNMENTS HO,Gross Profit,0.5,CONSIGNMENT,Channel: Consignment,Unknown,Unknown,Unknown,Consignment,Channel: Consignment
RTOGC6,5,20a,CONS2,0,120,0,999999,CONSIGNMENTS DE,Gross Profit,0.5,CONSIGNMENT,Channel: Consignment,Unknown,Unknown,Unknown,Consignment,Channel: Consignment
RTOGC7,5,20a,CONS5,0,120,0,999999,CONSIGNMENTS HO,Gross Profit,0.5,CONSIGNMENT,Channel: Consignment,Unknown,Unknown,Unknown,Consignment,Channel: Consignment
RTOGC8,5,20a,CONS5,0,120,0,999999,CONSIGNMENTS HO,Gross Profit,0.5,CONSIGNMENT,Channel: Consignment,Unknown,Unknown,Unknown,Consignment,Channel: Consignment
RTOGCO,5,20a,CON2S,0,30,0,999999,CONSIGNMENT DE/STAND,Gross Profit,0.5,CONSIGNMENT,Channel: Consignment,Unknown,Unknown,Unknown,Consignment,Channel: Consignment
RTOGGC,5,20a,STAND,0,120,0,999999,STAND-60PC CONSIGNMENT,Gross Profit,0.0,CONSIGNMENT_STANDS,Channel: Consignment,Unknown,Unknown,Unknown,Consignment,Channel: Consignment
RTOGOC,5,20a,STAND,0,120,0,999999,STAND-60PC CONSIGNMENT,Gross Profit,0.0,CONSIGNMENT_STANDS,Channel: Consignment,Unknown,Unknown,Unknown,Consignment,Channel: Consignment
RTOGOP,5,20a,CON3S,0,120,0,999999,CONSIGNMENT BJ/STAND,Gross Profit,0.5,CONSIGNMENT,Channel: Consignment,Unknown,Unknown,Unknown,Consignment,Channel: Consignment
RUNO01,41,10a,02,0,120,0,2000,R,Sales,0.5,R,Sales Rep,Unknown,Durban,KwaZulu-Natal,Unknown,Unknown
RVAI01,41,10a,02,0,120,0,0,R,Sales,0.5,R,Sales Rep,Unknown,Durban,KwaZulu-Natal,Unknown,Unknown
RVAI02,21,25b,ZZZ5,0,120,0,0,Unknown,Unknown,,Unknown,Unknown,Unknown,Unknown,Unknown,Unknown,Unknown
RVAI03,31,8a,06,0,120,0,15000,DA,Sales,0.0,DA,Sales Rep,Unknown,Gauteng E - Alberton/Benoni/Kempton,Gauteng,Unknown,Unknown
RVEE01,45,2a,06,0,120,0,500,DA,Sales,0.0,DA,Sales Rep,Unknown,Vaal Triangle,Gauteng,Unknown,Unknown
RVES01,21,25b,ZZZ5,0,120,0,2000,Unknown,Unknown,,Unknown,Unknown,Unknown,Unknown,Unknown,Unknown,Unknown
RVOS01,47,2c,07,0,120,0,2000,LA,Sales,0.0,LA,Sales Rep,Unknown,Potch / Krugersdorp / Kuruman,North West,Unknown,Unknown
RVOS02,34,1e,03,0,120,0,5000,BJ,Sales,0.5,BJ,Sales Rep,Unknown,Witbank/Middelburg,Mpumalanga,Unknown,Unknown
SABO01,40,6b,04C,0,120,0,3000,BM CONSIGNMENT SALES ACC,Sales,0.5,BM,Sales Rep,Unknown,West Cape,Western Cape,Unknown,Unknown
SABO02,20,25a,CITC,0,120,0,5000,C-  ITC,Sales,0.5,Unknown,Unclassified_Missing_Data,Unknown,Unknown,Unknown,Unknown,Unknown
SABOC1,5,20a,CONS4,0,120,0,999999,CONSIGNMENTS BM,Gross Profit,0.5,CONSIGNMENT,Channel: Consignment,Unknown,Unknown,Unknown,Consignment,Channel: Consignment
SASO03,16,1c,03C,0,30,0,999999,BJ CONSIGNMENTS,Sales,0.5,BJ,Sales Rep,Unknown,Pretoria East,Gauteng,Unknown,Unknown
SASOC1,5,20a,CON3S,0,120,0,999999,CONSIGNMENT BJ/STAND,Gross Profit,0.5,CONSIGNMENT,Channel: Consignment,Unknown,Unknown,Unknown,Consignment,Channel: Consignment
SASOC2,5,20a,CONS3,0,120,18,999999,CONSIGNMENTS BJ,Gross Profit,0.5,CONSIGNMENT,Channel: Consignment,Unknown,Unknown,Unknown,Consignment,Channel: Consignment
SBET02,37,11a,03,0,120,0,5000,BJ,Sales,0.5,BJ,Sales Rep,Unknown,Free State / Lesotho,Free State,Unknown,Unknown
SBETC1,5,20a,CONS6,0,30,0,999999,CONSIGNMENTS DA,Gross Profit,0.5,CONSIGNMENT,Channel: Consignment,Unknown,Unknown,Unknown,Consignment,Channel: Consignment
SBETOC,21,25b,ZZZ5,0,120,0,999999,Unknown,Unknown,,Unknown,Unknown,Unknown,Unknown,Unknown,Unknown,Unknown
SBIH01,21,25b,ZZZ5,0,120,0,4000,Unknown,Unknown,,Unknown,Unknown,Unknown,Unknown,Unknown,Unknown,Unknown
SBIM01,47,2c,06,0,120,0,4000,DA,Sales,0.0,DA,Sales Rep,Unknown,Potch / Krugersdorp / Kuruman,North West,Unknown,Unknown
SBIMC1,5,20a,CONS6,0,30,0,999999,CONSIGNMENTS DA,Gross Profit,0.5,CONSIGNMENT,Channel: Consignment,Unknown,Unknown,Unknown,Consignment,Channel: Consignment
SCAA01,21,25b,ZZZ5,0,120,0,500,Unknown,Unknown,,Unknown,Unknown,Unknown,Unknown,Unknown,Unknown,Unknown
SCAH06,5,20a,CONS,0,60,0,999999,CONSIGNMENTS HEAD OFFICE,Gross Profit,0.5,CONSIGNMENT,Channel: Consignment,Unknown,Unknown,Unknown,Consignment,Channel: Consignment
SCAO01,21,25b,ZZZ5,0,120,0,4000,Unknown,Unknown,,Unknown,Unknown,Unknown,Unknown,Unknown,Unknown,Unknown
SCAOOC,5,20a,CONS6,0,30,0,999999,CONSIGNMENTS DA,Gross Profit,0.5,CONSIGNMENT,Channel: Consignment,Unknown,Unknown,Unknown,Consignment,Channel: Consignment
SCAS01,49,10a,02,0,120,0,2500,R,Sales,0.5,R,Sales Rep,Unknown,Durban,KwaZulu-Natal,Unknown,Unknown
SCAS02,41,10a,02,0,120,0,5000,R,Sales,0.5,R,Sales Rep,Unknown,Durban,KwaZulu-Natal,Unknown,Unknown
SCAS03,49,10a,02,0,120,0,1000,R,Sales,0.5,R,Sales Rep,Unknown,Durban,KwaZulu-Natal,Unknown,Unknown
SCIK01,21,25b,ZZZ5,0,120,0,3000,Unknown,Unknown,,Unknown,Unknown,Unknown,Unknown,Unknown,Unknown,Unknown
SCOM01,21,25b,ZZZ5,0,120,0,500,Unknown,Unknown,,Unknown,Unknown,Unknown,Unknown,Unknown,Unknown,Unknown
SCOMOC,6,21a,CONS,0,30,0,999999,CONSIGNMENTS HEAD OFFICE,Gross Profit,0.5,CONSIGNMENT,Channel: Consignment,Unknown,Unknown,Unknown,Advertising Appro,Internal: Advertising
SCUT01,21,25b,ZZZ5,0,30,0,999999,Unknown,Unknown,,Unknown,Unknown,Unknown,Unknown,Unknown,Unknown,Unknown
SDEA01,47,2c,05,0,120,0,10000,RL,Sales,0.5,RL,Sales Rep,Unknown,Potch / Krugersdorp / Kuruman,North West,Unknown,Unknown
SDEM01,4,1b,03,0,120,0,20000,BJ,Sales,0.5,BJ,Sales Rep,Unknown,Pretoria North/South/West,Gauteng,Unknown,Unknown
SDEM02,21,25b,ZZZ,0,120,0,3000,Unknown,Unknown,,Unknown,Unknown,Unknown,Unknown,Unknown,Unknown,Unknown
SDEMC1,5,20a,CONS3,0,30,0,999999,CONSIGNMENTS BJ,Gross Profit,0.5,CONSIGNMENT,Channel: Consignment,Unknown,Unknown,Unknown,Consignment,Channel: Consignment
SDEMOC,21,25b,ZZZ5,0,30,0,999999,Unknown,Unknown,,Unknown,Unknown,Unknown,Unknown,Unknown,Unknown,Unknown
SEAT01,21,25b,ZZZ5,0,120,0,5000,Unknown,Unknown,,Unknown,Unknown,Unknown,Unknown,Unknown,Unknown,Unknown
SEAT02,21,25b,ZZZ5,0,120,0,3000,Unknown,Unknown,,Unknown,Unknown,Unknown,Unknown,Unknown,Unknown,Unknown
SEAT03,31,8a,06,0,120,5,2000,DA,Sales,0.0,DA,Sales Rep,Unknown,Gauteng E - Alberton/Benoni/Kempton,Gauteng,Unknown,Unknown
SEAT04,33,1d,03,0,120,0,6000,BJ,Sales,0.5,BJ,Sales Rep,Unknown,Pretoria,Gauteng,Unknown,Unknown
SEATC1,5,20a,ZZZ5,0,120,0,10000,Unknown,Unknown,,Unknown,Unknown,Unknown,Unknown,Unknown,Consignment,Channel: Consignment
SEATCO,5,20a,CONS3,0,30,0,999999,CONSIGNMENTS BJ,Gross Profit,0.5,CONSIGNMENT,Channel: Consignment,Unknown,Unknown,Unknown,Consignment,Channel: Consignment
SEATOC,21,25b,ZZZ5,0,120,0,999999,Unknown,Unknown,,Unknown,Unknown,Unknown,Unknown,Unknown,Unknown,Unknown
SEKT02,2,1a,03,0,120,0,500,BJ,Sales,0.5,BJ,Sales Rep,Unknown,Pretoria Central,Gauteng,Unknown,Unknown
SEKT03,40,6b,04,0,120,0,2000,BM,Sales,0.5,BM,Sales Rep,Unknown,West Cape,Western Cape,Unknown,Unknown
SEKT04,21,25b,ZZZ1,0,120,0,0,Unknown,Unknown,,Unknown,Unknown,Unknown,Unknown,Unknown,Unknown,Unknown
SESE01,41,10a,02,0,120,0,1000,R,Sales,0.5,R,Sales Rep,Unknown,Durban,KwaZulu-Natal,Unknown,Unknown
SESEOC,6,21a,CONS,0,120,0,999999,CONSIGNMENTS HEAD OFFICE,Gross Profit,0.5,CONSIGNMENT,Channel: Consignment,Unknown,Unknown,Unknown,Advertising Appro,Internal: Advertising
SESI01,31,8a,06,0,120,0,2000,DA,Sales,0.0,DA,Sales Rep,Unknown,Gauteng E - Alberton/Benoni/Kempton,Gauteng,Unknown,Unknown
SEXE01,21,25b,ZZZ5,0,120,0,5000,Unknown,Unknown,,Unknown,Unknown,Unknown,Unknown,Unknown,Unknown,Unknown
SEYO01,21,25b,ZZZ5,0,120,0,500,Unknown,Unknown,,Unknown,Unknown,Unknown,Unknown,Unknown,Unknown,Unknown
SFIM01,30,7a,05,0,30,0,3000,RL,Sales,0.5,RL,Sales Rep,Unknown,Gauteng N - Sandton,Gauteng,Unknown,Unknown
SFOC01,40,6b,01,0,120,0,30000,HEAD OFFICE,Sales,0.0,HEAD OFFICE,Internal Sales,Unknown,West Cape,Western Cape,Unknown,Unknown
SFOC02,21,25b,01,0,30,0,30000,HEAD OFFICE,Sales,0.0,HEAD OFFICE,Internal Sales,Unknown,Unknown,Unknown,Unknown,Unknown
SGBM01,21,25b,ZZZ5,0,120,0,5000,Unknown,Unknown,,Unknown,Unknown,Unknown,Unknown,Unknown,Unknown,Unknown
SHAS01,4,1b,03,0,30,0,500,BJ,Sales,0.5,BJ,Sales Rep,Unknown,Pretoria North/South/West,Gauteng,Unknown,Unknown
SHAS02,21,25b,ZZZ5,0,120,0,4000,Unknown,Unknown,,Unknown,Unknown,Unknown,Unknown,Unknown,Unknown,Unknown
SHAS03,18,4a,06,0,120,0,7000,DA,Sales,0.0,DA,Sales Rep,Unknown,Pietersburg / Potgietersrus,Limpopo,Unknown,Unknown
SHAS04,16,1c,03,0,120,0,2000,BJ,Sales,0.5,BJ,Sales Rep,Unknown,Pretoria East,Gauteng,Unknown,Unknown
SINI01,36,7c,05C,0,120,0,2000,RL CONSIGNMENT SALES ACC,Sales,0.5,RL,Sales Rep,Unknown,Gauteng N - Eastgate/Norwood/Midrand,Gauteng,Unknown,Unknown
SINI02,41,10a,02,0,120,0,2500,R,Sales,0.5,R,Sales Rep,Unknown,Durban,KwaZulu-Natal,Unknown,Unknown
SINIC1,5,20a,CONS5,0,30,0,999999,CONSIGNMENTS HO,Gross Profit,0.5,CONSIGNMENT,Channel: Consignment,Unknown,Unknown,Unknown,Consignment,Channel: Consignment
SINIOC,21,25b,ZZZ5,0,120,0,999999,Unknown,Unknown,,Unknown,Unknown,Unknown,Unknown,Unknown,Unknown,Unknown
SJAS01,43,3a,05,0,120,0,5000,RL,Sales,0.5,RL,Sales Rep,Unknown,Soweto/Lenasia,Gauteng,Unknown,Unknown
SJOE01,21,25b,ZZZ5,0,120,0,3000,Unknown,Unknown,,Unknown,Unknown,Unknown,Unknown,Unknown,Unknown,Unknown
SJOHOC,5,20a,CONS2,0,60,0,999999,CONSIGNMENTS DE,Gross Profit,0.5,CONSIGNMENT,Channel: Consignment,Unknown,Unknown,Unknown,Consignment,Channel: Consignment
SKAI01,41,10a,02,0,120,0,1500,R,Sales,0.5,R,Sales Rep,Unknown,Durban,KwaZulu-Natal,Unknown,Unknown
SKAO01,41,10a,02C,0,120,0,3000,R CONSIGNMENT SALES ACC,Sales,0.5,R,Sales Rep,Unknown,Durban,KwaZulu-Natal,Unknown,Unknown
SKAOC1,5,20a,CONS2,0,30,0,999999,CONSIGNMENTS DE,Gross Profit,0.5,CONSIGNMENT,Channel: Consignment,Unknown,Unknown,Unknown,Consignment,Channel: Consignment
SKAOOC,5,20a,CON2S,0,120,0,999999,CONSIGNMENT DE/STAND,Gross Profit,0.5,CONSIGNMENT,Channel: Consignment,Unknown,Unknown,Unknown,Consignment,Channel: Consignment
SKEH01,43,3a,05,0,120,0,999999,RL,Sales,0.5,RL,Sales Rep,Unknown,Soweto/Lenasia,Gauteng,Unknown,Unknown
SLAE01,21,25b,ZZZ5,0,120,0,3000,Unknown,Unknown,,Unknown,Unknown,Unknown,Unknown,Unknown,Unknown,Unknown
SLEE01,32,7b,05,0,120,5,3000,RL,Sales,0.5,RL,Sales Rep,Unknown,Gauteng N - Randburg/Rivonia,Gauteng,Unknown,Unknown
SLEE02,20,25a,ZZZ2,0,120,0,5000,Unknown,Unknown,,Unknown,Unknown,Unknown,Unknown,Unknown,Unknown,Unknown
SLEE03,14,3b,06,0,120,0,2500,DA,Sales,0.0,DA,Sales Rep,Unknown,Johannesburg CBD,Gauteng,Unknown,Unknown
SLEE04,32,7b,06,0,30,0,2000,DA,Sales,0.0,DA,Sales Rep,Unknown,Gauteng N - Randburg/Rivonia,Gauteng,Unknown,Unknown
SLEH01,37,11a,03,0,120,0,7500,BJ,Sales,0.5,BJ,Sales Rep,Unknown,Free State / Lesotho,Free State,Unknown,Unknown
SLEHCO,5,20a,STAND,0,30,0,999999,STAND-60PC CONSIGNMENT,Gross Profit,0.0,CONSIGNMENT_STANDS,Channel: Consignment,Unknown,Unknown,Unknown,Consignment,Channel: Consignment
SLEO01,46,2b,03,0,120,0,1000,BJ,Sales,0.5,BJ,Sales Rep,Unknown,Krugersdorp / Sun City,North West,Unknown,Unknown
SLIS01,39,6a,04,0,120,0,1000,BM,Sales,0.5,BM,Sales Rep,Unknown,East Cape,Eastern Cape,Unknown,Unknown
SLUT01,40,6b,04,0,120,0,2000,BM,Sales,0.5,BM,Sales Rep,Unknown,West Cape,Western Cape,Unknown,Unknown
SMAA01,20,25a,CITC,0,120,0,5000,C-  ITC,Sales,0.5,Unknown,Unclassified_Missing_Data,Unknown,Unknown,Unknown,Unknown,Unknown
SMAA02,20,25a,ZZZ3,0,120,0,5000,Unknown,Unknown,,Unknown,Unknown,Unknown,Unknown,Unknown,Unknown,Unknown
SMAE01,20,25a,CITC,0,120,0,3000,C-  ITC,Sales,0.5,Unknown,Unclassified_Missing_Data,Unknown,Unknown,Unknown,Unknown,Unknown
SMAE02,19,4b,03,0,120,0,0,BJ,Sales,0.5,BJ,Sales Rep,Unknown,Nelspruit / Tzaneen,Mpumalanga,Unknown,Unknown
SMAE03,18,4a,06,0,120,0,1000,DA,Sales,0.0,DA,Sales Rep,Unknown,Pietersburg / Potgietersrus,Limpopo,Unknown,Unknown
SMAH01,20,25a,06,0,120,0,5000,DA,Sales,0.0,DA,Sales Rep,Unknown,Unknown,Unknown,Unknown,Unknown
SMAI01,34,1e,03,0,120,0,2000,BJ,Sales,0.5,BJ,Sales Rep,Unknown,Witbank/Middelburg,Mpumalanga,Unknown,Unknown
SMAT02,16,1c,03C,0,120,0,2000,BJ CONSIGNMENTS,Sales,0.5,BJ,Sales Rep,Unknown,Pretoria East,Gauteng,Unknown,Unknown
SMATC1,5,20a,CON3S,0,120,0,999999,CONSIGNMENT BJ/STAND,Gross Profit,0.5,CONSIGNMENT,Channel: Consignment,Unknown,Unknown,Unknown,Consignment,Channel: Consignment
SMATC2,5,20a,CONS3,0,120,0,999999,CONSIGNMENTS BJ,Gross Profit,0.5,CONSIGNMENT,Channel: Consignment,Unknown,Unknown,Unknown,Consignment,Channel: Consignment
SMEK02,21,25b,ZZZ5,0,120,0,3000,Unknown,Unknown,,Unknown,Unknown,Unknown,Unknown,Unknown,Unknown,Unknown
SMIT01,16,1c,03,0,120,0,3000,BJ,Sales,0.5,BJ,Sales Rep,Unknown,Pretoria East,Gauteng,Unknown,Unknown
SMOI01,29,5a,06,0,120,0,5000,DA,Sales,0.0,DA,Sales Rep,Unknown,Botswana and Exports,Export,Exports incl Botswana,Channel: Export
SMOW01,19,4b,03,0,120,0,15000,BJ,Sales,0.5,BJ,Sales Rep,Unknown,Nelspruit / Tzaneen,Mpumalanga,Unknown,Unknown
SMTH01,34,1e,03,0,120,0,50000,BJ,Sales,0.5,BJ,Sales Rep,Unknown,Witbank/Middelburg,Mpumalanga,Unknown,Unknown
SMTHOC,5,20a,STAN3,0,120,0,999999,STANDS-CONSIGNMENT,Gross Profit,0.0,CONSIGNMENT_STANDS,Channel: Consignment,Unknown,Unknown,Unknown,Consignment,Channel: Consignment
SMUH01,19,4b,06,0,120,0,999999,DA,Sales,0.0,DA,Sales Rep,Unknown,Nelspruit / Tzaneen,Mpumalanga,Unknown,Unknown
SNTA01,31,8a,06,0,120,0,100,DA,Sales,0.0,DA,Sales Rep,Unknown,Gauteng E - Alberton/Benoni/Kempton,Gauteng,Unknown,Unknown
SNTH01,39,6a,02,0,120,0,0,R,Sales,0.5,R,Sales Rep,Unknown,East Cape,Eastern Cape,Unknown,Unknown
SNTO01,18,4a,06,0,120,0,5000,DA,Sales,0.0,DA,Sales Rep,Unknown,Pietersburg / Potgietersrus,Limpopo,Unknown,Unknown
SNUI01,40,6b,04,0,120,0,5000,BM,Sales,0.5,BM,Sales Rep,Unknown,West Cape,Western Cape,Unknown,Unknown
SNUI02,40,6b,04C,0,120,0,2000,BM CONSIGNMENT SALES ACC,Sales,0.5,BM,Sales Rep,Unknown,West Cape,Western Cape,Unknown,Unknown
SNUIC1,5,20a,CONS4,0,30,0,999999,CONSIGNMENTS BM,Gross Profit,0.5,CONSIGNMENT,Channel: Consignment,Unknown,Unknown,Unknown,Consignment,Channel: Consignment
SOOT01,21,25b,ZZZ1,0,120,0,3000,Unknown,Unknown,,Unknown,Unknown,Unknown,Unknown,Unknown,Unknown,Unknown
SPIT01,40,6b,04C,0,120,0,2500,BM CONSIGNMENT SALES ACC,Sales,0.5,BM,Sales Rep,Unknown,West Cape,Western Cape,Unknown,Unknown
SPITCO,5,20a,ZZZ5,0,120,0,999999,Unknown,Unknown,,Unknown,Unknown,Unknown,Unknown,Unknown,Consignment,Channel: Consignment
SRAO01,4,1b,03,0,30,0,2000,BJ,Sales,0.5,BJ,Sales Rep,Unknown,Pretoria North/South/West,Gauteng,Unknown,Unknown
SROE01,30,7a,05,0,120,0,0,RL,Sales,0.5,RL,Sales Rep,Unknown,Gauteng N - Sandton,Gauteng,Unknown,Unknown
SROE02,1,9a,01,0,120,0,999999,HEAD OFFICE,Sales,0.0,HEAD OFFICE,Internal Sales,Unknown,Unknown,Unknown,House accounts,Internal: House Account
SROE05,32,7b,05,0,120,0,3500,RL,Sales,0.5,RL,Sales Rep,Unknown,Gauteng N - Randburg/Rivonia,Gauteng,Unknown,Unknown
SROE06,45,2a,06,0,120,0,3000,DA,Sales,0.0,DA,Sales Rep,Unknown,Vaal Triangle,Gauteng,Unknown,Unknown
SROEC1,5,20a,PROMO,0,120,0,999999,Unknown,Unknown,,Unknown,Unknown,Unknown,Unknown,Unknown,Consignment,Channel: Consignment
SROOOC,5,20a,CONS2,0,30,0,999999,CONSIGNMENTS DE,Gross Profit,0.5,CONSIGNMENT,Channel: Consignment,Unknown,Unknown,Unknown,Consignment,Channel: Consignment
SROS01,47,2c,06,0,120,0,5000,DA,Sales,0.0,DA,Sales Rep,Unknown,Potch / Krugersdorp / Kuruman,North West,Unknown,Unknown
SROS02,25,11b,06,0,120,0,5000,DA,Sales,0.0,DA,Sales Rep,Unknown,Ermelo / Piet Retief,Mpumalanga,Unknown,Unknown
SSEH01,47,2c,06,0,120,0,2000,DA,Sales,0.0,DA,Sales Rep,Unknown,Potch / Krugersdorp / Kuruman,North West,Unknown,Unknown
SUYO01,21,25b,ZZZ1,0,120,0,5000,Unknown,Unknown,,Unknown,Unknown,Unknown,Unknown,Unknown,Unknown,Unknown
SVII01,42,10b,02,0,120,0,3000,R,Sales,0.5,R,Sales Rep,Unknown,Midlands,KwaZulu-Natal,Unknown,Unknown
SVII02,31,8a,06,0,120,0,5000,DA,Sales,0.0,DA,Sales Rep,Unknown,Gauteng E - Alberton/Benoni/Kempton,Gauteng,Unknown,Unknown
SVII03,29,5a,06,0,120,0,3000,DA,Sales,0.0,DA,Sales Rep,Unknown,Botswana and Exports,Export,Exports incl Botswana,Channel: Export
SVII04,21,25b,ZZZ5,0,120,0,500,Unknown,Unknown,,Unknown,Unknown,Unknown,Unknown,Unknown,Unknown,Unknown
SVII05,29,5a,06,0,120,0,1500,DA,Sales,0.0,DA,Sales Rep,Unknown,Botswana and Exports,Export,Exports incl Botswana,Channel: Export
SVII06,21,25b,ZZZ5,0,120,0,2000,Unknown,Unknown,,Unknown,Unknown,Unknown,Unknown,Unknown,Unknown,Unknown
SVII07,43,3a,06,0,120,0,5000,DA,Sales,0.0,DA,Sales Rep,Unknown,Soweto/Lenasia,Gauteng,Unknown,Unknown
SVII09,30,7a,05,0,120,0,10000,RL,Sales,0.5,RL,Sales Rep,Unknown,Gauteng N - Sandton,Gauteng,Unknown,Unknown
SVII11,39,6a,04,0,120,0,2000,BM,Sales,0.5,BM,Sales Rep,Unknown,East Cape,Eastern Cape,Unknown,Unknown
SVII12,32,7b,05,0,120,0,1000,RL,Sales,0.5,RL,Sales Rep,Unknown,Gauteng N - Randburg/Rivonia,Gauteng,Unknown,Unknown
SVII13,46,2b,05,0,120,0,1000,RL,Sales,0.5,RL,Sales Rep,Unknown,Krugersdorp / Sun City,North West,Unknown,Unknown
SVII14,32,7b,05,0,120,0,5000,RL,Sales,0.5,RL,Sales Rep,Unknown,Gauteng N - Randburg/Rivonia,Gauteng,Unknown,Unknown
SVII15,32,7b,05,0,120,0,2000,RL,Sales,0.5,RL,Sales Rep,Unknown,Gauteng N - Randburg/Rivonia,Gauteng,Unknown,Unknown
SVII16,46,2b,05,0,120,0,1000,RL,Sales,0.5,RL,Sales Rep,Unknown,Krugersdorp / Sun City,North West,Unknown,Unknown
SVII17,41,10a,02,0,30,0,10000,R,Sales,0.5,R,Sales Rep,Unknown,Durban,KwaZulu-Natal,Unknown,Unknown
SVII18,39,6a,02,0,120,0,3000,R,Sales,0.5,R,Sales Rep,Unknown,East Cape,Eastern Cape,Unknown,Unknown
SVII19,32,7b,05,0,120,0,999999,RL,Sales,0.5,RL,Sales Rep,Unknown,Gauteng N - Randburg/Rivonia,Gauteng,Unknown,Unknown
SVIIC1,5,20a,STAND,0,30,0,999999,STAND-60PC CONSIGNMENT,Gross Profit,0.0,CONSIGNMENT_STANDS,Channel: Consignment,Unknown,Unknown,Unknown,Consignment,Channel: Consignment
SVIIC2,5,20a,CON2S,0,120,0,999999,CONSIGNMENT DE/STAND,Gross Profit,0.5,CONSIGNMENT,Channel: Consignment,Unknown,Unknown,Unknown,Consignment,Channel: Consignment
SVIIOC,5,20a,STAND,0,120,0,999999,STAND-60PC CONSIGNMENT,Gross Profit,0.0,CONSIGNMENT_STANDS,Channel: Consignment,Unknown,Unknown,Unknown,Consignment,Channel: Consignment
SVIISQ,5,20a,CONS5,0,60,0,999999,CONSIGNMENTS HO,Gross Profit,0.5,CONSIGNMENT,Channel: Consignment,Unknown,Unknown,Unknown,Consignment,Channel: Consignment
SVIIU1,5,20a,CONS5,0,30,0,999999,CONSIGNMENTS HO,Gross Profit,0.5,CONSIGNMENT,Channel: Consignment,Unknown,Unknown,Unknown,Consignment,Channel: Consignment
SVIS01,19,4b,03,0,120,0,2000,BJ,Sales,0.5,BJ,Sales Rep,Unknown,Nelspruit / Tzaneen,Mpumalanga,Unknown,Unknown
SVIT01,21,25b,ZZZ5,0,120,0,2000,Unknown,Unknown,,Unknown,Unknown,Unknown,Unknown,Unknown,Unknown,Unknown
SVIT02,21,25b,ZZZ5,0,120,0,500,Unknown,Unknown,,Unknown,Unknown,Unknown,Unknown,Unknown,Unknown,Unknown
SVIU01,42,10b,02,0,120,0,2000,R,Sales,0.5,R,Sales Rep,Unknown,Midlands,KwaZulu-Natal,Unknown,Unknown
SVIU02,41,10a,02,0,120,0,5000,R,Sales,0.5,R,Sales Rep,Unknown,Durban,KwaZulu-Natal,Unknown,Unknown
SVIU03,42,10b,02,0,120,0,4000,R,Sales,0.5,R,Sales Rep,Unknown,Midlands,KwaZulu-Natal,Unknown,Unknown
SVIU04,31,8a,06,0,120,0,5000,DA,Sales,0.0,DA,Sales Rep,Unknown,Gauteng E - Alberton/Benoni/Kempton,Gauteng,Unknown,Unknown
SVIU05,34,1e,03,0,30,0,2500,BJ,Sales,0.5,BJ,Sales Rep,Unknown,Witbank/Middelburg,Mpumalanga,Unknown,Unknown
SWET01,41,10a,02,0,120,0,20000,R,Sales,0.5,R,Sales Rep,Unknown,Durban,KwaZulu-Natal,Unknown,Unknown
SWET02,29,5a,06,0,120,0,1000,DA,Sales,0.0,DA,Sales Rep,Unknown,Botswana and Exports,Export,Exports incl Botswana,Channel: Export
SWET03,32,7b,05,0,120,0,999999,RL,Sales,0.5,RL,Sales Rep,Unknown,Gauteng N - Randburg/Rivonia,Gauteng,Unknown,Unknown
SWET04,41,10a,02,0,120,0,3000,R,Sales,0.5,R,Sales Rep,Unknown,Durban,KwaZulu-Natal,Unknown,Unknown
SWET05,21,25b,ZZZ1,0,120,0,0,Unknown,Unknown,,Unknown,Unknown,Unknown,Unknown,Unknown,Unknown,Unknown
SWET06,49,10a,02,0,120,0,999999,R,Sales,0.5,R,Sales Rep,Unknown,Durban,KwaZulu-Natal,Unknown,Unknown
SWETC1,21,25b,ZZZ5,0,30,0,999999,Unknown,Unknown,,Unknown,Unknown,Unknown,Unknown,Unknown,Unknown,Unknown
SWETC2,5,20a,01,0,120,0,999999,HEAD OFFICE,Sales,0.0,HEAD OFFICE,Internal Sales,Unknown,Unknown,Unknown,Consignment,Channel: Consignment
SWETC3,5,20a,CONS5,0,120,0,999999,CONSIGNMENTS HO,Gross Profit,0.5,CONSIGNMENT,Channel: Consignment,Unknown,Unknown,Unknown,Consignment,Channel: Consignment
SWETOC,21,25b,ZZZ5,0,30,0,999999,Unknown,Unknown,,Unknown,Unknown,Unknown,Unknown,Unknown,Unknown,Unknown
SWIE01,21,25b,ZZZ5,0,120,0,2000,Unknown,Unknown,,Unknown,Unknown,Unknown,Unknown,Unknown,Unknown,Unknown
SWIEC1,21,25b,ZZZ5,0,30,0,999999,Unknown,Unknown,,Unknown,Unknown,Unknown,Unknown,Unknown,Unknown,Unknown
SWIEOC,21,25b,ZZZ5,0,120,0,999999,Unknown,Unknown,,Unknown,Unknown,Unknown,Unknown,Unknown,Unknown,Unknown
SYSE01,31,8a,06,0,120,0,4000,DA,Sales,0.0,DA,Sales Rep,Unknown,Gauteng E - Alberton/Benoni/Kempton,Gauteng,Unknown,Unknown
SYSE02,21,25b,ZZZ5,0,120,5,7500,Unknown,Unknown,,Unknown,Unknown,Unknown,Unknown,Unknown,Unknown,Unknown
SYSE03,21,25b,ZZZ5,0,120,0,3000,Unknown,Unknown,,Unknown,Unknown,Unknown,Unknown,Unknown,Unknown,Unknown
SYSE04,33,1d,03,0,120,0,13000,BJ,Sales,0.5,BJ,Sales Rep,Unknown,Pretoria,Gauteng,Unknown,Unknown
SYSEOC,5,20a,CONS6,0,120,0,999999,CONSIGNMENTS DA,Gross Profit,0.5,CONSIGNMENT,Channel: Consignment,Unknown,Unknown,Unknown,Consignment,Channel: Consignment
TACI01,29,5a,06C,0,120,0,1500,DA CONSIGNMENT,Sales,0.5,DA,Sales Rep,Unknown,Botswana and Exports,Export,Exports incl Botswana,Channel: Export
TACIC1,5,20a,CONS6,0,120,0,999999,CONSIGNMENTS DA,Gross Profit,0.5,CONSIGNMENT,Channel: Consignment,Unknown,Unknown,Unknown,Consignment,Channel: Consignment
TACIC2,5,20a,CON6S,0,120,0,999999,CONSIGNMENT DA/STAND,Gross Profit,0.5,CONSIGNMENT,Channel: Consignment,Unknown,Unknown,Unknown,Consignment,Channel: Consignment
TBEH01,42,10b,02,0,120,0,12000,R,Sales,0.5,R,Sales Rep,Unknown,Midlands,KwaZulu-Natal,Unknown,Unknown
TBEHCO,5,20a,STAND,0,120,0,999999,STAND-60PC CONSIGNMENT,Gross Profit,0.0,CONSIGNMENT_STANDS,Channel: Consignment,Unknown,Unknown,Unknown,Consignment,Channel: Consignment
TBOH01,46,2b,05,0,120,0,2000,RL,Sales,0.5,RL,Sales Rep,Unknown,Krugersdorp / Sun City,North West,Unknown,Unknown
TBOH02,41,10a,02,0,120,0,5000,R,Sales,0.5,R,Sales Rep,Unknown,Durban,KwaZulu-Natal,Unknown,Unknown
TBOH03,37,11a,03,0,30,0,2000,BJ,Sales,0.5,BJ,Sales Rep,Unknown,Free State / Lesotho,Free State,Unknown,Unknown
TBOH04,40,6b,04,0,60,0,999999,BM,Sales,0.5,BM,Sales Rep,Unknown,West Cape,Western Cape,Unknown,Unknown
TBOJ01,32,7b,05C,0,120,0,2000,RL CONSIGNMENT SALES ACC,Sales,0.5,RL,Sales Rep,Unknown,Gauteng N - Randburg/Rivonia,Gauteng,Unknown,Unknown
TBOJC1,5,20a,CONS7,0,30,0,999999,Consignments LA,Sales,0.5,CONSIGNMENT,Channel: Consignment,Unknown,Unknown,Unknown,Consignment,Channel: Consignment
TBOJOC,21,25b,ZZZ5,0,120,0,999999,Unknown,Unknown,,Unknown,Unknown,Unknown,Unknown,Unknown,Unknown,Unknown
TBOS01,37,11a,03,0,120,0,0,BJ,Sales,0.5,BJ,Sales Rep,Unknown,Free State / Lesotho,Free State,Unknown,Unknown
TCIY01,14,3b,06,0,120,0,3000,DA,Sales,0.0,DA,Sales Rep,Unknown,Johannesburg CBD,Gauteng,Unknown,Unknown
TCIY02,14,3b,06,0,120,0,2000,DA,Sales,0.0,DA,Sales Rep,Unknown,Johannesburg CBD,Gauteng,Unknown,Unknown
TDAE01,31,8a,06,0,120,0,2500,DA,Sales,0.0,DA,Sales Rep,Unknown,Gauteng E - Alberton/Benoni/Kempton,Gauteng,Unknown,Unknown
TDUO01,32,7b,05,0,120,0,2000,RL,Sales,0.5,RL,Sales Rep,Unknown,Gauteng N - Randburg/Rivonia,Gauteng,Unknown,Unknown
TDUO02,21,25b,ZZZ5,0,120,0,500,Unknown,Unknown,,Unknown,Unknown,Unknown,Unknown,Unknown,Unknown,Unknown
TDUT01,39,6a,02,0,120,0,3000,R,Sales,0.5,R,Sales Rep,Unknown,East Cape,Eastern Cape,Unknown,Unknown
TESH01,32,7b,05,0,120,0,4000,RL,Sales,0.5,RL,Sales Rep,Unknown,Gauteng N - Randburg/Rivonia,Gauteng,Unknown,Unknown
TEXR01,21,25b,ZZZ5,0,120,0,6000,Unknown,Unknown,,Unknown,Unknown,Unknown,Unknown,Unknown,Unknown,Unknown
TEXR02,1,9a,ZZZ5,0,60,0,999999,Unknown,Unknown,,Unknown,Unknown,Unknown,Unknown,Unknown,House accounts,Internal: House Account
TGAE01,40,6b,04,0,120,0,1000,BM,Sales,0.5,BM,Sales Rep,Unknown,West Cape,Western Cape,Unknown,Unknown
TGAE02,21,25b,ZZZ5,0,120,0,4000,Unknown,Unknown,,Unknown,Unknown,Unknown,Unknown,Unknown,Unknown,Unknown
TGOZ01,21,25b,ZZZ5,0,120,0,0,Unknown,Unknown,,Unknown,Unknown,Unknown,Unknown,Unknown,Unknown,Unknown
TINO01,21,25b,ZZZ5,0,120,0,5000,Unknown,Unknown,,Unknown,Unknown,Unknown,Unknown,Unknown,Unknown,Unknown
TINOOC,5,20a,CONS6,0,120,0,999999,CONSIGNMENTS DA,Gross Profit,0.5,CONSIGNMENT,Channel: Consignment,Unknown,Unknown,Unknown,Consignment,Channel: Consignment
TINR01,40,6b,04,0,30,18,20000,BM,Sales,0.5,BM,Sales Rep,Unknown,West Cape,Western Cape,Unknown,Unknown
TINRC1,5,20a,CON4S,0,120,0,999999,CONSIGNMENT BM/STAND,Gross Profit,0.5,CONSIGNMENT,Channel: Consignment,Unknown,Unknown,Unknown,Consignment,Channel: Consignment
TINRC2,5,20a,CONS4,0,120,0,999999,CONSIGNMENTS BM,Gross Profit,0.5,CONSIGNMENT,Channel: Consignment,Unknown,Unknown,Unknown,Consignment,Channel: Consignment
TJIH01,21,25b,ZZZ5,0,120,0,2000,Unknown,Unknown,,Unknown,Unknown,Unknown,Unknown,Unknown,Unknown,Unknown
TKAH01,41,10a,02,0,120,0,2500,R,Sales,0.5,R,Sales Rep,Unknown,Durban,KwaZulu-Natal,Unknown,Unknown
TKAZC1,1,9a,01,0,120,0,999999,HEAD OFFICE,Sales,0.0,HEAD OFFICE,Internal Sales,Unknown,Unknown,Unknown,House accounts,Internal: House Account
TKOZ01,21,25b,ZZZ2,0,120,0,10000,Unknown,Unknown,,Unknown,Unknown,Unknown,Unknown,Unknown,Unknown,Unknown
TLAI01,21,25b,ZZZ5,0,120,0,5000,Unknown,Unknown,,Unknown,Unknown,Unknown,Unknown,Unknown,Unknown,Unknown
TLES03,18,4a,06,0,120,0,1500,DA,Sales,0.0,DA,Sales Rep,Unknown,Pietersburg / Potgietersrus,Limpopo,Unknown,Unknown
TLIE01,21,25b,ZZZ5,0,120,0,3000,Unknown,Unknown,,Unknown,Unknown,Unknown,Unknown,Unknown,Unknown,Unknown
TLOT01,19,4b,03,0,120,0,15000,BJ,Sales,0.5,BJ,Sales Rep,Unknown,Nelspruit / Tzaneen,Mpumalanga,Unknown,Unknown
TLOU01,14,3b,06,0,120,0,30000,DA,Sales,0.0,DA,Sales Rep,Unknown,Johannesburg CBD,Gauteng,Unknown,Unknown
TLOU02,20,25a,ZZZ2,0,120,0,5000,Unknown,Unknown,,Unknown,Unknown,Unknown,Unknown,Unknown,Unknown,Unknown
TLUC01,49,10a,02,0,120,0,2000,R,Sales,0.5,R,Sales Rep,Unknown,Durban,KwaZulu-Natal,Unknown,Unknown
TMAE01,21,25b,ZZZ5,0,120,0,3000,Unknown,Unknown,,Unknown,Unknown,Unknown,Unknown,Unknown,Unknown,Unknown
TMAE02,30,7a,05,0,120,0,2000,RL,Sales,0.5,RL,Sales Rep,Unknown,Gauteng N - Sandton,Gauteng,Unknown,Unknown
TMAH01,34,1e,03,0,120,0,2000,BJ,Sales,0.5,BJ,Sales Rep,Unknown,Witbank/Middelburg,Mpumalanga,Unknown,Unknown
TMAH02,21,25b,ZZZ5,0,30,0,999999,Unknown,Unknown,,Unknown,Unknown,Unknown,Unknown,Unknown,Unknown,Unknown
TMAH03,25,11b,02,0,120,0,2000,R,Sales,0.5,R,Sales Rep,Unknown,Ermelo / Piet Retief,Mpumalanga,Unknown,Unknown
TMAH04,20,25a,ZZZP,0,120,0,2000,Unknown,Unknown,,Unknown,Unknown,Unknown,Unknown,Unknown,Unknown,Unknown
TMAL01,4,1b,03,0,120,0,10000,BJ,Sales,0.5,BJ,Sales Rep,Unknown,Pretoria North/South/West,Gauteng,Unknown,Unknown
TMAL02,42,10b,02,0,120,0,5000,R,Sales,0.5,R,Sales Rep,Unknown,Midlands,KwaZulu-Natal,Unknown,Unknown
TMAL03,31,8a,06,0,120,0,2500,DA,Sales,0.0,DA,Sales Rep,Unknown,Gauteng E - Alberton/Benoni/Kempton,Gauteng,Unknown,Unknown
TMAL04,30,7a,05,0,120,0,3000,RL,Sales,0.5,RL,Sales Rep,Unknown,Gauteng N - Sandton,Gauteng,Unknown,Unknown
TMALOC,5,20a,STAND,0,120,0,999999,STAND-60PC CONSIGNMENT,Gross Profit,0.0,CONSIGNMENT_STANDS,Channel: Consignment,Unknown,Unknown,Unknown,Consignment,Channel: Consignment
TMAO01,20,25a,CITC,0,120,0,3000,C-  ITC,Sales,0.5,Unknown,Unclassified_Missing_Data,Unknown,Unknown,Unknown,Unknown,Unknown
TMAS01,47,2c,06,0,30,0,999999,DA,Sales,0.0,DA,Sales Rep,Unknown,Potch / Krugersdorp / Kuruman,North West,Unknown,Unknown
TMAS02,21,25b,ZZZ5,0,120,0,5000,Unknown,Unknown,,Unknown,Unknown,Unknown,Unknown,Unknown,Unknown,Unknown
TMAS03,28,5b,06,0,30,0,0,DA,Sales,0.0,DA,Sales Rep,Unknown,Unknown,Unknown,Botswana trip excl Exports,Channel: Export
TMAT01,32,7b,05,0,120,0,1500,RL,Sales,0.5,RL,Sales Rep,Unknown,Gauteng N - Randburg/Rivonia,Gauteng,Unknown,Unknown
TMES01,20,25a,ZZZ4,0,120,0,3000,Unknown,Unknown,,Unknown,Unknown,Unknown,Unknown,Unknown,Unknown,Unknown
TMNU01,21,25b,ZZZ5,0,120,0,3000,Unknown,Unknown,,Unknown,Unknown,Unknown,Unknown,Unknown,Unknown,Unknown
TMOA01,41,10a,02,0,120,0,5000,R,Sales,0.5,R,Sales Rep,Unknown,Durban,KwaZulu-Natal,Unknown,Unknown
TMOA02,18,4a,06,0,120,0,4000,DA,Sales,0.0,DA,Sales Rep,Unknown,Pietersburg / Potgietersrus,Limpopo,Unknown,Unknown
TMOA03,43,3a,06,0,120,0,2500,DA,Sales,0.0,DA,Sales Rep,Unknown,Soweto/Lenasia,Gauteng,Unknown,Unknown
TMOAOC,5,20a,CONS6,0,30,0,999999,CONSIGNMENTS DA,Gross Profit,0.5,CONSIGNMENT,Channel: Consignment,Unknown,Unknown,Unknown,Consignment,Channel: Consignment
TMOH01,45,2a,06,0,120,0,4000,DA,Sales,0.0,DA,Sales Rep,Unknown,Vaal Triangle,Gauteng,Unknown,Unknown
TMOS01,46,2b,05,0,120,0,2000,RL,Sales,0.5,RL,Sales Rep,Unknown,Krugersdorp / Sun City,North West,Unknown,Unknown
TMOS02,45,2a,06,0,120,0,0,DA,Sales,0.0,DA,Sales Rep,Unknown,Vaal Triangle,Gauteng,Unknown,Unknown
TMOS03,19,4b,06,0,120,0,2000,DA,Sales,0.0,DA,Sales Rep,Unknown,Nelspruit / Tzaneen,Mpumalanga,Unknown,Unknown
TMUH01,39,6a,04C,0,120,0,5000,BM CONSIGNMENT SALES ACC,Sales,0.5,BM,Sales Rep,Unknown,East Cape,Eastern Cape,Unknown,Unknown
TMUHC1,5,20a,CONS4,0,120,0,999999,CONSIGNMENTS BM,Gross Profit,0.5,CONSIGNMENT,Channel: Consignment,Unknown,Unknown,Unknown,Consignment,Channel: Consignment
TMUU01,41,10a,02,0,120,0,5000,R,Sales,0.5,R,Sales Rep,Unknown,Durban,KwaZulu-Natal,Unknown,Unknown
TNAH02,14,3b,06,0,120,0,2500,DA,Sales,0.0,DA,Sales Rep,Unknown,Johannesburg CBD,Gauteng,Unknown,Unknown
TNAH03,31,8a,06,0,120,0,2500,DA,Sales,0.0,DA,Sales Rep,Unknown,Gauteng E - Alberton/Benoni/Kempton,Gauteng,Unknown,Unknown
TNAH06,20,25a,ZZZ2,0,120,0,10000,Unknown,Unknown,,Unknown,Unknown,Unknown,Unknown,Unknown,Unknown,Unknown
TNAH10,36,7c,05,0,30,0,10000,RL,Sales,0.5,RL,Sales Rep,Unknown,Gauteng N - Eastgate/Norwood/Midrand,Gauteng,Unknown,Unknown
TNAHC1,21,25b,ZZZ5,0,120,0,999999,Unknown,Unknown,,Unknown,Unknown,Unknown,Unknown,Unknown,Unknown,Unknown
TNAHC2,5,20a,CON2S,0,120,0,999999,CONSIGNMENT DE/STAND,Gross Profit,0.5,CONSIGNMENT,Channel: Consignment,Unknown,Unknown,Unknown,Consignment,Channel: Consignment
TNAHOC,5,20a,STAN2,0,120,0,999999,STANDS- 30 PC CONSIGNMENT,Gross Profit,0.0,CONSIGNMENT_STANDS,Channel: Consignment,Unknown,Unknown,Unknown,Consignment,Channel: Consignment
TNAI01,20,25a,ZZZ4,0,120,0,0,Unknown,Unknown,,Unknown,Unknown,Unknown,Unknown,Unknown,Unknown,Unknown
TNAI02,41,10a,02,0,120,0,999999,R,Sales,0.5,R,Sales Rep,Unknown,Durban,KwaZulu-Natal,Unknown,Unknown
TNES01,20,25a,CITC,0,120,0,1500,C-  ITC,Sales,0.5,Unknown,Unclassified_Missing_Data,Unknown,Unknown,Unknown,Unknown,Unknown
TNES02,20,25a,CITC,0,120,0,1500,C-  ITC,Sales,0.5,Unknown,Unclassified_Missing_Data,Unknown,Unknown,Unknown,Unknown,Unknown
TNET01,39,6a,04,0,120,0,3000,BM,Sales,0.5,BM,Sales Rep,Unknown,East Cape,Eastern Cape,Unknown,Unknown
TNETOC,5,20a,CONS4,0,30,0,999999,CONSIGNMENTS BM,Gross Profit,0.5,CONSIGNMENT,Channel: Consignment,Unknown,Unknown,Unknown,Consignment,Channel: Consignment
TNOW01,29,5a,06,0,120,0,10000,DA,Sales,0.0,DA,Sales Rep,Unknown,Botswana and Exports,Export,Exports incl Botswana,Channel: Export
TNUW01,40,6b,04,0,120,0,2000,BM,Sales,0.5,BM,Sales Rep,Unknown,West Cape,Western Cape,Unknown,Unknown
TOPBOT,5,20a,CON6S,0,120,0,999999,CONSIGNMENT DA/STAND,Gross Profit,0.5,CONSIGNMENT,Channel: Consignment,Unknown,Unknown,Unknown,Consignment,Channel: Consignment
TOPC10,5,20a,CONS2,0,120,0,999999,CONSIGNMENTS DE,Gross Profit,0.5,CONSIGNMENT,Channel: Consignment,Unknown,Unknown,Unknown,Consignment,Channel: Consignment
TOPC11,21,25b,ZZZ5,0,120,0,999999,Unknown,Unknown,,Unknown,Unknown,Unknown,Unknown,Unknown,Unknown,Unknown
TOPC12,21,25b,CON2S,0,120,0,999999,CONSIGNMENT DE/STAND,Gross Profit,0.5,CONSIGNMENT,Channel: Consignment,Unknown,Unknown,Unknown,Unknown,Unknown
TOPC13,5,20a,CON6S,0,120,0,999999,CONSIGNMENT DA/STAND,Gross Profit,0.5,CONSIGNMENT,Channel: Consignment,Unknown,Unknown,Unknown,Consignment,Channel: Consignment
TOPC14,21,25b,ZZZ5,0,120,0,999999,Unknown,Unknown,,Unknown,Unknown,Unknown,Unknown,Unknown,Unknown,Unknown
TOPCC1,21,25b,ZZZ5,0,30,0,999999,Unknown,Unknown,,Unknown,Unknown,Unknown,Unknown,Unknown,Unknown,Unknown
TOPCC2,21,25b,ZZZ5,0,30,0,999999,Unknown,Unknown,,Unknown,Unknown,Unknown,Unknown,Unknown,Unknown,Unknown
TOPCC3,21,25b,ZZZ5,0,120,0,999999,Unknown,Unknown,,Unknown,Unknown,Unknown,Unknown,Unknown,Unknown,Unknown
TOPCC4,5,20a,CONS6,0,120,0,999999,CONSIGNMENTS DA,Gross Profit,0.5,CONSIGNMENT,Channel: Consignment,Unknown,Unknown,Unknown,Consignment,Channel: Consignment
TOPFCS,5,20a,CONS5,0,30,0,999999,CONSIGNMENTS HO,Gross Profit,0.5,CONSIGNMENT,Channel: Consignment,Unknown,Unknown,Unknown,Consignment,Channel: Consignment
TOPI01,40,6b,04,0,120,0,3000,BM,Sales,0.5,BM,Sales Rep,Unknown,West Cape,Western Cape,Unknown,Unknown
TOPI02,29,5a,06,0,120,0,4000,DA,Sales,0.0,DA,Sales Rep,Unknown,Botswana and Exports,Export,Exports incl Botswana,Channel: Export
TOPI03,39,6a,04,0,120,0,12000,BM,Sales,0.5,BM,Sales Rep,Unknown,East Cape,Eastern Cape,Unknown,Unknown
TOPI04,21,25b,ZZZ5,0,120,0,500,Unknown,Unknown,,Unknown,Unknown,Unknown,Unknown,Unknown,Unknown,Unknown
TOPI05,21,25b,ZZZ5,0,120,0,2000,Unknown,Unknown,,Unknown,Unknown,Unknown,Unknown,Unknown,Unknown,Unknown
TOPI06,41,10a,02,0,120,0,12000,R,Sales,0.5,R,Sales Rep,Unknown,Durban,KwaZulu-Natal,Unknown,Unknown
TOPI07,29,5a,01EXP,0,120,0,0,EXPORTS,Gross Profit,0.5,EXPORTS,Channel: Export,Unknown,Botswana and Exports,Export,Exports incl Botswana,Channel: Export
TOPI08,21,25b,ZZZ5,0,120,0,2000,Unknown,Unknown,,Unknown,Unknown,Unknown,Unknown,Unknown,Unknown,Unknown
TOPI09,21,25b,ZZZ5,0,120,0,1000,Unknown,Unknown,,Unknown,Unknown,Unknown,Unknown,Unknown,Unknown,Unknown
TOPI10,29,5a,06,0,120,0,30000,DA,Sales,0.0,DA,Sales Rep,Unknown,Botswana and Exports,Export,Exports incl Botswana,Channel: Export
TOPI11,29,5a,01EXP,0,120,0,5000,EXPORTS,Gross Profit,0.5,EXPORTS,Channel: Export,Unknown,Botswana and Exports,Export,Exports incl Botswana,Channel: Export
TOPI12,29,5a,06,0,120,0,1500,DA,Sales,0.0,DA,Sales Rep,Unknown,Botswana and Exports,Export,Exports incl Botswana,Channel: Export
TOPI13,30,7a,05C,0,120,0,10000,RL CONSIGNMENT SALES ACC,Sales,0.5,RL,Sales Rep,Unknown,Gauteng N - Sandton,Gauteng,Unknown,Unknown
TOPI14,29,5a,06,0,120,0,30000,DA,Sales,0.0,DA,Sales Rep,Unknown,Botswana and Exports,Export,Exports incl Botswana,Channel: Export
TOPI15,30,7a,05,0,120,0,20000,RL,Sales,0.5,RL,Sales Rep,Unknown,Gauteng N - Sandton,Gauteng,Unknown,Unknown
TOPI16,40,6b,04,0,120,0,2000,BM,Sales,0.5,BM,Sales Rep,Unknown,West Cape,Western Cape,Unknown,Unknown
TOPI17,39,6a,04,0,120,0,5000,BM,Sales,0.5,BM,Sales Rep,Unknown,East Cape,Eastern Cape,Unknown,Unknown
TOPI18,40,6b,04,0,120,0,2000,BM,Sales,0.5,BM,Sales Rep,Unknown,West Cape,Western Cape,Unknown,Unknown
TOPI19,40,6b,04,0,120,0,2000,BM,Sales,0.5,BM,Sales Rep,Unknown,West Cape,Western Cape,Unknown,Unknown
TOPI20,40,6b,04,0,120,0,2000,BM,Sales,0.5,BM,Sales Rep,Unknown,West Cape,Western Cape,Unknown,Unknown
TOPI21,41,10a,02,0,120,0,1000,R,Sales,0.5,R,Sales Rep,Unknown,Durban,KwaZulu-Natal,Unknown,Unknown
TOPI22,21,25b,ZZZ5,0,120,0,500,Unknown,Unknown,,Unknown,Unknown,Unknown,Unknown,Unknown,Unknown,Unknown
TOPI23,20,25a,ZZZ2,0,120,0,0,Unknown,Unknown,,Unknown,Unknown,Unknown,Unknown,Unknown,Unknown,Unknown
TOPI24,31,8a,05,0,120,0,5000,RL,Sales,0.5,RL,Sales Rep,Unknown,Gauteng E - Alberton/Benoni/Kempton,Gauteng,Unknown,Unknown
TOPI25,36,7c,05,0,120,0,4000,RL,Sales,0.5,RL,Sales Rep,Unknown,Gauteng N - Eastgate/Norwood/Midrand,Gauteng,Unknown,Unknown
TOPI26,21,25b,ZZZ5,0,120,0,2500,Unknown,Unknown,,Unknown,Unknown,Unknown,Unknown,Unknown,Unknown,Unknown
TOPI27,21,25b,ZZZ5,0,120,0,2000,Unknown,Unknown,,Unknown,Unknown,Unknown,Unknown,Unknown,Unknown,Unknown
TOPI28,21,25b,ZZZ5,0,120,0,1000,Unknown,Unknown,,Unknown,Unknown,Unknown,Unknown,Unknown,Unknown,Unknown
TOPI29,46,2b,05,0,120,0,2000,RL,Sales,0.5,RL,Sales Rep,Unknown,Krugersdorp / Sun City,North West,Unknown,Unknown
TOPI30,20,25a,ZZZ4,0,120,0,2000,Unknown,Unknown,,Unknown,Unknown,Unknown,Unknown,Unknown,Unknown,Unknown
TOPI31,21,25b,ZZZ5,0,120,0,2000,Unknown,Unknown,,Unknown,Unknown,Unknown,Unknown,Unknown,Unknown,Unknown
TOPI32,39,6a,02,0,120,0,2000,R,Sales,0.5,R,Sales Rep,Unknown,East Cape,Eastern Cape,Unknown,Unknown
TOPI33,31,8a,06,0,120,0,2500,DA,Sales,0.0,DA,Sales Rep,Unknown,Gauteng E - Alberton/Benoni/Kempton,Gauteng,Unknown,Unknown
TOPI34,30,7a,05,0,120,0,6000,RL,Sales,0.5,RL,Sales Rep,Unknown,Gauteng N - Sandton,Gauteng,Unknown,Unknown
TOPI44,45,2a,06,0,120,0,2000,DA,Sales,0.0,DA,Sales Rep,Unknown,Vaal Triangle,Gauteng,Unknown,Unknown
TOPI45,21,25b,ZZZ5,0,120,0,3000,Unknown,Unknown,,Unknown,Unknown,Unknown,Unknown,Unknown,Unknown,Unknown
TOPI46,19,4b,03,0,120,0,10000,BJ,Sales,0.5,BJ,Sales Rep,Unknown,Nelspruit / Tzaneen,Mpumalanga,Unknown,Unknown
TOPI47,21,25b,ZZZ,0,120,0,3000,Unknown,Unknown,,Unknown,Unknown,Unknown,Unknown,Unknown,Unknown,Unknown
TOPI48,33,1d,03,0,120,0,5000,BJ,Sales,0.5,BJ,Sales Rep,Unknown,Pretoria,Gauteng,Unknown,Unknown
TOPI49,32,7b,05,0,120,0,1000,RL,Sales,0.5,RL,Sales Rep,Unknown,Gauteng N - Randburg/Rivonia,Gauteng,Unknown,Unknown
TOPI50,19,4b,03,0,120,0,2000,BJ,Sales,0.5,BJ,Sales Rep,Unknown,Nelspruit / Tzaneen,Mpumalanga,Unknown,Unknown
TOPI51,32,7b,05,0,120,0,1000,RL,Sales,0.5,RL,Sales Rep,Unknown,Gauteng N - Randburg/Rivonia,Gauteng,Unknown,Unknown
TOPI52,40,6b,04,0,120,0,500,BM,Sales,0.5,BM,Sales Rep,Unknown,West Cape,Western Cape,Unknown,Unknown
TOPI53,31,8a,05,0,120,0,1000,RL,Sales,0.5,RL,Sales Rep,Unknown,Gauteng E - Alberton/Benoni/Kempton,Gauteng,Unknown,Unknown
TOPI54,49,10a,02,0,120,0,3000,R,Sales,0.5,R,Sales Rep,Unknown,Durban,KwaZulu-Natal,Unknown,Unknown
TOPI55,31,8a,06,0,120,0,2000,DA,Sales,0.0,DA,Sales Rep,Unknown,Gauteng E - Alberton/Benoni/Kempton,Gauteng,Unknown,Unknown
TOPI56,39,6a,02,0,120,0,0,R,Sales,0.5,R,Sales Rep,Unknown,East Cape,Eastern Cape,Unknown,Unknown
TOPI57,21,25b,ZZZ5,0,120,0,999999,Unknown,Unknown,,Unknown,Unknown,Unknown,Unknown,Unknown,Unknown,Unknown
TOPI58,14,3b,06,0,120,0,20000,DA,Sales,0.0,DA,Sales Rep,Unknown,Johannesburg CBD,Gauteng,Unknown,Unknown
TOPI59,31,8a,06C,0,120,0,1500,DA CONSIGNMENT,Sales,0.5,DA,Sales Rep,Unknown,Gauteng E - Alberton/Benoni/Kempton,Gauteng,Unknown,Unknown
TOPI60,47,2c,06,0,120,0,5000,DA,Sales,0.0,DA,Sales Rep,Unknown,Potch / Krugersdorp / Kuruman,North West,Unknown,Unknown
TOPI61,32,7b,05,0,120,0,5000,RL,Sales,0.5,RL,Sales Rep,Unknown,Gauteng N - Randburg/Rivonia,Gauteng,Unknown,Unknown
TOPI62,37,11a,03,0,120,0,20000,BJ,Sales,0.5,BJ,Sales Rep,Unknown,Free State / Lesotho,Free State,Unknown,Unknown
TOPI63,14,3b,06,0,30,0,999999,DA,Sales,0.0,DA,Sales Rep,Unknown,Johannesburg CBD,Gauteng,Unknown,Unknown
TOPI64,30,7a,05,0,120,0,999999,RL,Sales,0.5,RL,Sales Rep,Unknown,Gauteng N - Sandton,Gauteng,Unknown,Unknown
TOPI65,25,11b,06,0,120,0,999999,DA,Sales,0.0,DA,Sales Rep,Unknown,Ermelo / Piet Retief,Mpumalanga,Unknown,Unknown
TOPI66,34,1e,03,0,120,0,999999,BJ,Sales,0.5,BJ,Sales Rep,Unknown,Witbank/Middelburg,Mpumalanga,Unknown,Unknown
TOPIC1,5,20a,STAND,0,120,0,999999,STAND-60PC CONSIGNMENT,Gross Profit,0.0,CONSIGNMENT_STANDS,Channel: Consignment,Unknown,Unknown,Unknown,Consignment,Channel: Consignment
TOPIC2,5,20a,CONS5,0,30,0,999999,CONSIGNMENTS HO,Gross Profit,0.5,CONSIGNMENT,Channel: Consignment,Unknown,Unknown,Unknown,Consignment,Channel: Consignment
TOPIC3,5,20a,CONS7,0,120,0,999999,Consignments LA,Sales,0.5,CONSIGNMENT,Channel: Consignment,Unknown,Unknown,Unknown,Consignment,Channel: Consignment
TOPIC4,21,25b,ZZZ5,0,120,0,999999,Unknown,Unknown,,Unknown,Unknown,Unknown,Unknown,Unknown,Unknown,Unknown
TOPIC5,21,25b,ZZZ5,0,120,0,999999,Unknown,Unknown,,Unknown,Unknown,Unknown,Unknown,Unknown,Unknown,Unknown
TOPIC6,5,20a,CONS6,0,120,0,999999,CONSIGNMENTS DA,Gross Profit,0.5,CONSIGNMENT,Channel: Consignment,Unknown,Unknown,Unknown,Consignment,Channel: Consignment
TOPIC7,5,20a,CONS2,0,30,0,999999,CONSIGNMENTS DE,Gross Profit,0.5,CONSIGNMENT,Channel: Consignment,Unknown,Unknown,Unknown,Consignment,Channel: Consignment
TOPIC8,21,25b,ZZZ5,0,120,0,999999,Unknown,Unknown,,Unknown,Unknown,Unknown,Unknown,Unknown,Unknown,Unknown
TOPIC9,21,25b,ZZZ5,0,120,0,999999,Unknown,Unknown,,Unknown,Unknown,Unknown,Unknown,Unknown,Unknown,Unknown
TOPICC,5,20a,CONS3,0,30,0,999999,CONSIGNMENTS BJ,Gross Profit,0.5,CONSIGNMENT,Channel: Consignment,Unknown,Unknown,Unknown,Consignment,Channel: Consignment
TOPICO,5,20a,CONS5,0,30,0,999999,CONSIGNMENTS HO,Gross Profit,0.5,CONSIGNMENT,Channel: Consignment,Unknown,Unknown,Unknown,Consignment,Channel: Consignment
TOPIKC,5,20a,01EXP,0,30,0,999999,EXPORTS,Gross Profit,0.5,EXPORTS,Channel: Export,Unknown,Unknown,Unknown,Consignment,Channel: Consignment
TOPIOC,21,25b,ZZZ5,0,30,0,999999,Unknown,Unknown,,Unknown,Unknown,Unknown,Unknown,Unknown,Unknown,Unknown
TOPIVN,5,20a,CONS5,0,30,0,999999,CONSIGNMENTS HO,Gross Profit,0.5,CONSIGNMENT,Channel: Consignment,Unknown,Unknown,Unknown,Consignment,Channel: Consignment
TOPO01,40,6b,04C,0,120,0,5000,BM CONSIGNMENT SALES ACC,Sales,0.5,BM,Sales Rep,Unknown,West Cape,Western Cape,Unknown,Unknown
TOPO02,25,11b,06,0,120,0,50000,DA,Sales,0.0,DA,Sales Rep,Unknown,Ermelo / Piet Retief,Mpumalanga,Unknown,Unknown
TOPOC1,5,20a,CONS4,0,30,0,999999,CONSIGNMENTS BM,Gross Profit,0.5,CONSIGNMENT,Channel: Consignment,Unknown,Unknown,Unknown,Consignment,Channel: Consignment
TOPOOC,5,20a,CON4S,0,30,0,999999,CONSIGNMENT BM/STAND,Gross Profit,0.5,CONSIGNMENT,Channel: Consignment,Unknown,Unknown,Unknown,Consignment,Channel: Consignment
TPAE01,37,11a,03,0,120,0,5000,BJ,Sales,0.5,BJ,Sales Rep,Unknown,Free State / Lesotho,Free State,Unknown,Unknown
TPAE02,40,6b,04,0,120,0,2000,BM,Sales,0.5,BM,Sales Rep,Unknown,West Cape,Western Cape,Unknown,Unknown
TPAE03,14,3b,06,0,120,0,4000,DA,Sales,0.0,DA,Sales Rep,Unknown,Johannesburg CBD,Gauteng,Unknown,Unknown
TPAE04,49,10a,02,0,120,0,3000,R,Sales,0.5,R,Sales Rep,Unknown,Durban,KwaZulu-Natal,Unknown,Unknown
TPAE05,43,3a,06,0,120,0,3000,DA,Sales,0.0,DA,Sales Rep,Unknown,Soweto/Lenasia,Gauteng,Unknown,Unknown
TPAE06,14,3b,06,0,120,0,999999,DA,Sales,0.0,DA,Sales Rep,Unknown,Johannesburg CBD,Gauteng,Unknown,Unknown
TPAEC1,5,20a,CON6S,0,120,0,999999,CONSIGNMENT DA/STAND,Gross Profit,0.5,CONSIGNMENT,Channel: Consignment,Unknown,Unknown,Unknown,Consignment,Channel: Consignment
TPAH01,49,10a,02,0,120,0,3000,R,Sales,0.5,R,Sales Rep,Unknown,Durban,KwaZulu-Natal,Unknown,Unknown
TPAH02,49,10a,02,0,120,0,1500,R,Sales,0.5,R,Sales Rep,Unknown,Durban,KwaZulu-Natal,Unknown,Unknown
TPEA01,21,25b,ZZZ5,0,120,0,7000,Unknown,Unknown,,Unknown,Unknown,Unknown,Unknown,Unknown,Unknown,Unknown
TPOG01,37,11a,03,0,120,0,4000,BJ,Sales,0.5,BJ,Sales Rep,Unknown,Free State / Lesotho,Free State,Unknown,Unknown
TPOG02,39,6a,04,0,120,0,5000,BM,Sales,0.5,BM,Sales Rep,Unknown,East Cape,Eastern Cape,Unknown,Unknown
TREI01,34,1e,03,0,120,0,5000,BJ,Sales,0.5,BJ,Sales Rep,Unknown,Witbank/Middelburg,Mpumalanga,Unknown,Unknown
TRER01,40,6b,04,0,120,0,1000,BM,Sales,0.5,BM,Sales Rep,Unknown,West Cape,Western Cape,Unknown,Unknown
TRIE01,21,25b,ZZZ5,0,120,0,1000,Unknown,Unknown,,Unknown,Unknown,Unknown,Unknown,Unknown,Unknown,Unknown
TRUH01,33,1d,03,0,120,0,5000,BJ,Sales,0.5,BJ,Sales Rep,Unknown,Pretoria,Gauteng,Unknown,Unknown
TRUT01,32,7b,05,0,120,0,2500,RL,Sales,0.5,RL,Sales Rep,Unknown,Gauteng N - Randburg/Rivonia,Gauteng,Unknown,Unknown
TSEL01,18,4a,06,0,120,0,5000,DA,Sales,0.0,DA,Sales Rep,Unknown,Pietersburg / Potgietersrus,Limpopo,Unknown,Unknown
TSIH01,21,25b,ZZZ5,0,120,0,0,Unknown,Unknown,,Unknown,Unknown,Unknown,Unknown,Unknown,Unknown,Unknown
TSUT01,46,2b,05,0,120,0,7500,RL,Sales,0.5,RL,Sales Rep,Unknown,Krugersdorp / Sun City,North West,Unknown,Unknown
TSUTOC,21,25b,ZZZ5,0,120,0,999999,Unknown,Unknown,,Unknown,Unknown,Unknown,Unknown,Unknown,Unknown,Unknown
TWAE01,21,25b,ZZZ5,0,120,0,5000,Unknown,Unknown,,Unknown,Unknown,Unknown,Unknown,Unknown,Unknown,Unknown
TWAE02,16,1c,03,0,120,0,6000,BJ,Sales,0.5,BJ,Sales Rep,Unknown,Pretoria East,Gauteng,Unknown,Unknown
TWAEC1,5,20a,ZZZ5,0,30,0,999999,Unknown,Unknown,,Unknown,Unknown,Unknown,Unknown,Unknown,Consignment,Channel: Consignment
TWAEOC,21,25b,ZZZ5,0,30,0,999999,Unknown,Unknown,,Unknown,Unknown,Unknown,Unknown,Unknown,Unknown,Unknown
TWEZ01,21,25b,ZZZ5,0,120,0,500,Unknown,Unknown,,Unknown,Unknown,Unknown,Unknown,Unknown,Unknown,Unknown
TWIB01,34,1e,03,0,120,0,2000,BJ,Sales,0.5,BJ,Sales Rep,Unknown,Witbank/Middelburg,Mpumalanga,Unknown,Unknown
TWIB02,34,1e,03,0,120,0,2000,BJ,Sales,0.5,BJ,Sales Rep,Unknown,Witbank/Middelburg,Mpumalanga,Unknown,Unknown
TWIBC1,5,20a,CON3S,0,120,0,999999,CONSIGNMENT BJ/STAND,Gross Profit,0.5,CONSIGNMENT,Channel: Consignment,Unknown,Unknown,Unknown,Consignment,Channel: Consignment
TWIBC2,5,20a,CONS3,0,120,0,999999,CONSIGNMENTS BJ,Gross Profit,0.5,CONSIGNMENT,Channel: Consignment,Unknown,Unknown,Unknown,Consignment,Channel: Consignment
TWIT01,30,7a,05,0,120,0,0,RL,Sales,0.5,RL,Sales Rep,Unknown,Gauteng N - Sandton,Gauteng,Unknown,Unknown
TZIH01,34,1e,03,0,60,0,999999,BJ,Sales,0.5,BJ,Sales Rep,Unknown,Witbank/Middelburg,Mpumalanga,Unknown,Unknown
TZIU01,37,11a,03,0,120,0,5000,BJ,Sales,0.5,BJ,Sales Rep,Unknown,Free State / Lesotho,Free State,Unknown,Unknown
UBAE01,40,6b,04C,0,120,0,5000,BM CONSIGNMENT SALES ACC,Sales,0.5,BM,Sales Rep,Unknown,West Cape,Western Cape,Unknown,Unknown
UBAE02,39,6a,04,0,120,0,0,BM,Sales,0.5,BM,Sales Rep,Unknown,East Cape,Eastern Cape,Unknown,Unknown
UBAEOC,5,20a,ZZZ5,0,120,0,999999,Unknown,Unknown,,Unknown,Unknown,Unknown,Unknown,Unknown,Consignment,Channel: Consignment
UBLF01,21,25b,ZZZ5,0,120,0,500,Unknown,Unknown,,Unknown,Unknown,Unknown,Unknown,Unknown,Unknown,Unknown
UBLM01,31,8a,06,0,120,0,2000,DA,Sales,0.0,DA,Sales Rep,Unknown,Gauteng E - Alberton/Benoni/Kempton,Gauteng,Unknown,Unknown
UBLM02,4,1b,03,0,120,0,1000,BJ,Sales,0.5,BJ,Sales Rep,Unknown,Pretoria North/South/West,Gauteng,Unknown,Unknown
UBLSOC,6,21a,CONS5,0,30,0,999999,CONSIGNMENTS HO,Gross Profit,0.5,CONSIGNMENT,Channel: Consignment,Unknown,Unknown,Unknown,Advertising Appro,Internal: Advertising
UBOG01,21,25b,ZZZ5,0,120,0,0,Unknown,Unknown,,Unknown,Unknown,Unknown,Unknown,Unknown,Unknown,Unknown
UBOG02,21,25b,ZZZ5,0,120,0,0,Unknown,Unknown,,Unknown,Unknown,Unknown,Unknown,Unknown,Unknown,Unknown
UBOM01,40,6b,04,0,120,0,3000,BM,Sales,0.5,BM,Sales Rep,Unknown,West Cape,Western Cape,Unknown,Unknown
UBOM02,40,6b,04,0,120,0,3000,BM,Sales,0.5,BM,Sales Rep,Unknown,West Cape,Western Cape,Unknown,Unknown
UBOM03,40,6b,04C,0,120,0,3000,BM CONSIGNMENT SALES ACC,Sales,0.5,BM,Sales Rep,Unknown,West Cape,Western Cape,Unknown,Unknown
UBOMC1,5,20a,ZZZ5,0,30,0,999999,Unknown,Unknown,,Unknown,Unknown,Unknown,Unknown,Unknown,Consignment,Channel: Consignment
UBOR01,39,6a,02,0,120,0,15000,R,Sales,0.5,R,Sales Rep,Unknown,East Cape,Eastern Cape,Unknown,Unknown
UBRW01,2,1a,03,0,120,0,3000,BJ,Sales,0.5,BJ,Sales Rep,Unknown,Pretoria Central,Gauteng,Unknown,Unknown
UDRI01,21,25b,ZZZ5,0,120,0,1000,Unknown,Unknown,,Unknown,Unknown,Unknown,Unknown,Unknown,Unknown,Unknown
UDRMOC,5,20a,CONS,0,30,0,999999,CONSIGNMENTS HEAD OFFICE,Gross Profit,0.5,CONSIGNMENT,Channel: Consignment,Unknown,Unknown,Unknown,Consignment,Channel: Consignment
UEQI01,16,1c,03,0,120,0,999999,BJ,Sales,0.5,BJ,Sales Rep,Unknown,Pretoria East,Gauteng,Unknown,Unknown
UFAL01,21,25b,ZZZ5,0,120,0,15000,Unknown,Unknown,,Unknown,Unknown,Unknown,Unknown,Unknown,Unknown,Unknown
UFALOC,21,25b,ZZZ5,0,120,0,999999,Unknown,Unknown,,Unknown,Unknown,Unknown,Unknown,Unknown,Unknown,Unknown
UFOR01,21,25b,ZZZ5,0,120,0,500,Unknown,Unknown,,Unknown,Unknown,Unknown,Unknown,Unknown,Unknown,Unknown
UFOR02,21,25b,ZZZ5,0,120,0,3000,Unknown,Unknown,,Unknown,Unknown,Unknown,Unknown,Unknown,Unknown,Unknown
UFOR03,21,25b,ZZZ5,0,120,0,1000,Unknown,Unknown,,Unknown,Unknown,Unknown,Unknown,Unknown,Unknown,Unknown
UFOR04,30,7a,05C,0,120,0,2500,RL CONSIGNMENT SALES ACC,Sales,0.5,RL,Sales Rep,Unknown,Gauteng N - Sandton,Gauteng,Unknown,Unknown
UFORC1,5,20a,CONS2,0,30,0,999999,CONSIGNMENTS DE,Gross Profit,0.5,CONSIGNMENT,Channel: Consignment,Unknown,Unknown,Unknown,Consignment,Channel: Consignment
UFOROC,21,25b,ZZZ5,0,120,0,999999,Unknown,Unknown,,Unknown,Unknown,Unknown,Unknown,Unknown,Unknown,Unknown
UGLC01,31,8a,06,0,120,0,5000,DA,Sales,0.0,DA,Sales Rep,Unknown,Gauteng E - Alberton/Benoni/Kempton,Gauteng,Unknown,Unknown
UGON01,21,25b,ZZZ5,0,120,0,500,Unknown,Unknown,,Unknown,Unknown,Unknown,Unknown,Unknown,Unknown,Unknown
UGON02,41,10a,02,0,120,0,500,R,Sales,0.5,R,Sales Rep,Unknown,Durban,KwaZulu-Natal,Unknown,Unknown
UGOW01,19,4b,06,0,120,0,7500,DA,Sales,0.0,DA,Sales Rep,Unknown,Nelspruit / Tzaneen,Mpumalanga,Unknown,Unknown
UHOS01,32,7b,05,0,120,0,5000,RL,Sales,0.5,RL,Sales Rep,Unknown,Gauteng N - Randburg/Rivonia,Gauteng,Unknown,Unknown
UICS01,21,25b,ZZZ1,0,120,0,5000,Unknown,Unknown,,Unknown,Unknown,Unknown,Unknown,Unknown,Unknown,Unknown
UIDT01,39,6a,02,0,120,0,5500,R,Sales,0.5,R,Sales Rep,Unknown,East Cape,Eastern Cape,Unknown,Unknown
UJOB01,21,25b,ZZZ5,0,120,0,3000,Unknown,Unknown,,Unknown,Unknown,Unknown,Unknown,Unknown,Unknown,Unknown
UKLG01,21,25b,04,0,120,0,5000,BM,Sales,0.5,BM,Sales Rep,Unknown,Unknown,Unknown,Unknown,Unknown
UKRG01,21,25b,ZZZ5,0,120,0,4000,Unknown,Unknown,,Unknown,Unknown,Unknown,Unknown,Unknown,Unknown,Unknown
UKRG02,21,25b,ZZZ5,0,120,0,3000,Unknown,Unknown,,Unknown,Unknown,Unknown,Unknown,Unknown,Unknown,Unknown
UKRG03,31,8a,06,0,120,0,1000,DA,Sales,0.0,DA,Sales Rep,Unknown,Gauteng E - Alberton/Benoni/Kempton,Gauteng,Unknown,Unknown
UKRI01,46,2b,05,0,120,0,3000,RL,Sales,0.5,RL,Sales Rep,Unknown,Krugersdorp / Sun City,North West,Unknown,Unknown
UKRS01,21,25b,ZZZ5,0,120,0,3000,Unknown,Unknown,,Unknown,Unknown,Unknown,Unknown,Unknown,Unknown,Unknown
ULAD01,46,2b,03,0,120,0,999999,BJ,Sales,0.5,BJ,Sales Rep,Unknown,Krugersdorp / Sun City,North West,Unknown,Unknown
ULADC1,5,20a,CONS3,0,120,0,999999,CONSIGNMENTS BJ,Gross Profit,0.5,CONSIGNMENT,Channel: Consignment,Unknown,Unknown,Unknown,Consignment,Channel: Consignment
UMBL01,39,6a,04,0,120,0,3000,BM,Sales,0.5,BM,Sales Rep,Unknown,East Cape,Eastern Cape,Unknown,Unknown
UMFN01,28,5b,06,0,60,0,999999,DA,Sales,0.0,DA,Sales Rep,Unknown,Unknown,Unknown,Botswana trip excl Exports,Channel: Export
UMKZ01,21,25b,ZZZ5,0,120,0,2500,Unknown,Unknown,,Unknown,Unknown,Unknown,Unknown,Unknown,Unknown,Unknown
UMNK01,2,1a,03,0,120,0,2000,BJ,Sales,0.5,BJ,Sales Rep,Unknown,Pretoria Central,Gauteng,Unknown,Unknown
UMNKC1,5,20a,CON3S,0,120,0,999999,CONSIGNMENT BJ/STAND,Gross Profit,0.5,CONSIGNMENT,Channel: Consignment,Unknown,Unknown,Unknown,Consignment,Channel: Consignment
UMOT01,25,11b,06C,0,120,0,5000,DA CONSIGNMENT,Sales,0.5,DA,Sales Rep,Unknown,Ermelo / Piet Retief,Mpumalanga,Unknown,Unknown
UMOTC1,5,20a,CONS6,0,120,0,999999,CONSIGNMENTS DA,Gross Profit,0.5,CONSIGNMENT,Channel: Consignment,Unknown,Unknown,Unknown,Consignment,Channel: Consignment
UMTB01,41,10a,02,0,120,0,3000,R,Sales,0.5,R,Sales Rep,Unknown,Durban,KwaZulu-Natal,Unknown,Unknown
UNAD01,49,10a,02,0,30,0,3000,R,Sales,0.5,R,Sales Rep,Unknown,Durban,KwaZulu-Natal,Unknown,Unknown
UNET01,30,7a,05,0,120,0,15000,RL,Sales,0.5,RL,Sales Rep,Unknown,Gauteng N - Sandton,Gauteng,Unknown,Unknown
UNET02,21,25b,ZZZ5,0,120,0,15000,Unknown,Unknown,,Unknown,Unknown,Unknown,Unknown,Unknown,Unknown,Unknown
UNETC1,5,20a,CON5S,0,120,0,999999,CONSIGNMENT HO/STAND,Gross Profit,0.5,CONSIGNMENT,Channel: Consignment,Unknown,Unknown,Unknown,Consignment,Channel: Consignment
UNETOC,5,20a,CONS5,0,30,0,999999,CONSIGNMENTS HO,Gross Profit,0.5,CONSIGNMENT,Channel: Consignment,Unknown,Unknown,Unknown,Consignment,Channel: Consignment
UNXM01,20,25a,ZZZ2,0,120,0,0,Unknown,Unknown,,Unknown,Unknown,Unknown,Unknown,Unknown,Unknown,Unknown
UNXM02,25,11b,06,0,120,0,2500,DA,Sales,0.0,DA,Sales Rep,Unknown,Ermelo / Piet Retief,Mpumalanga,Unknown,Unknown
UPHN01,40,6b,04,0,120,0,999999,BM,Sales,0.5,BM,Sales Rep,Unknown,West Cape,Western Cape,Unknown,Unknown
UPOL01,21,25b,ZZZ5,0,120,0,1000,Unknown,Unknown,,Unknown,Unknown,Unknown,Unknown,Unknown,Unknown,Unknown
URAB01,39,6a,02,0,120,0,2500,R,Sales,0.5,R,Sales Rep,Unknown,East Cape,Eastern Cape,Unknown,Unknown
URAF01,20,25a,CITC,0,120,0,2000,C-  ITC,Sales,0.5,Unknown,Unclassified_Missing_Data,Unknown,Unknown,Unknown,Unknown,Unknown
URAF02,20,25a,CITC,0,120,0,2000,C-  ITC,Sales,0.5,Unknown,Unclassified_Missing_Data,Unknown,Unknown,Unknown,Unknown,Unknown
UROX01,45,2a,06,0,120,0,2500,DA,Sales,0.0,DA,Sales Rep,Unknown,Vaal Triangle,Gauteng,Unknown,Unknown
UROX02,16,1c,03,0,120,0,3000,BJ,Sales,0.5,BJ,Sales Rep,Unknown,Pretoria East,Gauteng,Unknown,Unknown
USON01,21,25b,ZZZ5,0,120,0,5000,Unknown,Unknown,,Unknown,Unknown,Unknown,Unknown,Unknown,Unknown,Unknown
USOT01,43,3a,06,0,120,0,3000,DA,Sales,0.0,DA,Sales Rep,Unknown,Soweto/Lenasia,Gauteng,Unknown,Unknown
USOT02,21,25b,ZZZ1,0,120,5,2000,Unknown,Unknown,,Unknown,Unknown,Unknown,Unknown,Unknown,Unknown,Unknown
USOT03,41,10a,02,0,120,0,2000,R,Sales,0.5,R,Sales Rep,Unknown,Durban,KwaZulu-Natal,Unknown,Unknown
USOT05,21,25b,ZZZ5,0,120,0,3000,Unknown,Unknown,,Unknown,Unknown,Unknown,Unknown,Unknown,Unknown,Unknown
USOT06,21,25b,ZZZ5,0,120,0,500,Unknown,Unknown,,Unknown,Unknown,Unknown,Unknown,Unknown,Unknown,Unknown
USOT07,41,10a,02C,0,120,0,2000,R CONSIGNMENT SALES ACC,Sales,0.5,R,Sales Rep,Unknown,Durban,KwaZulu-Natal,Unknown,Unknown
USOT08,41,10a,02,0,120,0,1500,R,Sales,0.5,R,Sales Rep,Unknown,Durban,KwaZulu-Natal,Unknown,Unknown
USOTC1,5,20a,CONS2,0,120,0,999999,CONSIGNMENTS DE,Gross Profit,0.5,CONSIGNMENT,Channel: Consignment,Unknown,Unknown,Unknown,Consignment,Channel: Consignment
USTT01,4,1b,01,0,120,0,999999,HEAD OFFICE,Sales,0.0,HEAD OFFICE,Internal Sales,Unknown,Pretoria North/South/West,Gauteng,Unknown,Unknown
USTT02,4,1b,01,0,30,12,999999,HEAD OFFICE,Sales,0.0,HEAD OFFICE,Internal Sales,Unknown,Pretoria North/South/West,Gauteng,Unknown,Unknown
UTAN01,2,1a,03,0,120,0,2000,BJ,Sales,0.5,BJ,Sales Rep,Unknown,Pretoria Central,Gauteng,Unknown,Unknown
UTAN02,49,10a,02,0,120,0,2000,R,Sales,0.5,R,Sales Rep,Unknown,Durban,KwaZulu-Natal,Unknown,Unknown
UTREOC,5,20a,CONS,0,30,0,999999,CONSIGNMENTS HEAD OFFICE,Gross Profit,0.5,CONSIGNMENT,Channel: Consignment,Unknown,Unknown,Unknown,Consignment,Channel: Consignment
UTRM01,21,25b,ZZZ5,0,120,0,1500,Unknown,Unknown,,Unknown,Unknown,Unknown,Unknown,Unknown,Unknown,Unknown
UTSE01,14,3b,06,0,120,0,0,DA,Sales,0.0,DA,Sales Rep,Unknown,Johannesburg CBD,Gauteng,Unknown,Unknown
UYOR01,29,5a,06,0,120,0,999999,DA,Sales,0.0,DA,Sales Rep,Unknown,Botswana and Exports,Export,Exports incl Botswana,Channel: Export
UYOR02,29,5a,06,0,60,0,999999,DA,Sales,0.0,DA,Sales Rep,Unknown,Botswana and Exports,Export,Exports incl Botswana,Channel: Export
UYORC1,5,20a,CON6S,0,60,0,999999,CONSIGNMENT DA/STAND,Gross Profit,0.5,CONSIGNMENT,Channel: Consignment,Unknown,Unknown,Unknown,Consignment,Channel: Consignment
UZDM00,21,25b,ZZZ5,0,30,0,999999,Unknown,Unknown,,Unknown,Unknown,Unknown,Unknown,Unknown,Unknown,Unknown
VADE02,21,25b,ZZZ5,0,120,0,999999,Unknown,Unknown,,Unknown,Unknown,Unknown,Unknown,Unknown,Unknown,Unknown
VCAE01,41,10a,02,0,120,0,1000,R,Sales,0.5,R,Sales Rep,Unknown,Durban,KwaZulu-Natal,Unknown,Unknown
VDAE01,21,25b,ZZZ5,0,120,0,4000,Unknown,Unknown,,Unknown,Unknown,Unknown,Unknown,Unknown,Unknown,Unknown
VDAE02,31,8a,06,0,120,0,0,DA,Sales,0.0,DA,Sales Rep,Unknown,Gauteng E - Alberton/Benoni/Kempton,Gauteng,Unknown,Unknown
VDAEOC,21,25b,ZZZ5,0,30,0,999999,Unknown,Unknown,,Unknown,Unknown,Unknown,Unknown,Unknown,Unknown,Unknown
VDAI01,21,25b,ZZZ5,0,120,5,1000,Unknown,Unknown,,Unknown,Unknown,Unknown,Unknown,Unknown,Unknown,Unknown
VDAI02,30,7a,05,0,120,0,4000,RL,Sales,0.5,RL,Sales Rep,Unknown,Gauteng N - Sandton,Gauteng,Unknown,Unknown
VDAI03,39,6a,04,0,120,5,4000,BM,Sales,0.5,BM,Sales Rep,Unknown,East Cape,Eastern Cape,Unknown,Unknown
VDEI01,21,25b,ZZZ5,0,120,0,3000,Unknown,Unknown,,Unknown,Unknown,Unknown,Unknown,Unknown,Unknown,Unknown
VDEO01,49,10a,02,0,120,0,2000,R,Sales,0.5,R,Sales Rep,Unknown,Durban,KwaZulu-Natal,Unknown,Unknown
VDER01,28,5b,06,0,120,0,20000,DA,Sales,0.0,DA,Sales Rep,Unknown,Unknown,Unknown,Botswana trip excl Exports,Channel: Export
VDEROC,5,20a,CON7S,0,120,0,999999,Consignment LA / Stand,Sales,0.5,CONSIGNMENT,Channel: Consignment,Unknown,Unknown,Unknown,Consignment,Channel: Consignment
VDII01,30,7a,05,0,120,0,2000,RL,Sales,0.5,RL,Sales Rep,Unknown,Gauteng N - Sandton,Gauteng,Unknown,Unknown
VGOE01,20,25a,ZZZ4,0,120,0,500,Unknown,Unknown,,Unknown,Unknown,Unknown,Unknown,Unknown,Unknown,Unknown
VGOE02,40,6b,04C,0,120,0,4000,BM CONSIGNMENT SALES ACC,Sales,0.5,BM,Sales Rep,Unknown,West Cape,Western Cape,Unknown,Unknown
VGOE03,21,25b,ZZZ5,0,120,0,0,Unknown,Unknown,,Unknown,Unknown,Unknown,Unknown,Unknown,Unknown,Unknown
VGOE04,49,10a,02,0,120,0,7500,R,Sales,0.5,R,Sales Rep,Unknown,Durban,KwaZulu-Natal,Unknown,Unknown
VGOE06,41,10a,02,0,120,0,1500,R,Sales,0.5,R,Sales Rep,Unknown,Durban,KwaZulu-Natal,Unknown,Unknown
VGOE07,41,10a,02,0,120,0,2000,R,Sales,0.5,R,Sales Rep,Unknown,Durban,KwaZulu-Natal,Unknown,Unknown
VGOEC1,5,20a,CONS4,0,30,0,999999,CONSIGNMENTS BM,Gross Profit,0.5,CONSIGNMENT,Channel: Consignment,Unknown,Unknown,Unknown,Consignment,Channel: Consignment
VGOEC2,5,20a,CONS2,0,30,0,999999,CONSIGNMENTS DE,Gross Profit,0.5,CONSIGNMENT,Channel: Consignment,Unknown,Unknown,Unknown,Consignment,Channel: Consignment
VGOEOC,21,25b,ZZZ5,0,120,0,999999,Unknown,Unknown,,Unknown,Unknown,Unknown,Unknown,Unknown,Unknown,Unknown
VGOI02,41,10a,02,0,120,0,500,R,Sales,0.5,R,Sales Rep,Unknown,Durban,KwaZulu-Natal,Unknown,Unknown
VINE01,21,25b,ZZZ,0,120,0,500,Unknown,Unknown,,Unknown,Unknown,Unknown,Unknown,Unknown,Unknown,Unknown
VIRI01,39,6a,04,0,120,0,15000,BM,Sales,0.5,BM,Sales Rep,Unknown,East Cape,Eastern Cape,Unknown,Unknown
VLEI02,30,7a,05C,0,120,0,5000,RL CONSIGNMENT SALES ACC,Sales,0.5,RL,Sales Rep,Unknown,Gauteng N - Sandton,Gauteng,Unknown,Unknown
VLEI03,30,7a,05,0,120,0,10000,RL,Sales,0.5,RL,Sales Rep,Unknown,Gauteng N - Sandton,Gauteng,Unknown,Unknown
VLEI04,21,25b,ZZZ5,0,120,0,200,Unknown,Unknown,,Unknown,Unknown,Unknown,Unknown,Unknown,Unknown,Unknown
VLEI05,21,25b,ZZZ5,0,30,0,30000,Unknown,Unknown,,Unknown,Unknown,Unknown,Unknown,Unknown,Unknown,Unknown
VLEI06,21,25b,ZZZ5,0,120,0,20000,Unknown,Unknown,,Unknown,Unknown,Unknown,Unknown,Unknown,Unknown,Unknown
VLEIC1,5,20a,CONS5,0,30,0,999999,CONSIGNMENTS HO,Gross Profit,0.5,CONSIGNMENT,Channel: Consignment,Unknown,Unknown,Unknown,Consignment,Channel: Consignment
VLEIOC,21,25b,ZZZ5,0,30,0,999999,Unknown,Unknown,,Unknown,Unknown,Unknown,Unknown,Unknown,Unknown,Unknown
VLEY01,46,2b,05,0,120,0,7500,RL,Sales,0.5,RL,Sales Rep,Unknown,Krugersdorp / Sun City,North West,Unknown,Unknown
VLEYC1,5,20a,CONS5,0,30,0,999999,CONSIGNMENTS HO,Gross Profit,0.5,CONSIGNMENT,Channel: Consignment,Unknown,Unknown,Unknown,Consignment,Channel: Consignment
VLEYOC,21,25b,ZZZ5,0,120,0,999999,Unknown,Unknown,,Unknown,Unknown,Unknown,Unknown,Unknown,Unknown,Unknown
VRIO01,32,7b,05C,0,120,0,3000,RL CONSIGNMENT SALES ACC,Sales,0.5,RL,Sales Rep,Unknown,Gauteng N - Randburg/Rivonia,Gauteng,Unknown,Unknown
VRIO02,21,25b,ZZZ5,0,120,0,2000,Unknown,Unknown,,Unknown,Unknown,Unknown,Unknown,Unknown,Unknown,Unknown
VRIOC1,5,20a,CONS5,0,30,0,999999,CONSIGNMENTS HO,Gross Profit,0.5,CONSIGNMENT,Channel: Consignment,Unknown,Unknown,Unknown,Consignment,Channel: Consignment
VRIOC2,5,20a,CON2S,0,120,0,999999,CONSIGNMENT DE/STAND,Gross Profit,0.5,CONSIGNMENT,Channel: Consignment,Unknown,Unknown,Unknown,Consignment,Channel: Consignment
VRIOOC,21,25b,ZZZ5,0,120,0,999999,Unknown,Unknown,,Unknown,Unknown,Unknown,Unknown,Unknown,Unknown,Unknown
VSAA01,20,25a,ZZZ4,0,120,0,1500,Unknown,Unknown,,Unknown,Unknown,Unknown,Unknown,Unknown,Unknown,Unknown
VSAI01,21,25b,ZZZ5,0,120,0,1500,Unknown,Unknown,,Unknown,Unknown,Unknown,Unknown,Unknown,Unknown,Unknown
VSAV01,37,11a,03,0,120,0,999999,BJ,Sales,0.5,BJ,Sales Rep,Unknown,Free State / Lesotho,Free State,Unknown,Unknown
WCEA01,25,11b,02,0,120,0,5000,R,Sales,0.5,R,Sales Rep,Unknown,Ermelo / Piet Retief,Mpumalanga,Unknown,Unknown
WCOA01,40,6b,04C,0,120,0,3000,BM CONSIGNMENT SALES ACC,Sales,0.5,BM,Sales Rep,Unknown,West Cape,Western Cape,Unknown,Unknown
WCOAC1,21,25b,ZZZ5,0,30,0,999999,Unknown,Unknown,,Unknown,Unknown,Unknown,Unknown,Unknown,Unknown,Unknown
WCOAOC,21,25b,ZZZ5,0,120,0,999999,Unknown,Unknown,,Unknown,Unknown,Unknown,Unknown,Unknown,Unknown,Unknown
WDAJ01,21,25b,ZZZ5,0,120,0,1000,Unknown,Unknown,,Unknown,Unknown,Unknown,Unknown,Unknown,Unknown,Unknown
WDEI01,30,7a,05,0,120,0,2000,RL,Sales,0.5,RL,Sales Rep,Unknown,Gauteng N - Sandton,Gauteng,Unknown,Unknown
WDEI02,39,6a,04,0,120,0,20000,BM,Sales,0.5,BM,Sales Rep,Unknown,East Cape,Eastern Cape,Unknown,Unknown
WDEI03,21,25b,ZZZ5,0,120,0,0,Unknown,Unknown,,Unknown,Unknown,Unknown,Unknown,Unknown,Unknown,Unknown
WDOL01,21,25b,ZZZ3,0,120,0,0,Unknown,Unknown,,Unknown,Unknown,Unknown,Unknown,Unknown,Unknown,Unknown
WGOA01,18,4a,07,0,120,0,500,LA,Sales,0.0,LA,Sales Rep,Unknown,Pietersburg / Potgietersrus,Limpopo,Unknown,Unknown
WHES01,21,25b,ZZZ5,0,120,0,1000,Unknown,Unknown,,Unknown,Unknown,Unknown,Unknown,Unknown,Unknown,Unknown
WHOE01,40,6b,04C,0,120,0,5000,BM CONSIGNMENT SALES ACC,Sales,0.5,BM,Sales Rep,Unknown,West Cape,Western Cape,Unknown,Unknown
WHOEC1,5,20a,ZZZ5,0,30,0,999999,Unknown,Unknown,,Unknown,Unknown,Unknown,Unknown,Unknown,Consignment,Channel: Consignment
WHOEOC,21,25b,ZZZ5,0,120,0,999999,Unknown,Unknown,,Unknown,Unknown,Unknown,Unknown,Unknown,Unknown,Unknown
WKHE01,19,4b,03,0,120,0,10000,BJ,Sales,0.5,BJ,Sales Rep,Unknown,Nelspruit / Tzaneen,Mpumalanga,Unknown,Unknown
WLAR01,20,25a,ZZZ3,0,120,0,10000,Unknown,Unknown,,Unknown,Unknown,Unknown,Unknown,Unknown,Unknown,Unknown
WLAR02,21,25b,ZZZ5,0,120,0,20000,Unknown,Unknown,,Unknown,Unknown,Unknown,Unknown,Unknown,Unknown,Unknown
WLAR03,25,11b,02,0,120,0,5000,R,Sales,0.5,R,Sales Rep,Unknown,Ermelo / Piet Retief,Mpumalanga,Unknown,Unknown
WLAROC,21,25b,ZZZ5,0,120,0,999999,Unknown,Unknown,,Unknown,Unknown,Unknown,Unknown,Unknown,Unknown,Unknown
WLEI01,49,10a,02,0,120,0,6000,R,Sales,0.5,R,Sales Rep,Unknown,Durban,KwaZulu-Natal,Unknown,Unknown
WLOE01,4,1b,03,0,120,0,2000,BJ,Sales,0.5,BJ,Sales Rep,Unknown,Pretoria North/South/West,Gauteng,Unknown,Unknown
WMAE01,32,7b,05,0,120,0,2000,RL,Sales,0.5,RL,Sales Rep,Unknown,Gauteng N - Randburg/Rivonia,Gauteng,Unknown,Unknown
WNEB01,40,6b,04,0,120,0,1000,BM,Sales,0.5,BM,Sales Rep,Unknown,West Cape,Western Cape,Unknown,Unknown
WNEC01,43,3a,06,0,30,0,2500,DA,Sales,0.0,DA,Sales Rep,Unknown,Soweto/Lenasia,Gauteng,Unknown,Unknown
WNECON,5,20a,CONS,0,30,0,999999,CONSIGNMENTS HEAD OFFICE,Gross Profit,0.5,CONSIGNMENT,Channel: Consignment,Unknown,Unknown,Unknown,Consignment,Channel: Consignment
WNED01,11,21c,STOCK,0,120,0,999999,Unknown,Unknown,,Unknown,Unknown,Unknown,Unknown,Unknown,stock movemnt shipments/backup,Internal: Stock Movement
WNED02,11,21c,STOCK,0,120,0,999999,Unknown,Unknown,,Unknown,Unknown,Unknown,Unknown,Unknown,stock movemnt shipments/backup,Internal: Stock Movement
WNED03,11,21c,CONS,0,120,0,999999,CONSIGNMENTS HEAD OFFICE,Gross Profit,0.5,CONSIGNMENT,Channel: Consignment,Unknown,Unknown,Unknown,stock movemnt shipments/backup,Internal: Stock Movement
WNEG01,13,9a,STOCK,0,120,0,999999,Unknown,Unknown,,Unknown,Unknown,Unknown,Unknown,Unknown,sale goods,Channel: Retail
WNEG02,13,9a,STOCK,0,120,0,999999,Unknown,Unknown,,Unknown,Unknown,Unknown,Unknown,Unknown,sale goods,Channel: Retail
WNEJ01,12,21b,STOCK,0,120,0,999999,Unknown,Unknown,,Unknown,Unknown,Unknown,Unknown,Unknown,samples,Internal: Sample
WNEL01,30,7a,STOCK,0,120,0,0,Unknown,Unknown,,Unknown,Unknown,Unknown,Gauteng N - Sandton,Gauteng,Unknown,Unknown
WNEL02,21,25b,ZZZ5,0,120,0,500,Unknown,Unknown,,Unknown,Unknown,Unknown,Unknown,Unknown,Unknown,Unknown
WNEL03,14,3b,06,0,120,0,0,DA,Sales,0.0,DA,Sales Rep,Unknown,Johannesburg CBD,Gauteng,Unknown,Unknown
WNELBS,11,21c,CONS,0,120,0,999999,CONSIGNMENTS HEAD OFFICE,Gross Profit,0.5,CONSIGNMENT,Channel: Consignment,Unknown,Unknown,Unknown,stock movemnt shipments/backup,Internal: Stock Movement
WNELOR,13,9a,STOCK,0,120,0,999999,Unknown,Unknown,,Unknown,Unknown,Unknown,Unknown,Unknown,sale goods,Channel: Retail
WNER01,5,20a,CONS,0,120,0,999999,CONSIGNMENTS HEAD OFFICE,Gross Profit,0.5,CONSIGNMENT,Channel: Consignment,Unknown,Unknown,Unknown,Consignment,Channel: Consignment
WNER02,5,20a,CONS,0,120,0,999999,CONSIGNMENTS HEAD OFFICE,Gross Profit,0.5,CONSIGNMENT,Channel: Consignment,Unknown,Unknown,Unknown,Consignment,Channel: Consignment
WNER03,5,20a,CONS,0,120,0,999999,CONSIGNMENTS HEAD OFFICE,Gross Profit,0.5,CONSIGNMENT,Channel: Consignment,Unknown,Unknown,Unknown,Consignment,Channel: Consignment
WNES01,12,21b,SAMPL,0,120,0,999999,Unknown,Unknown,,Unknown,Unknown,Unknown,Unknown,Unknown,samples,Internal: Sample
WNES02,11,21c,STOCK,0,30,0,999999,Unknown,Unknown,,Unknown,Unknown,Unknown,Unknown,Unknown,stock movemnt shipments/backup,Internal: Stock Movement
WNES03,11,21c,STOCK,0,120,0,999999,Unknown,Unknown,,Unknown,Unknown,Unknown,Unknown,Unknown,stock movemnt shipments/backup,Internal: Stock Movement
WNES04,11,21c,STOCK,0,120,0,999999,Unknown,Unknown,,Unknown,Unknown,Unknown,Unknown,Unknown,stock movemnt shipments/backup,Internal: Stock Movement
WNES06,11,21c,STOCK,0,120,0,999999999,Unknown,Unknown,,Unknown,Unknown,Unknown,Unknown,Unknown,stock movemnt shipments/backup,Internal: Stock Movement
WNES07,11,21c,STOCK,0,120,0,999999,Unknown,Unknown,,Unknown,Unknown,Unknown,Unknown,Unknown,stock movemnt shipments/backup,Internal: Stock Movement
WNES08,11,21c,STOCK,0,120,0,999999,Unknown,Unknown,,Unknown,Unknown,Unknown,Unknown,Unknown,stock movemnt shipments/backup,Internal: Stock Movement
WNES09,11,21c,STOCK,0,120,0,999999,Unknown,Unknown,,Unknown,Unknown,Unknown,Unknown,Unknown,stock movemnt shipments/backup,Internal: Stock Movement
WNES10,11,21c,STOCK,0,120,0,999999,Unknown,Unknown,,Unknown,Unknown,Unknown,Unknown,Unknown,stock movemnt shipments/backup,Internal: Stock Movement
WNES11,11,21c,STOCK,0,120,0,999999,Unknown,Unknown,,Unknown,Unknown,Unknown,Unknown,Unknown,stock movemnt shipments/backup,Internal: Stock Movement
WNES12,11,21c,STOCK,0,120,0,999999,Unknown,Unknown,,Unknown,Unknown,Unknown,Unknown,Unknown,stock movemnt shipments/backup,Internal: Stock Movement
WNES13,11,21c,STOCK,0,30,0,999999,Unknown,Unknown,,Unknown,Unknown,Unknown,Unknown,Unknown,stock movemnt shipments/backup,Internal: Stock Movement
WNES14,11,21c,STOCK,0,30,0,999999,Unknown,Unknown,,Unknown,Unknown,Unknown,Unknown,Unknown,stock movemnt shipments/backup,Internal: Stock Movement
WNES15,11,21c,STOCK,0,120,0,999999,Unknown,Unknown,,Unknown,Unknown,Unknown,Unknown,Unknown,stock movemnt shipments/backup,Internal: Stock Movement
WNES16,11,21c,STOCK,0,120,0,999999,Unknown,Unknown,,Unknown,Unknown,Unknown,Unknown,Unknown,stock movemnt shipments/backup,Internal: Stock Movement
WNES17,11,21c,STOCK,0,120,0,999999,Unknown,Unknown,,Unknown,Unknown,Unknown,Unknown,Unknown,stock movemnt shipments/backup,Internal: Stock Movement
WNES18,11,21c,STOCK,0,120,0,999999,Unknown,Unknown,,Unknown,Unknown,Unknown,Unknown,Unknown,stock movemnt shipments/backup,Internal: Stock Movement
WNES19,13,9a,SALE,0,120,0,999999,Unknown,Unknown,,Unknown,Unknown,Unknown,Unknown,Unknown,sale goods,Channel: Retail
WNES20,11,21c,STOCK,0,120,0,999999,Unknown,Unknown,,Unknown,Unknown,Unknown,Unknown,Unknown,stock movemnt shipments/backup,Internal: Stock Movement
WNES21,11,21c,STOCK,0,120,0,999999,Unknown,Unknown,,Unknown,Unknown,Unknown,Unknown,Unknown,stock movemnt shipments/backup,Internal: Stock Movement
WNES22,13,9a,SALE,0,60,0,999999,Unknown,Unknown,,Unknown,Unknown,Unknown,Unknown,Unknown,sale goods,Channel: Retail
WNESAM,12,21b,SAMPL,0,30,0,999999,Unknown,Unknown,,Unknown,Unknown,Unknown,Unknown,Unknown,samples,Internal: Sample
WNESO5,11,21c,STOCK,0,120,0,999999,Unknown,Unknown,,Unknown,Unknown,Unknown,Unknown,Unknown,stock movemnt shipments/backup,Internal: Stock Movement
WNESS1,13,9a,SALE,0,120,0,999999,Unknown,Unknown,,Unknown,Unknown,Unknown,Unknown,Unknown,sale goods,Channel: Retail
WNESS2,13,9a,01,0,30,0,999999,HEAD OFFICE,Sales,0.0,HEAD OFFICE,Internal Sales,Unknown,Unknown,Unknown,sale goods,Channel: Retail
WNEV01,31,8a,06,0,120,0,3000,DA,Sales,0.0,DA,Sales Rep,Unknown,Gauteng E - Alberton/Benoni/Kempton,Gauteng,Unknown,Unknown
WNEW01,33,1d,03,0,120,0,4000,BJ,Sales,0.5,BJ,Sales Rep,Unknown,Pretoria,Gauteng,Unknown,Unknown
WNKA01,31,8a,06,0,120,0,5000,DA,Sales,0.0,DA,Sales Rep,Unknown,Gauteng E - Alberton/Benoni/Kempton,Gauteng,Unknown,Unknown
WPOE01,32,7b,05,0,120,0,2000,RL,Sales,0.5,RL,Sales Rep,Unknown,Gauteng N - Randburg/Rivonia,Gauteng,Unknown,Unknown
XDUM01,20,25a,CITC,0,120,0,99999,C-  ITC,Sales,0.5,Unknown,Unclassified_Missing_Data,Unknown,Unknown,Unknown,Unknown,Unknown
XFOD01,21,25b,ZZZ5,0,120,5,4000,Unknown,Unknown,,Unknown,Unknown,Unknown,Unknown,Unknown,Unknown,Unknown
XFOY01,30,7a,05,0,120,0,999999,RL,Sales,0.5,RL,Sales Rep,Unknown,Gauteng N - Sandton,Gauteng,Unknown,Unknown
XFOYC1,5,20a,CONS5,0,120,0,999999,CONSIGNMENTS HO,Gross Profit,0.5,CONSIGNMENT,Channel: Consignment,Unknown,Unknown,Unknown,Consignment,Channel: Consignment
XFOYC2,5,20a,CONS5,0,120,0,999999,CONSIGNMENTS HO,Gross Profit,0.5,CONSIGNMENT,Channel: Consignment,Unknown,Unknown,Unknown,Consignment,Channel: Consignment
XFOYC3,21,25b,ZZZ5,0,120,0,999999,Unknown,Unknown,,Unknown,Unknown,Unknown,Unknown,Unknown,Unknown,Unknown
XFOYC4,5,20a,CONS,0,120,0,999999,CONSIGNMENTS HEAD OFFICE,Gross Profit,0.5,CONSIGNMENT,Channel: Consignment,Unknown,Unknown,Unknown,Consignment,Channel: Consignment
XLOT01,21,25b,ZZZ5,0,120,0,3000,Unknown,Unknown,,Unknown,Unknown,Unknown,Unknown,Unknown,Unknown,Unknown
XLUA01,21,25b,ZZZ5,0,120,0,2000,Unknown,Unknown,,Unknown,Unknown,Unknown,Unknown,Unknown,Unknown,Unknown
XTAI01,45,2a,06,0,120,0,5000,DA,Sales,0.0,DA,Sales Rep,Unknown,Vaal Triangle,Gauteng,Unknown,Unknown
YBAO02,20,25a,CITC,0,120,0,3000,C-  ITC,Sales,0.5,Unknown,Unclassified_Missing_Data,Unknown,Unknown,Unknown,Unknown,Unknown
YBIE01,41,10a,02,0,120,0,5000,R,Sales,0.5,R,Sales Rep,Unknown,Durban,KwaZulu-Natal,Unknown,Unknown
YBOS01,21,25b,ZZZ5,0,120,0,999999,Unknown,Unknown,,Unknown,Unknown,Unknown,Unknown,Unknown,Unknown,Unknown
YBRA01,21,25b,ZZZ5,0,120,0,3000,Unknown,Unknown,,Unknown,Unknown,Unknown,Unknown,Unknown,Unknown,Unknown
YBUS01,21,25b,ZZZ5,0,120,0,999999,Unknown,Unknown,,Unknown,Unknown,Unknown,Unknown,Unknown,Unknown,Unknown
YBUS02,21,25b,ZZZ5,0,120,0,5000,Unknown,Unknown,,Unknown,Unknown,Unknown,Unknown,Unknown,Unknown,Unknown
YBUS03,21,25b,ZZZ5,0,120,0,5000,Unknown,Unknown,,Unknown,Unknown,Unknown,Unknown,Unknown,Unknown,Unknown
YBUS04,21,25b,ZZZ5,0,120,0,5000,Unknown,Unknown,,Unknown,Unknown,Unknown,Unknown,Unknown,Unknown,Unknown
YBUS05,21,25b,ZZZ5,0,120,0,5000,Unknown,Unknown,,Unknown,Unknown,Unknown,Unknown,Unknown,Unknown,Unknown
YBUS06,21,25b,ZZZ5,0,30,0,999999,Unknown,Unknown,,Unknown,Unknown,Unknown,Unknown,Unknown,Unknown,Unknown
YBUS07,21,25b,ZZZ5,0,120,0,5000,Unknown,Unknown,,Unknown,Unknown,Unknown,Unknown,Unknown,Unknown,Unknown
YBUS08,21,25b,ZZZ5,0,120,0,10000,Unknown,Unknown,,Unknown,Unknown,Unknown,Unknown,Unknown,Unknown,Unknown
YBUS09,21,25b,ZZZ5,0,120,0,5000,Unknown,Unknown,,Unknown,Unknown,Unknown,Unknown,Unknown,Unknown,Unknown
YCRS01,21,25b,ZZZ1,0,120,0,999999,Unknown,Unknown,,Unknown,Unknown,Unknown,Unknown,Unknown,Unknown,Unknown
YCRS02,31,8a,06,0,30,0,5000,DA,Sales,0.0,DA,Sales Rep,Unknown,Gauteng E - Alberton/Benoni/Kempton,Gauteng,Unknown,Unknown
YDES01,37,11a,03,0,120,0,15000,BJ,Sales,0.5,BJ,Sales Rep,Unknown,Free State / Lesotho,Free State,Unknown,Unknown
YDRO01,19,4b,03,0,120,0,7500,BJ,Sales,0.5,BJ,Sales Rep,Unknown,Nelspruit / Tzaneen,Mpumalanga,Unknown,Unknown
YHAA01,21,25b,ZZZ5,0,120,0,7500,Unknown,Unknown,,Unknown,Unknown,Unknown,Unknown,Unknown,Unknown,Unknown
YHAE01,21,25b,ZZZ5,0,120,5,1000,Unknown,Unknown,,Unknown,Unknown,Unknown,Unknown,Unknown,Unknown,Unknown
YKAE01,46,2b,05,0,120,0,4000,RL,Sales,0.5,RL,Sales Rep,Unknown,Krugersdorp / Sun City,North West,Unknown,Unknown
YKAE02,43,3a,05,0,120,0,5000,RL,Sales,0.5,RL,Sales Rep,Unknown,Soweto/Lenasia,Gauteng,Unknown,Unknown
YKAE03,30,7a,05,0,120,0,3000,RL,Sales,0.5,RL,Sales Rep,Unknown,Gauteng N - Sandton,Gauteng,Unknown,Unknown
YKAE04,21,25b,ZZZ5,0,120,0,3000,Unknown,Unknown,,Unknown,Unknown,Unknown,Unknown,Unknown,Unknown,Unknown
YKNS01,39,6a,04,0,120,0,6000,BM,Sales,0.5,BM,Sales Rep,Unknown,East Cape,Eastern Cape,Unknown,Unknown
YLAC01,39,6a,02,0,120,0,2000,R,Sales,0.5,R,Sales Rep,Unknown,East Cape,Eastern Cape,Unknown,Unknown
YMAA01,41,10a,02,0,120,0,5000,R,Sales,0.5,R,Sales Rep,Unknown,Durban,KwaZulu-Natal,Unknown,Unknown
YMAA02,21,25b,ZZZ5,0,120,0,4000,Unknown,Unknown,,Unknown,Unknown,Unknown,Unknown,Unknown,Unknown,Unknown
YMAA03,41,10a,02,0,120,0,8000,R,Sales,0.5,R,Sales Rep,Unknown,Durban,KwaZulu-Natal,Unknown,Unknown
YMAF02,36,7c,05,0,120,0,1000,RL,Sales,0.5,RL,Sales Rep,Unknown,Gauteng N - Eastgate/Norwood/Midrand,Gauteng,Unknown,Unknown
YMAFC0,21,25b,ZZZ5,0,120,0,999999,Unknown,Unknown,,Unknown,Unknown,Unknown,Unknown,Unknown,Unknown,Unknown
YMAO01,46,2b,05,0,120,0,2000,RL,Sales,0.5,RL,Sales Rep,Unknown,Krugersdorp / Sun City,North West,Unknown,Unknown
YMEE01,31,8a,06,0,120,0,2000,DA,Sales,0.0,DA,Sales Rep,Unknown,Gauteng E - Alberton/Benoni/Kempton,Gauteng,Unknown,Unknown
YMEE02,2,1a,03,0,120,0,4000,BJ,Sales,0.5,BJ,Sales Rep,Unknown,Pretoria Central,Gauteng,Unknown,Unknown
YMEE04,29,5a,01EXP,0,120,0,4000,EXPORTS,Gross Profit,0.5,EXPORTS,Channel: Export,Unknown,Botswana and Exports,Export,Exports incl Botswana,Channel: Export
YMEE05,30,7a,05,0,120,0,30000,RL,Sales,0.5,RL,Sales Rep,Unknown,Gauteng N - Sandton,Gauteng,Unknown,Unknown
YMEE07,46,2b,03,0,120,0,10000,BJ,Sales,0.5,BJ,Sales Rep,Unknown,Krugersdorp / Sun City,North West,Unknown,Unknown
YMEE08,20,25a,ZZZ,0,120,0,7500,Unknown,Unknown,,Unknown,Unknown,Unknown,Unknown,Unknown,Unknown,Unknown
YMEEC1,5,20a,STAND,0,120,0,999999,STAND-60PC CONSIGNMENT,Gross Profit,0.0,CONSIGNMENT_STANDS,Channel: Consignment,Unknown,Unknown,Unknown,Consignment,Channel: Consignment
YMEEO3,47,2c,06,0,120,0,4000,DA,Sales,0.0,DA,Sales Rep,Unknown,Potch / Krugersdorp / Kuruman,North West,Unknown,Unknown
YMEEO6,32,7b,05C,0,120,0,4000,RL CONSIGNMENT SALES ACC,Sales,0.5,RL,Sales Rep,Unknown,Gauteng N - Randburg/Rivonia,Gauteng,Unknown,Unknown
YMEEOC,21,25b,ZZZ5,0,120,0,999999,Unknown,Unknown,,Unknown,Unknown,Unknown,Unknown,Unknown,Unknown,Unknown
YMEESA,5,20a,ZZZ5,0,30,0,999999,Unknown,Unknown,,Unknown,Unknown,Unknown,Unknown,Unknown,Consignment,Channel: Consignment
YNAA01,41,10a,02,0,120,0,3000,R,Sales,0.5,R,Sales Rep,Unknown,Durban,KwaZulu-Natal,Unknown,Unknown
YRAA01,20,25a,ZZZ2,0,120,0,1000,Unknown,Unknown,,Unknown,Unknown,Unknown,Unknown,Unknown,Unknown,Unknown
YRAN01,39,6a,04,0,120,0,3000,BM,Sales,0.5,BM,Sales Rep,Unknown,East Cape,Eastern Cape,Unknown,Unknown
YREN01,40,6b,04,0,120,0,1000,BM,Sales,0.5,BM,Sales Rep,Unknown,West Cape,Western Cape,Unknown,Unknown
YREN02,21,25b,ZZZ5,0,120,0,4000,Unknown,Unknown,,Unknown,Unknown,Unknown,Unknown,Unknown,Unknown,Unknown
YREN03,33,1d,03C,0,30,0,2000,BJ CONSIGNMENTS,Sales,0.5,BJ,Sales Rep,Unknown,Pretoria,Gauteng,Unknown,Unknown
YRENC1,5,20a,CONS3,0,120,0,999999,CONSIGNMENTS BJ,Gross Profit,0.5,CONSIGNMENT,Channel: Consignment,Unknown,Unknown,Unknown,Consignment,Channel: Consignment
YROA01,12,21b,SAMPL,0,30,0,500000000,Unknown,Unknown,,Unknown,Unknown,Unknown,Unknown,Unknown,samples,Internal: Sample
YROA02,12,21b,SAMPL,0,30,0,999999,Unknown,Unknown,,Unknown,Unknown,Unknown,Unknown,Unknown,samples,Internal: Sample
YROA11,12,21b,SAMPL,0,120,0,999999,Unknown,Unknown,,Unknown,Unknown,Unknown,Unknown,Unknown,samples,Internal: Sample
YROA12,12,21b,SAMPL,0,120,0,999999,Unknown,Unknown,,Unknown,Unknown,Unknown,Unknown,Unknown,samples,Internal: Sample
YROA13,12,21b,CONS,0,120,0,999999,CONSIGNMENTS HEAD OFFICE,Gross Profit,0.5,CONSIGNMENT,Channel: Consignment,Unknown,Unknown,Unknown,samples,Internal: Sample
YROA14,13,9a,SAMPL,0,30,0,999999,Unknown,Unknown,,Unknown,Unknown,Unknown,Unknown,Unknown,sale goods,Channel: Retail
YROAL1,12,21b,SAMPL,0,30,0,999999,Unknown,Unknown,,Unknown,Unknown,Unknown,Unknown,Unknown,samples,Internal: Sample
YROAL2,12,21b,SAMPL,0,30,0,999999,Unknown,Unknown,,Unknown,Unknown,Unknown,Unknown,Unknown,samples,Internal: Sample
YROAL3,12,21b,SAMPL,0,30,0,999999,Unknown,Unknown,,Unknown,Unknown,Unknown,Unknown,Unknown,samples,Internal: Sample
YROAL4,12,21b,SAMPL,0,30,0,999999,Unknown,Unknown,,Unknown,Unknown,Unknown,Unknown,Unknown,samples,Internal: Sample
YROAL5,12,21b,SAMPL,0,30,0,999999,Unknown,Unknown,,Unknown,Unknown,Unknown,Unknown,Unknown,samples,Internal: Sample
YROAL6,12,21b,SAMPL,0,30,0,999999,Unknown,Unknown,,Unknown,Unknown,Unknown,Unknown,Unknown,samples,Internal: Sample
YROAL7,13,9a,SAMPL,0,30,0,999999,Unknown,Unknown,,Unknown,Unknown,Unknown,Unknown,Unknown,sale goods,Channel: Retail
YROAL8,12,21b,SAMPL,0,120,0,999999,Unknown,Unknown,,Unknown,Unknown,Unknown,Unknown,Unknown,samples,Internal: Sample
YROAL9,12,21b,SAMPL,0,120,0,999999,Unknown,Unknown,,Unknown,Unknown,Unknown,Unknown,Unknown,samples,Internal: Sample
YROALV,12,21b,SAMPL,0,120,0,999999,Unknown,Unknown,,Unknown,Unknown,Unknown,Unknown,Unknown,samples,Internal: Sample
YROMPB,13,9a,CONS,0,120,0,999999,CONSIGNMENTS HEAD OFFICE,Gross Profit,0.5,CONSIGNMENT,Channel: Consignment,Unknown,Unknown,Unknown,sale goods,Channel: Retail
YRUS01,25,11b,06,0,120,0,4000,DA,Sales,0.0,DA,Sales Rep,Unknown,Ermelo / Piet Retief,Mpumalanga,Unknown,Unknown
YSTL01,20,25a,ZZZP,0,120,0,10000,Unknown,Unknown,,Unknown,Unknown,Unknown,Unknown,Unknown,Unknown,Unknown
YSTL02,41,10a,02,0,120,0,2000,R,Sales,0.5,R,Sales Rep,Unknown,Durban,KwaZulu-Natal,Unknown,Unknown
YSTL03,41,10a,02,0,120,0,2000,R,Sales,0.5,R,Sales Rep,Unknown,Durban,KwaZulu-Natal,Unknown,Unknown
YSTL04,21,25b,ZZZ5,0,120,0,10000,Unknown,Unknown,,Unknown,Unknown,Unknown,Unknown,Unknown,Unknown,Unknown
YSTLC1,5,20a,CONS2,0,30,0,999999,CONSIGNMENTS DE,Gross Profit,0.5,CONSIGNMENT,Channel: Consignment,Unknown,Unknown,Unknown,Consignment,Channel: Consignment
YSTLC2,5,20a,CONS2,0,120,0,999999,CONSIGNMENTS DE,Gross Profit,0.5,CONSIGNMENT,Channel: Consignment,Unknown,Unknown,Unknown,Consignment,Channel: Consignment
YSTLOC,21,25b,ZZZ5,0,30,0,999999,Unknown,Unknown,,Unknown,Unknown,Unknown,Unknown,Unknown,Unknown,Unknown
YTAL03,34,1e,03,0,120,0,5000,BJ,Sales,0.5,BJ,Sales Rep,Unknown,Witbank/Middelburg,Mpumalanga,Unknown,Unknown
ZBOE01,4,1b,01,0,120,0,999999,HEAD OFFICE,Sales,0.0,HEAD OFFICE,Internal Sales,Unknown,Pretoria North/South/West,Gauteng,Unknown,Unknown
ZDEI01,32,7b,05,0,120,0,10000,RL,Sales,0.5,RL,Sales Rep,Unknown,Gauteng N - Randburg/Rivonia,Gauteng,Unknown,Unknown
ZDOE01,30,7a,05,0,120,0,10000,RL,Sales,0.5,RL,Sales Rep,Unknown,Gauteng N - Sandton,Gauteng,Unknown,Unknown
ZDOE02,21,25b,ZZZ5,0,120,0,999999,Unknown,Unknown,,Unknown,Unknown,Unknown,Unknown,Unknown,Unknown,Unknown
ZHAY01,21,25b,ZZZ5,0,120,5,4000,Unknown,Unknown,,Unknown,Unknown,Unknown,Unknown,Unknown,Unknown,Unknown
ZHAY02,19,4b,03,0,120,0,2000,BJ,Sales,0.5,BJ,Sales Rep,Unknown,Nelspruit / Tzaneen,Mpumalanga,Unknown,Unknown
ZMAU01,37,11a,03,0,120,0,0,BJ,Sales,0.5,BJ,Sales Rep,Unknown,Free State / Lesotho,Free State,Unknown,Unknown
ZNAE01,46,2b,05,0,120,0,30000,RL,Sales,0.5,RL,Sales Rep,Unknown,Krugersdorp / Sun City,North West,Unknown,Unknown
ZNAEOC,5,20a,STAND,0,120,0,999999,STAND-60PC CONSIGNMENT,Gross Profit,0.0,CONSIGNMENT_STANDS,Channel: Consignment,Unknown,Unknown,Unknown,Consignment,Channel: Consignment
ZNAO01,43,3a,06,0,120,0,2500,DA,Sales,0.0,DA,Sales Rep,Unknown,Soweto/Lenasia,Gauteng,Unknown,Unknown
